{"type":"FeatureCollection","features":[{"type":"Feature","properties":{"date":"2026-08-04","source_file":"1.gpx","dist_m":228966,"vert_up_m":1023,"vert_down_m":1024,"points":511},"geometry":{"type":"LineString","coordinates":[[-122.499405,37.955208,13.0],[-122.500316,37.956845,13.0],[-122.501856,37.960906,14.2],[-122.504883,37.960587,14.8],[-122.507763,37.957389,16.0],[-122.507304,37.955317,16.0],[-122.50769,37.955772,21.8],[-122.507634,37.953638,25.8],[-122.510607,37.950391,28.4],[-122.513238,37.946368,21.2],[-122.514508,37.943742,16.4],[-122.515896,37.939526,11.2],[-122.516303,37.936918,11.2],[-122.517491,37.935244,15.2],[-122.518222,37.933041,10.6],[-122.518841,37.928649,10.0],[-122.518826,37.925298,9.0],[-122.516692,37.924096,12.0],[-122.513769,37.922223,22.4],[-122.513173,37.920255,37.0],[-122.51403,37.917763,46.0],[-122.514237,37.914853,52.6],[-122.513047,37.912025,45.4],[-122.514395,37.908748,46.6],[-122.51848,37.907687,28.8],[-122.525161,37.907419,11.8],[-122.526411,37.904034,11.4],[-122.526756,37.900841,6.0],[-122.526199,37.896974,4.0],[-122.525542,37.89281,5.0],[-122.524825,37.888529,4.2],[-122.521531,37.884692,3.8],[-122.517288,37.881444,3.0],[-122.513217,37.878317,3.8],[-122.508581,37.874741,3.6],[-122.505753,37.872727,4.6],[-122.503168,37.869156,7.8],[-122.499833,37.865743,11.0],[-122.496914,37.863247,23.0],[-122.490832,37.861655,14.0],[-122.484575,37.858952,10.2],[-122.479978,37.856441,11.6],[-122.479027,37.851763,9.6],[-122.479806,37.850255,11.2],[-122.480865,37.847754,20.6],[-122.478599,37.846616,33.6],[-122.478204,37.844008,41.0],[-122.477981,37.842126,55.0],[-122.47822,37.840213,66.8],[-122.482927,37.839038,63.6],[-122.483143,37.836985,77.2],[-122.483917,37.835219,89.0],[-122.480831,37.832698,79.8],[-122.47948,37.828336,74.4],[-122.479133,37.825018,80.8],[-122.478588,37.820732,84.8],[-122.478077,37.816444,82.6],[-122.477703,37.813193,77.4],[-122.477148,37.809131,68.8],[-122.476013,37.808584,52.6],[-122.472958,37.806869,47.2],[-122.475411,37.805619,61.4],[-122.4758,37.803883,77.6],[-122.477183,37.801996,90.0],[-122.478915,37.79851,85.6],[-122.481115,37.792414,36.2],[-122.483355,37.787995,27.6],[-122.485355,37.787102,42.0],[-122.485157,37.784752,52.2],[-122.484863,37.780591,54.2],[-122.487835,37.780077,61.4],[-122.490804,37.779966,72.8],[-122.493885,37.7798,83.8],[-122.49723,37.779716,93.8],[-122.502083,37.779619,93.6],[-122.508453,37.780069,74.8],[-122.513691,37.778257,29.4],[-122.511372,37.774021,12.8],[-122.511345,37.77101,15.0],[-122.511383,37.770971,14.2],[-122.512074,37.77103,15.6],[-122.512852,37.771069,15.4],[-122.513379,37.771015,15.2],[-122.513587,37.771049,14.2],[-122.512859,37.771017,15.6],[-122.512206,37.770981,17.0],[-122.511463,37.770954,18.4],[-122.511292,37.771169,22.2],[-122.509662,37.77231,25.0],[-122.509663,37.772306,25.0],[-122.509804,37.772278,24.4],[-122.509802,37.773016,24.6],[-122.506031,37.773417,36.6],[-122.502138,37.773628,47.8],[-122.49854,37.773791,59.4],[-122.49319,37.774027,66.4],[-122.487241,37.774315,69.0],[-122.486702,37.77698,77.6],[-122.487083,37.782718,60.0],[-122.48518,37.786237,56.6],[-122.481383,37.791113,37.6],[-122.48037,37.794255,49.8],[-122.479648,37.795879,65.0],[-122.478637,37.797177,80.2],[-122.478515,37.799091,94.2],[-122.47671,37.802293,98.0],[-122.473741,37.807106,62.0],[-122.476151,37.807965,69.4],[-122.477379,37.810561,82.0],[-122.47776,37.813877,88.8],[-122.47812,37.817074,92.4],[-122.47855,37.820596,92.8],[-122.478993,37.824754,89.2],[-122.479458,37.828419,80.2],[-122.480253,37.83195,83.8],[-122.480883,37.832795,87.4],[-122.483316,37.834126,91.4],[-122.483008,37.838615,75.2],[-122.477572,37.841438,65.4],[-122.480799,37.847122,29.8],[-122.479799,37.850042,14.8],[-122.479162,37.855356,12.8],[-122.483007,37.858467,12.0],[-122.488183,37.860687,11.6],[-122.492904,37.861942,17.8],[-122.496871,37.863398,25.0],[-122.501084,37.867165,13.6],[-122.504286,37.871643,13.4],[-122.508774,37.8749,10.2],[-122.51279,37.877965,10.0],[-122.516357,37.880775,9.2],[-122.520531,37.883949,8.6],[-122.524126,37.886909,10.4],[-122.525285,37.891426,10.0],[-122.52599,37.895889,9.2],[-122.526699,37.900088,9.4],[-122.526627,37.900714,9.6],[-122.526962,37.902817,15.8],[-122.52708,37.903201,20.0],[-122.527412,37.905128,33.2],[-122.528825,37.906951,46.0],[-122.528378,37.908684,59.4],[-122.527654,37.91059,70.4],[-122.527077,37.912459,82.2],[-122.52643,37.914463,93.4],[-122.525652,37.916386,105.0],[-122.530186,37.919641,71.6],[-122.529615,37.923937,42.2],[-122.529323,37.926479,25.6],[-122.531158,37.928462,26.4],[-122.53178,37.933242,22.8],[-122.525629,37.934241,15.2],[-122.519294,37.934861,12.6],[-122.518723,37.934902,12.8],[-122.517617,37.935057,15.4],[-122.515791,37.936134,14.0],[-122.515713,37.939889,14.2],[-122.51451,37.94361,20.6],[-122.509558,37.946363,13.0],[-122.505519,37.944162,11.6],[-122.501304,37.942577,13.0],[-122.497942,37.943,23.2],[-122.494888,37.945213,34.2],[-122.491801,37.946239,21.6],[-122.493693,37.946246,33.6],[-122.488128,37.945252,9.6],[-122.483636,37.945224,15.4],[-122.480072,37.943775,9.6],[-122.480392,37.944125,9.2],[-122.48027,37.943974,9.2],[-122.386301,37.928563,4.2],[-122.38426,37.926043,4.6],[-122.381752,37.927133,2.8],[-122.378207,37.930759,2.2],[-122.374682,37.934102,3.2],[-122.371539,37.937582,5.8],[-122.368276,37.94152,6.0],[-122.365084,37.944826,8.0],[-122.364105,37.948324,8.0],[-122.363473,37.952055,9.8],[-122.361196,37.954758,10.8],[-122.357001,37.954756,14.8],[-122.356571,37.959644,13.8],[-122.354022,37.964871,13.6],[-122.348305,37.967376,14.2],[-122.344601,37.968801,16.6],[-122.342876,37.972933,19.4],[-122.342292,37.974947,33.8],[-122.340471,37.97557,50.6],[-122.337984,37.975791,64.2],[-122.335378,37.976835,77.4],[-122.333133,37.978142,77.0],[-122.328498,37.978094,67.6],[-122.324545,37.979505,76.4],[-122.322279,37.982972,62.6],[-122.318532,37.984884,75.2],[-122.31617,37.986671,87.0],[-122.311785,37.987135,91.4],[-122.305106,37.991183,77.8],[-122.300903,37.99131,78.8],[-122.302219,37.995071,80.0],[-122.29981,37.999913,75.4],[-122.297929,38.004171,44.6],[-122.290456,38.005663,21.4],[-122.28766,38.007479,27.0],[-122.285621,38.00862,41.6],[-122.281562,38.010758,38.4],[-122.273577,38.01289,29.2],[-122.272312,38.016323,25.0],[-122.272194,38.018934,40.2],[-122.271211,38.021239,54.0],[-122.267112,38.025401,42.0],[-122.266381,38.030465,23.0],[-122.267355,38.034582,21.4],[-122.26605,38.038834,21.8],[-122.260807,38.042045,21.6],[-122.257819,38.0458,28.8],[-122.256964,38.048123,40.8],[-122.253333,38.049385,41.4],[-122.246841,38.049659,34.0],[-122.244607,38.050616,49.6],[-122.242445,38.051158,64.0],[-122.241165,38.052624,76.8],[-122.241592,38.054423,89.6],[-122.237869,38.055255,90.2],[-122.230472,38.055065,63.8],[-122.227128,38.054529,57.2],[-122.226173,38.056546,67.0],[-122.226338,38.059499,72.2],[-122.226601,38.063353,74.0],[-122.227339,38.068266,62.6],[-122.229865,38.073055,49.4],[-122.233722,38.076967,33.6],[-122.23381,38.078116,28.8],[-122.234787,38.08228,19.8],[-122.233842,38.08514,27.0],[-122.230365,38.085457,37.2],[-122.228474,38.08853,38.0],[-122.228444,38.088961,36.6],[-122.227897,38.094096,32.6],[-122.228538,38.096595,42.4],[-122.228474,38.100332,29.6],[-122.22818,38.105038,23.2],[-122.228218,38.105975,24.4],[-122.22818,38.110011,28.4],[-122.229477,38.113541,37.6],[-122.229442,38.115673,54.6],[-122.229446,38.120191,52.2],[-122.22857,38.121696,69.0],[-122.226437,38.123204,50.2],[-122.228104,38.125389,49.8],[-122.224942,38.130673,47.2],[-122.223082,38.13335,44.8],[-122.218183,38.135316,53.4],[-122.215736,38.135479,63.4],[-122.213989,38.135777,66.2],[-122.213913,38.137785,58.8],[-122.216272,38.137858,55.8],[-122.218663,38.139046,66.4],[-122.217997,38.140675,83.0],[-122.21677,38.142543,95.6],[-122.21616,38.145294,105.8],[-122.21608,38.147144,122.2],[-122.216194,38.149042,135.0],[-122.215942,38.150891,147.2],[-122.215,38.152867,159.6],[-122.211386,38.159336,125.8],[-122.208675,38.162905,138.4],[-122.206734,38.164507,153.0],[-122.203045,38.166934,154.8],[-122.198159,38.169821,150.0],[-122.191623,38.175652,129.8],[-122.185203,38.180861,117.2],[-122.17774,38.185667,98.6],[-122.170911,38.188267,101.6],[-122.166636,38.192658,104.0],[-122.159432,38.199217,71.2],[-122.152728,38.199057,48.2],[-122.147549,38.200251,38.2],[-122.140041,38.203377,33.0],[-122.138405,38.207634,31.0],[-122.138382,38.212122,31.4],[-122.138429,38.215937,40.0],[-122.139577,38.219753,26.6],[-122.134096,38.222041,25.0],[-122.132212,38.226255,26.2],[-122.127909,38.227116,29.4],[-122.121733,38.22873,31.0],[-122.11561,38.231714,31.4],[-122.109783,38.234645,30.8],[-122.102286,38.236612,31.2],[-122.095298,38.240306,34.4],[-122.090378,38.243633,37.6],[-122.08763,38.243025,41.0],[-122.083949,38.24404,34.0],[-122.078475,38.246415,33.6],[-122.073011,38.248762,32.0],[-122.070914,38.249665,33.2],[-122.070566,38.249888,33.0],[-122.066582,38.25156,33.8],[-122.062314,38.253534,34.6],[-122.057821,38.255402,34.8],[-122.052885,38.257754,33.8],[-122.050262,38.258053,34.4],[-122.044205,38.258162,34.8],[-122.040747,38.258279,35.2],[-122.040425,38.262205,41.2],[-122.035276,38.264123,42.2],[-122.035294,38.263386,43.2],[-122.034313,38.264276,45.8],[-122.034001,38.265816,45.4],[-122.028481,38.268163,46.6],[-122.024356,38.26937,46.6],[-122.018885,38.271757,47.8],[-122.013326,38.271652,47.8],[-122.007184,38.271192,47.2],[-122.006412,38.272445,48.2],[-122.006447,38.276637,52.0],[-122.002999,38.279257,51.6],[-121.997301,38.281792,50.4],[-121.997165,38.285796,56.2],[-121.991795,38.287106,53.6],[-121.984688,38.287025,53.6],[-121.977862,38.287006,53.6],[-121.971456,38.286755,55.8],[-121.968245,38.286723,58.4],[-121.962795,38.288539,60.6],[-121.957256,38.291891,63.0],[-121.952603,38.296627,62.2],[-121.949275,38.301925,63.4],[-121.946531,38.306535,64.8],[-121.943512,38.311648,70.2],[-121.941746,38.317127,67.2],[-121.935966,38.321559,65.6],[-121.933811,38.327163,66.6],[-121.93383,38.332908,66.0],[-121.932183,38.336851,66.8],[-121.925705,38.337019,65.8],[-121.919404,38.337181,60.8],[-121.915405,38.338871,58.4],[-121.914556,38.344093,60.2],[-121.91044,38.348283,59.0],[-121.905709,38.35164,57.4],[-121.899133,38.351574,53.4],[-121.896881,38.354637,54.6],[-121.896881,38.360185,55.6],[-121.896812,38.364627,58.0],[-121.896848,38.364521,58.0],[-121.896909,38.361271,56.4],[-121.894793,38.358849,54.2],[-121.888467,38.358822,51.0],[-121.881883,38.358814,52.4],[-121.875262,38.358788,49.4],[-121.868594,38.358766,49.4],[-121.862096,38.358727,49.4],[-121.85551,38.3587,49.0],[-121.849002,38.358682,48.8],[-121.846739,38.358666,46.2],[-121.841552,38.358812,42.8],[-121.841446,38.363785,45.8],[-121.841415,38.368976,48.4],[-121.841366,38.37419,48.8],[-121.841332,38.379189,50.4],[-121.841309,38.384396,51.6],[-121.84127,38.389316,52.2],[-121.841293,38.394364,51.0],[-121.841301,38.399467,51.8],[-121.841289,38.404626,53.6],[-121.84127,38.409671,53.8],[-121.841217,38.414678,55.0],[-121.841202,38.419639,56.0],[-121.841156,38.424647,56.8],[-121.83989,38.429134,56.2],[-121.83604,38.433638,56.0],[-121.832099,38.43798,56.0],[-121.828348,38.442196,57.0],[-121.826286,38.445948,57.2],[-121.826523,38.445797,57.8],[-121.826152,38.449754,58.6],[-121.823072,38.453897,59.4],[-121.822316,38.458226,60.4],[-121.822289,38.463276,62.4],[-121.820284,38.467213,62.6],[-121.814048,38.467178,61.6],[-121.80806,38.467117,60.0],[-121.803922,38.468777,60.0],[-121.803879,38.474187,60.2],[-121.803886,38.479846,61.4],[-121.803854,38.485488,62.4],[-121.801653,38.489969,63.2],[-121.797358,38.493828,62.0],[-121.792413,38.496002,62.4],[-121.787046,38.495972,58.2],[-121.781143,38.495884,57.6],[-121.775467,38.495832,52.8],[-121.769688,38.495744,53.6],[-121.764014,38.495599,52.0],[-121.759684,38.496653,52.2],[-121.759537,38.501654,52.6],[-121.757114,38.504947,49.8],[-121.757072,38.509496,51.2],[-121.757045,38.514242,52.2],[-121.756989,38.518765,55.0],[-121.756912,38.52398,53.4],[-121.756816,38.529033,55.0],[-121.7537,38.53237,56.6],[-121.748696,38.533803,55.0],[-121.747573,38.536692,55.4],[-121.744627,38.539611,55.8],[-121.74376,38.540628,54.8],[-121.74099,38.541878,53.2],[-121.740969,38.541886,52.8],[-121.738164,38.544217,52.8],[-121.735778,38.545507,52.0],[-121.731266,38.545283,51.8],[-121.72543,38.546654,52.2],[-121.719417,38.54806,52.2],[-121.713809,38.549333,51.6],[-121.708104,38.55063,51.8],[-121.702487,38.551897,51.0],[-121.697315,38.553972,49.8],[-121.694282,38.556465,50.0],[-121.690146,38.555154,50.0],[-121.684597,38.555962,48.8],[-121.679142,38.557178,47.4],[-121.674554,38.55778,45.0],[-121.669036,38.558931,42.2],[-121.663481,38.560012,44.0],[-121.658062,38.561234,40.4],[-121.652649,38.562429,41.4],[-121.647231,38.563631,40.6],[-121.641735,38.564802,39.6],[-121.638359,38.564456,43.2],[-121.634838,38.56428,44.0],[-121.630975,38.564987,43.4],[-121.626262,38.565865,40.8],[-121.620861,38.566828,39.6],[-121.615529,38.567778,39.8],[-121.610093,38.568712,41.6],[-121.604713,38.569677,40.8],[-121.599318,38.570656,42.2],[-121.593601,38.57168,42.4],[-121.587924,38.572691,41.2],[-121.582342,38.573742,41.2],[-121.576758,38.576059,36.4],[-121.574009,38.576021,37.4],[-121.569048,38.577618,37.8],[-121.563481,38.578315,37.8],[-121.557835,38.578631,37.4],[-121.552134,38.578952,38.0],[-121.548898,38.579128,38.4],[-121.548322,38.578953,39.2],[-121.544478,38.579398,39.2],[-121.538722,38.57974,39.6],[-121.533283,38.580097,38.8],[-121.530048,38.580271,39.6],[-121.526255,38.580647,40.0],[-121.519695,38.582086,40.0],[-121.518295,38.58129,39.6],[-121.514352,38.581926,44.0],[-121.509843,38.580914,49.6],[-121.505058,38.580846,47.2],[-121.505798,38.583623,47.6],[-121.504904,38.587077,45.6],[-121.505484,38.591493,47.0],[-121.506762,38.595914,48.0],[-121.506003,38.599388,50.2],[-121.506175,38.60125,43.4],[-121.50267,38.603499,41.6],[-121.497541,38.60458,39.8],[-121.492696,38.604279,39.2],[-121.490456,38.607732,38.8],[-121.484806,38.607214,39.2],[-121.479356,38.60559,41.0],[-121.474848,38.604158,40.2],[-121.473093,38.601459,41.6],[-121.470052,38.598687,39.2],[-121.466409,38.595404,38.8],[-121.461048,38.594514,37.2],[-121.455728,38.59605,42.2],[-121.450462,38.596012,42.6],[-121.448287,38.592822,43.0],[-121.446246,38.589551,42.6],[-121.442551,38.586471,43.4],[-121.440512,38.585862,42.2],[-121.436253,38.584145,40.6],[-121.430939,38.58358,41.2],[-121.425479,38.584283,41.2],[-121.421658,38.584783,41.8],[-121.41798,38.581638,40.2],[-121.418876,38.577456,40.6],[-121.420303,38.573594,41.2],[-121.421439,38.570184,40.8],[-121.421394,38.566578,41.2],[-121.419631,38.563257,41.6],[-121.416354,38.561092,40.8],[-121.410958,38.560694,40.4],[-121.409822,38.561337,44.2],[-121.407341,38.561099,39.2],[-121.402315,38.562651,40.0],[-121.399435,38.563233,39.0],[-121.394996,38.564359,39.8],[-121.39031,38.566139,41.0],[-121.385358,38.568016,41.0],[-121.383206,38.567448,40.8],[-121.379664,38.568554,42.8],[-121.376509,38.568899,42.2],[-121.372466,38.569522,41.4],[-121.369127,38.569176,41.6],[-121.365761,38.570997,41.4],[-121.365987,38.570759,41.2]]}},{"type":"Feature","properties":{"date":"2026-08-05","source_file":"2.gpx","dist_m":170139,"vert_up_m":2479,"vert_down_m":844,"points":554},"geometry":{"type":"LineString","coordinates":[[-121.365738,38.570786,17.2],[-121.363734,38.571682,17.4],[-121.362459,38.572555,20.8],[-121.357876,38.574285,20.6],[-121.353641,38.576767,22.2],[-121.348497,38.577913,21.8],[-121.344524,38.580788,23.0],[-121.339999,38.582227,20.6],[-121.335209,38.583554,18.8],[-121.334706,38.587305,24.2],[-121.332941,38.59122,24.6],[-121.329304,38.593789,27.4],[-121.324973,38.590592,21.0],[-121.322131,38.592391,24.0],[-121.322848,38.596816,23.8],[-121.320477,38.600406,25.0],[-121.315764,38.601437,27.0],[-121.312374,38.604753,27.0],[-121.307942,38.60746,27.4],[-121.304288,38.610817,27.0],[-121.302196,38.614766,28.4],[-121.30457,38.618635,28.2],[-121.301057,38.621838,28.6],[-121.297037,38.623849,31.6],[-121.292166,38.623419,32.0],[-121.289391,38.620921,34.0],[-121.284418,38.620015,32.8],[-121.28119,38.622819,31.6],[-121.277083,38.624136,32.6],[-121.274711,38.627518,33.2],[-121.270169,38.629475,33.0],[-121.268755,38.632332,32.4],[-121.26802,38.633432,33.2],[-121.263506,38.636077,30.6],[-121.258085,38.637103,31.2],[-121.253171,38.636464,32.0],[-121.250513,38.63473,38.4],[-121.246029,38.632647,34.4],[-121.241843,38.631974,37.6],[-121.236268,38.631727,39.0],[-121.231213,38.632137,43.0],[-121.2263,38.632488,44.8],[-121.22378,38.632834,42.0],[-121.222049,38.633376,49.2],[-121.221855,38.633632,50.0],[-121.220185,38.633729,52.2],[-121.216208,38.633612,52.6],[-121.212637,38.634536,50.4],[-121.208298,38.636415,49.0],[-121.205082,38.638108,48.8],[-121.201491,38.640259,52.0],[-121.197612,38.641533,57.4],[-121.194618,38.643768,61.8],[-121.190147,38.645778,60.8],[-121.188844,38.648501,51.8],[-121.189494,38.65058,51.6],[-121.190717,38.654232,51.4],[-121.189328,38.658205,52.2],[-121.187883,38.66231,53.6],[-121.187419,38.666734,48.6],[-121.187818,38.671114,49.0],[-121.186308,38.675329,46.8],[-121.183161,38.67678,55.6],[-121.181076,38.677095,65.4],[-121.178679,38.677675,69.2],[-121.176089,38.679315,72.0],[-121.174975,38.681115,68.4],[-121.173481,38.684161,68.4],[-121.170109,38.686769,70.6],[-121.169831,38.68903,81.4],[-121.171354,38.690523,91.6],[-121.172137,38.693056,102.2],[-121.17152,38.695831,106.2],[-121.1701,38.698792,113.0],[-121.168435,38.701835,111.6],[-121.16539,38.704865,112.6],[-121.164415,38.704415,117.4],[-121.158927,38.703222,115.2],[-121.156072,38.703091,126.2],[-121.153391,38.702913,137.2],[-121.150937,38.702562,146.8],[-121.148511,38.702165,157.6],[-121.146894,38.701549,161.0],[-121.144307,38.699559,163.6],[-121.143755,38.695457,151.4],[-121.142596,38.693588,146.6],[-121.140944,38.692139,151.4],[-121.13672,38.691802,154.2],[-121.13085,38.691593,149.8],[-121.124527,38.691271,138.8],[-121.12041,38.690131,128.8],[-121.118084,38.690199,128.0],[-121.117315,38.689976,128.0],[-121.120645,38.689304,128.0],[-121.122821,38.68834,128.2],[-121.12278,38.689149,129.8],[-121.122738,38.689326,130.0],[-121.123148,38.690655,134.4],[-121.120093,38.694097,134.2],[-121.115468,38.698606,127.2],[-121.110725,38.700261,131.2],[-121.107541,38.701028,141.6],[-121.106034,38.701483,144.2],[-121.10297,38.703426,153.0],[-121.100849,38.704888,162.0],[-121.098734,38.706398,171.4],[-121.095078,38.70829,171.0],[-121.089901,38.708937,175.8],[-121.087816,38.709117,187.8],[-121.085899,38.7093,199.8],[-121.085451,38.709367,204.2],[-121.08269,38.709722,212.6],[-121.078067,38.710123,201.8],[-121.073913,38.710475,202.6],[-121.071074,38.710756,210.6],[-121.068312,38.711468,219.0],[-121.066209,38.712026,230.8],[-121.064106,38.712541,241.8],[-121.061598,38.712971,250.0],[-121.059046,38.71323,259.2],[-121.056851,38.713033,272.8],[-121.054635,38.712954,284.8],[-121.051955,38.713338,292.6],[-121.048704,38.713807,300.0],[-121.045162,38.713093,303.6],[-121.042932,38.71155,312.8],[-121.041254,38.710346,322.0],[-121.038392,38.708304,321.8],[-121.033896,38.705086,316.4],[-121.031669,38.703485,324.8],[-121.030135,38.702393,335.8],[-121.028482,38.701218,345.8],[-121.025515,38.699439,346.6],[-121.020949,38.697903,347.0],[-121.018291,38.697495,357.8],[-121.016374,38.697823,371.6],[-121.014439,38.698454,383.8],[-121.0125,38.698761,393.2],[-121.010141,38.698632,400.8],[-121.007358,38.698484,405.8],[-121.003647,38.697971,406.4],[-121.000195,38.698112,412.8],[-120.996428,38.698855,416.2],[-120.993228,38.699574,419.8],[-120.990632,38.699955,428.8],[-120.987038,38.700296,432.6],[-120.982676,38.701776,429.6],[-120.981356,38.702421,423.8],[-120.977907,38.705752,416.4],[-120.969141,38.707086,401.8],[-120.961015,38.707306,390.6],[-120.954388,38.709665,385.4],[-120.948925,38.711449,380.4],[-120.946344,38.711187,387.6],[-120.944146,38.710992,398.6],[-120.938272,38.715438,344.4],[-120.936774,38.718014,344.2],[-120.934041,38.720727,333.0],[-120.929561,38.722324,332.4],[-120.927331,38.719794,334.6],[-120.92405,38.718462,335.8],[-120.920542,38.718203,338.4],[-120.916907,38.716465,344.2],[-120.913918,38.714107,346.4],[-120.910398,38.713698,350.4],[-120.90712,38.712531,354.8],[-120.903365,38.712884,359.0],[-120.900732,38.712903,364.0],[-120.897558,38.712465,367.6],[-120.895217,38.711696,376.0],[-120.89332,38.710276,381.8],[-120.891603,38.709212,388.6],[-120.889879,38.708615,398.0],[-120.887831,38.709099,405.6],[-120.886393,38.71097,411.8],[-120.88643,38.712643,421.0],[-120.886759,38.714182,428.0],[-120.886721,38.714676,429.4],[-120.885627,38.715861,438.2],[-120.884063,38.717641,441.4],[-120.880331,38.720354,441.6],[-120.876857,38.720061,447.2],[-120.873815,38.719327,453.8],[-120.870387,38.719885,458.4],[-120.867115,38.720206,462.4],[-120.864124,38.719983,470.4],[-120.861728,38.719988,477.2],[-120.859439,38.721376,484.0],[-120.855904,38.721513,488.6],[-120.852398,38.722245,494.8],[-120.844925,38.722808,460.6],[-120.843726,38.723994,479.6],[-120.842276,38.724279,494.0],[-120.840883,38.72496,504.8],[-120.839629,38.725918,517.4],[-120.837699,38.72832,520.2],[-120.834451,38.731163,515.8],[-120.828575,38.733541,514.6],[-120.826551,38.733445,514.6],[-120.824536,38.732485,520.2],[-120.822467,38.73183,527.2],[-120.820209,38.73139,532.6],[-120.817754,38.73102,540.2],[-120.815068,38.729645,547.0],[-120.813012,38.729434,555.6],[-120.811025,38.728493,563.4],[-120.806048,38.727495,559.2],[-120.802956,38.728085,564.4],[-120.799923,38.729574,568.0],[-120.800034,38.729663,567.6],[-120.798976,38.730235,570.2],[-120.797122,38.729631,571.6],[-120.793921,38.730062,576.0],[-120.790757,38.731275,579.4],[-120.789234,38.732992,586.4],[-120.789488,38.733071,587.2],[-120.787412,38.733344,592.6],[-120.785226,38.734229,599.2],[-120.783736,38.734194,602.0],[-120.78116,38.733673,611.6],[-120.778537,38.733858,619.8],[-120.775945,38.73449,627.8],[-120.772959,38.734473,634.8],[-120.770426,38.733931,642.4],[-120.767955,38.734604,649.6],[-120.765585,38.733915,657.4],[-120.762944,38.733412,664.8],[-120.760491,38.733226,672.8],[-120.757649,38.733474,679.6],[-120.755533,38.735185,684.4],[-120.753209,38.736771,691.4],[-120.751436,38.736958,699.8],[-120.749579,38.736916,709.2],[-120.74921,38.735302,717.2],[-120.75001,38.733433,724.6],[-120.747353,38.732254,734.4],[-120.745354,38.732856,742.4],[-120.742721,38.735927,742.6],[-120.739947,38.736896,749.2],[-120.737023,38.737056,756.4],[-120.734257,38.736595,764.4],[-120.731317,38.736196,771.6],[-120.728463,38.736858,778.8],[-120.725539,38.737175,787.4],[-120.722539,38.736855,795.0],[-120.720187,38.735459,803.8],[-120.717686,38.734185,811.2],[-120.7164,38.732061,818.8],[-120.715771,38.72984,821.8],[-120.712735,38.730183,833.8],[-120.70973,38.730553,842.4],[-120.70692,38.730752,849.4],[-120.704535,38.730214,855.2],[-120.704407,38.730227,854.2],[-120.704893,38.730624,861.0],[-120.706359,38.731692,868.8],[-120.706927,38.732491,878.4],[-120.708061,38.733474,890.6],[-120.708616,38.734963,900.6],[-120.710821,38.735748,893.8],[-120.710442,38.736171,896.4],[-120.707268,38.736172,900.8],[-120.704156,38.738708,890.8],[-120.700247,38.740925,899.2],[-120.696595,38.740851,907.0],[-120.693422,38.740846,918.8],[-120.689655,38.740317,924.4],[-120.686791,38.739746,936.0],[-120.683548,38.739233,944.0],[-120.678853,38.738636,946.8],[-120.675065,38.738015,954.4],[-120.673948,38.738056,958.2],[-120.672525,38.739042,969.8],[-120.671221,38.740031,981.0],[-120.669142,38.739476,992.4],[-120.666947,38.738787,1002.0],[-120.664829,38.739069,1010.0],[-120.663343,38.740443,1021.6],[-120.661213,38.742798,1025.0],[-120.657758,38.744196,1034.2],[-120.653813,38.744525,1040.6],[-120.649879,38.744228,1048.4],[-120.646621,38.744597,1057.2],[-120.643471,38.745823,1064.6],[-120.640601,38.745158,1075.8],[-120.63694,38.744538,1081.4],[-120.63281,38.744632,1087.2],[-120.62863,38.745899,1095.4],[-120.626524,38.748079,1103.2],[-120.623115,38.749999,1104.6],[-120.618144,38.749321,1108.0],[-120.613948,38.749776,1116.4],[-120.610622,38.750313,1126.8],[-120.608416,38.751341,1137.2],[-120.606325,38.752381,1148.2],[-120.604395,38.753366,1160.2],[-120.601879,38.754616,1165.4],[-120.598166,38.755984,1175.2],[-120.592646,38.757679,1171.8],[-120.590658,38.758579,1182.8],[-120.588911,38.759497,1193.4],[-120.586956,38.76059,1202.6],[-120.584024,38.762221,1208.8],[-120.580373,38.762769,1212.0],[-120.575075,38.763085,1217.0],[-120.571441,38.762213,1222.4],[-120.56833,38.761331,1226.2],[-120.563496,38.761901,1221.0],[-120.560581,38.763868,1218.6],[-120.559678,38.764306,1235.0],[-120.558128,38.76428,1245.2],[-120.557045,38.764267,1246.6],[-120.555986,38.76648,1245.2],[-120.549648,38.763944,1214.0],[-120.539024,38.762698,1166.2],[-120.527238,38.760025,1115.2],[-120.51682,38.759456,1075.8],[-120.507791,38.759954,1060.4],[-120.501063,38.762353,1052.4],[-120.49717,38.766318,1052.6],[-120.49009,38.765881,1042.2],[-120.479467,38.765955,994.4],[-120.476709,38.770693,998.8],[-120.474118,38.7726,1002.2],[-120.470651,38.774037,1004.6],[-120.465762,38.775931,1005.0],[-120.46241,38.776322,1018.6],[-120.46009,38.773814,1011.8],[-120.454543,38.77129,1004.6],[-120.449798,38.771124,1009.0],[-120.448206,38.769827,1011.0],[-120.446147,38.768644,1016.8],[-120.442817,38.768871,1022.0],[-120.439741,38.768721,1030.0],[-120.435606,38.770001,1034.4],[-120.431457,38.771591,1038.0],[-120.427221,38.77379,1039.8],[-120.42375,38.774416,1043.8],[-120.418948,38.775041,1045.2],[-120.418294,38.774694,1048.2],[-120.414931,38.775135,1052.8],[-120.410474,38.77543,1055.2],[-120.404749,38.775975,1051.2],[-120.400021,38.774015,1054.2],[-120.39586,38.774043,1057.8],[-120.391725,38.77338,1064.6],[-120.389142,38.772641,1073.0],[-120.386081,38.770909,1080.0],[-120.383072,38.769505,1084.4],[-120.379296,38.766814,1086.0],[-120.375595,38.767497,1094.4],[-120.372177,38.766893,1101.2],[-120.367138,38.765617,1103.6],[-120.362705,38.764468,1108.2],[-120.358834,38.764146,1114.0],[-120.357647,38.765852,1123.8],[-120.355278,38.766622,1129.6],[-120.352328,38.764617,1135.2],[-120.349124,38.763915,1143.2],[-120.346875,38.76366,1150.6],[-120.344695,38.763898,1161.8],[-120.342064,38.765003,1166.6],[-120.338535,38.764766,1175.6],[-120.335504,38.764441,1183.0],[-120.332852,38.763446,1191.0],[-120.328539,38.763908,1189.6],[-120.324688,38.763991,1197.6],[-120.321504,38.765114,1203.6],[-120.319326,38.765909,1213.6],[-120.316949,38.767514,1219.0],[-120.314835,38.768662,1222.4],[-120.314888,38.768712,1222.0],[-120.311413,38.770389,1222.8],[-120.309056,38.770905,1231.8],[-120.306272,38.771734,1238.0],[-120.3021,38.773672,1238.2],[-120.297421,38.774576,1241.6],[-120.29421,38.774345,1249.6],[-120.292097,38.773099,1257.6],[-120.290207,38.772252,1269.2],[-120.287995,38.772773,1276.0],[-120.285981,38.773727,1286.2],[-120.283942,38.77437,1295.8],[-120.281947,38.776064,1303.0],[-120.278458,38.777106,1310.4],[-120.276148,38.777393,1320.0],[-120.274102,38.777377,1330.2],[-120.273006,38.776872,1336.4],[-120.271079,38.77657,1346.6],[-120.268967,38.776493,1357.2],[-120.267073,38.776344,1367.2],[-120.265077,38.776576,1377.2],[-120.26324,38.777214,1387.2],[-120.261321,38.777651,1398.0],[-120.259278,38.777972,1408.6],[-120.258165,38.778059,1414.4],[-120.256362,38.778721,1424.4],[-120.254653,38.779478,1433.6],[-120.252753,38.780168,1445.0],[-120.250975,38.780775,1454.2],[-120.249205,38.78082,1465.0],[-120.248378,38.780695,1469.0],[-120.246588,38.780656,1477.8],[-120.244881,38.780568,1487.2],[-120.243071,38.78054,1496.2],[-120.241385,38.781167,1505.2],[-120.239722,38.781903,1513.8],[-120.238513,38.78294,1522.4],[-120.237166,38.783914,1532.4],[-120.235327,38.784103,1543.2],[-120.233989,38.783776,1550.4],[-120.232298,38.783448,1560.2],[-120.230553,38.78334,1570.6],[-120.228675,38.78333,1580.2],[-120.226852,38.78328,1590.0],[-120.224997,38.783188,1599.0],[-120.223103,38.783049,1608.4],[-120.221403,38.782519,1618.4],[-120.219515,38.782055,1627.4],[-120.216739,38.782895,1631.8],[-120.2144,38.784845,1634.0],[-120.211889,38.785649,1642.0],[-120.209347,38.786267,1650.4],[-120.20647,38.786947,1655.6],[-120.202759,38.788197,1658.4],[-120.199717,38.788615,1668.4],[-120.196236,38.790001,1667.6],[-120.191498,38.791203,1669.6],[-120.189382,38.791026,1678.6],[-120.189121,38.79097,1679.6],[-120.187059,38.790341,1686.0],[-120.182861,38.789477,1682.8],[-120.176665,38.78829,1679.0],[-120.17366,38.788538,1686.8],[-120.171118,38.789321,1692.4],[-120.168369,38.789104,1699.0],[-120.163196,38.788039,1696.2],[-120.159767,38.786967,1706.4],[-120.157304,38.787026,1714.4],[-120.153682,38.78951,1713.2],[-120.15212,38.791512,1719.8],[-120.150694,38.793337,1727.4],[-120.148959,38.794775,1731.6],[-120.146653,38.796031,1736.2],[-120.145023,38.797247,1743.2],[-120.143962,38.798571,1753.0],[-120.142882,38.800496,1757.6],[-120.141863,38.802485,1766.0],[-120.141756,38.802663,1767.0],[-120.140932,38.80414,1774.6],[-120.139897,38.805643,1782.0],[-120.138643,38.806635,1789.0],[-120.137065,38.807613,1798.8],[-120.135417,38.808636,1807.4],[-120.133505,38.808971,1817.0],[-120.131659,38.809192,1826.8],[-120.129881,38.809638,1836.8],[-120.127997,38.810187,1846.8],[-120.126806,38.810492,1854.6],[-120.124877,38.810916,1864.0],[-120.121716,38.811458,1865.0],[-120.120142,38.810693,1876.0],[-120.120625,38.809391,1886.0],[-120.12199,38.808409,1895.2],[-120.122609,38.808111,1899.6],[-120.123547,38.806894,1907.4],[-120.123114,38.805587,1915.8],[-120.121425,38.805084,1924.8],[-120.121609,38.80383,1934.2],[-120.12186,38.802479,1943.2],[-120.120543,38.801633,1952.0],[-120.118873,38.80275,1957.0],[-120.115988,38.80344,1964.2],[-120.114134,38.803061,1974.4],[-120.112428,38.80235,1984.0],[-120.110983,38.803391,1991.2],[-120.10759,38.805308,1991.8],[-120.102821,38.805222,1994.6],[-120.10003,38.8053,2002.0],[-120.097111,38.806999,2007.0],[-120.094786,38.808462,2013.2],[-120.094841,38.808409,2013.0],[-120.092948,38.809573,2017.8],[-120.091481,38.810921,2024.2],[-120.089782,38.812435,2031.0],[-120.087744,38.812959,2036.8],[-120.085936,38.813573,2046.2],[-120.084432,38.814416,2055.0],[-120.083188,38.81544,2063.8],[-120.082323,38.816268,2070.8],[-120.080786,38.817026,2080.0],[-120.07838,38.817779,2084.4],[-120.076016,38.819135,2089.6],[-120.074539,38.820133,2097.6],[-120.072569,38.820967,2105.6],[-120.070563,38.821604,2113.2],[-120.069409,38.821863,2118.6],[-120.067769,38.822285,2128.2],[-120.06597,38.822275,2138.6],[-120.065723,38.822225,2139.8],[-120.063987,38.822473,2150.4],[-120.062377,38.823025,2157.4],[-120.060607,38.823955,2165.4],[-120.057643,38.82501,2168.0],[-120.0541,38.825791,2173.6],[-120.050488,38.825518,2177.0],[-120.047157,38.824763,2184.4],[-120.045265,38.824295,2193.0],[-120.043394,38.824604,2201.2],[-120.041006,38.824885,2206.4],[-120.039679,38.825041,2215.4],[-120.039351,38.825088,2217.6],[-120.037674,38.82502,2228.0],[-120.036178,38.824998,2236.0],[-120.034462,38.824512,2244.4],[-120.031572,38.823786,2250.0],[-120.031833,38.826093,2229.4],[-120.028864,38.825475,2187.4],[-120.035466,38.832133,2132.2],[-120.041264,38.838957,2070.8],[-120.033856,38.843707,2006.2],[-120.02424,38.850117,1958.2],[-120.019057,38.852525,1960.0],[-120.014846,38.854493,1958.2],[-120.012051,38.857783,1956.2],[-120.012347,38.862674,1949.8],[-120.00894,38.866573,1946.2],[-120.006091,38.871249,1940.4],[-120.005243,38.876506,1937.8],[-120.004054,38.880664,1940.8],[-120.002713,38.883668,1943.2],[-120.000825,38.887899,1940.0],[-119.999657,38.891094,1947.4],[-119.999786,38.893467,1949.2],[-119.999753,38.896627,1947.6],[-119.998171,38.900843,1952.0],[-119.999177,38.904514,1946.6],[-120.002921,38.910529,1932.6],[-120.002623,38.914347,1929.2],[-119.997272,38.917903,1925.0],[-119.996261,38.918506,1921.2],[-119.995812,38.918898,1923.2],[-119.992268,38.921261,1918.8],[-119.988755,38.923594,1918.8],[-119.985903,38.925481,1917.6],[-119.982028,38.928144,1915.6],[-119.978715,38.931974,1907.8],[-119.97764,38.934323,1910.2],[-119.977058,38.937305,1910.4],[-119.973533,38.937922,1909.8],[-119.972794,38.941464,1907.6],[-119.973781,38.942944,1907.2],[-119.974663,38.941991,1907.6],[-119.975408,38.94175,1907.8]]}},{"type":"Feature","properties":{"date":"2026-08-06","source_file":"3.gpx","dist_m":193333,"vert_up_m":597,"vert_down_m":1219,"points":419},"geometry":{"type":"LineString","coordinates":[[-119.975935,38.941611,1924.2],[-119.974703,38.941568,1924.6],[-119.974615,38.941667,1924.8],[-119.973674,38.94292,1925.0],[-119.972261,38.945454,1923.2],[-119.966703,38.945495,1915.4],[-119.964097,38.946512,1913.6],[-119.964188,38.946755,1913.6],[-119.964142,38.946632,1914.0],[-119.964104,38.94663,1911.0],[-119.964071,38.94667,1909.8],[-119.964104,38.946758,1909.8],[-119.964233,38.946613,1913.6],[-119.964228,38.946136,1913.4],[-119.960234,38.947337,1914.2],[-119.957661,38.948428,1911.2],[-119.953139,38.950458,1908.6],[-119.948739,38.952419,1914.8],[-119.945887,38.953937,1918.6],[-119.943437,38.956976,1919.4],[-119.941208,38.960326,1920.0],[-119.938504,38.964316,1921.4],[-119.936285,38.96754,1929.0],[-119.934853,38.971363,1932.6],[-119.935696,38.975474,1936.4],[-119.937853,38.980233,1940.0],[-119.942346,38.983692,1932.4],[-119.943837,38.984794,1929.6],[-119.946641,38.986818,1939.0],[-119.948515,38.98826,1946.0],[-119.949346,38.995126,1911.8],[-119.954224,38.998215,1924.6],[-119.955652,39.000008,1932.2],[-119.955208,39.002487,1938.2],[-119.948832,39.00251,1927.4],[-119.947223,39.009885,1905.8],[-119.948072,39.010393,1904.8],[-119.948019,39.010155,1904.6],[-119.948143,39.011178,1906.6],[-119.947405,39.012889,1913.0],[-119.947449,39.016135,1919.8],[-119.946783,39.017761,1934.0],[-119.945715,39.020319,1937.2],[-119.945181,39.023741,1939.2],[-119.946111,39.028575,1933.6],[-119.946821,39.033096,1934.2],[-119.94866,39.038214,1918.0],[-119.947858,39.043053,1915.8],[-119.948029,39.044926,1925.2],[-119.947183,39.047733,1930.4],[-119.944036,39.050035,1937.4],[-119.944029,39.05262,1943.8],[-119.942937,39.055902,1948.2],[-119.942504,39.059879,1943.8],[-119.942814,39.065596,1938.8],[-119.94038,39.07052,1931.4],[-119.940717,39.073748,1937.0],[-119.942097,39.076496,1943.8],[-119.942575,39.078586,1952.2],[-119.942632,39.080741,1962.4],[-119.94086,39.082302,1972.6],[-119.937935,39.082417,1978.2],[-119.934189,39.08316,1982.0],[-119.931818,39.084055,1989.8],[-119.929503,39.084852,2001.2],[-119.927782,39.085504,2011.0],[-119.925461,39.085183,2021.8],[-119.923091,39.084904,2031.8],[-119.920541,39.085022,2039.2],[-119.918467,39.084935,2048.2],[-119.916636,39.085558,2056.4],[-119.915002,39.086446,2065.8],[-119.913384,39.087463,2074.4],[-119.912083,39.088609,2082.8],[-119.911385,39.090023,2092.4],[-119.910821,39.091486,2102.2],[-119.910116,39.092869,2112.2],[-119.910654,39.094587,2122.2],[-119.910787,39.096154,2132.6],[-119.910337,39.097737,2142.8],[-119.909946,39.099901,2145.4],[-119.908537,39.101399,2152.2],[-119.90612,39.101956,2160.8],[-119.904094,39.102485,2166.8],[-119.901355,39.103208,2172.8],[-119.89991,39.103479,2174.0],[-119.899203,39.103654,2173.8],[-119.894436,39.104746,2169.4],[-119.885279,39.106246,2141.4],[-119.88151,39.11119,2091.2],[-119.884494,39.116932,2046.2],[-119.872478,39.119006,1982.6],[-119.861038,39.115033,1917.6],[-119.84761,39.117239,1851.2],[-119.8365,39.122533,1792.8],[-119.825269,39.122159,1741.6],[-119.815779,39.118608,1691.0],[-119.806014,39.114307,1644.4],[-119.79694,39.114258,1603.4],[-119.785235,39.113985,1549.6],[-119.775096,39.11944,1506.0],[-119.772238,39.120733,1494.2],[-119.771094,39.124597,1493.2],[-119.77062,39.12806,1496.6],[-119.769885,39.131044,1491.6],[-119.769699,39.130737,1491.4],[-119.770042,39.13104,1490.8],[-119.769364,39.135468,1483.0],[-119.768153,39.142437,1469.8],[-119.767199,39.147908,1462.0],[-119.763505,39.149938,1455.8],[-119.762682,39.151625,1453.0],[-119.761147,39.155148,1450.6],[-119.761156,39.158625,1448.8],[-119.761049,39.16128,1448.0],[-119.76104,39.163147,1446.2],[-119.761088,39.165107,1445.4],[-119.76107,39.167731,1445.2],[-119.760678,39.170357,1446.2],[-119.754042,39.171132,1438.2],[-119.74799,39.172715,1433.4],[-119.742219,39.174148,1430.0],[-119.736155,39.175754,1428.8],[-119.730912,39.177323,1428.4],[-119.725143,39.17972,1425.6],[-119.718765,39.182405,1423.4],[-119.712194,39.185118,1417.8],[-119.706836,39.18736,1420.6],[-119.703283,39.18885,1424.0],[-119.699713,39.190327,1427.6],[-119.696699,39.191603,1434.2],[-119.694501,39.192678,1444.6],[-119.692808,39.193809,1453.8],[-119.691353,39.195068,1465.4],[-119.689977,39.196595,1476.4],[-119.688866,39.198326,1484.4],[-119.687941,39.200566,1493.2],[-119.687203,39.203046,1499.2],[-119.685733,39.205679,1504.2],[-119.683657,39.207939,1510.6],[-119.67951,39.210631,1510.0],[-119.670264,39.213661,1490.6],[-119.662177,39.216203,1484.0],[-119.653191,39.218605,1466.8],[-119.64293,39.221228,1452.4],[-119.632857,39.22341,1433.0],[-119.625751,39.222941,1429.6],[-119.617287,39.222153,1404.8],[-119.60374,39.224099,1354.8],[-119.594997,39.229774,1345.8],[-119.589643,39.235501,1345.4],[-119.589445,39.237983,1343.6],[-119.589526,39.237757,1344.4],[-119.589458,39.237931,1344.4],[-119.58901,39.238599,1344.8],[-119.588683,39.242543,1342.2],[-119.58836,39.246692,1339.8],[-119.58784,39.250932,1338.2],[-119.586244,39.255388,1337.6],[-119.583747,39.25927,1340.2],[-119.580635,39.26337,1340.8],[-119.57566,39.267515,1341.2],[-119.568938,39.27146,1341.4],[-119.561384,39.275917,1339.6],[-119.554708,39.279835,1339.4],[-119.548436,39.283517,1339.4],[-119.54225,39.287157,1338.8],[-119.536913,39.290285,1337.0],[-119.531685,39.293362,1335.8],[-119.526199,39.296578,1334.4],[-119.520458,39.299948,1333.0],[-119.514941,39.303183,1332.0],[-119.509926,39.30612,1332.0],[-119.505037,39.308987,1330.8],[-119.501017,39.311332,1332.2],[-119.497232,39.313551,1334.2],[-119.493253,39.315882,1336.4],[-119.489603,39.318051,1338.8],[-119.48581,39.32023,1340.6],[-119.481882,39.322423,1345.0],[-119.478366,39.323628,1349.8],[-119.474936,39.324628,1355.2],[-119.470561,39.325951,1359.4],[-119.469129,39.326423,1358.6],[-119.469062,39.326466,1359.0],[-119.463229,39.328627,1347.8],[-119.45542,39.331492,1327.0],[-119.44957,39.333654,1324.6],[-119.444782,39.335398,1325.2],[-119.444193,39.335615,1325.0],[-119.44297,39.336063,1324.6],[-119.438886,39.337597,1323.0],[-119.433326,39.339613,1321.2],[-119.427779,39.341675,1318.0],[-119.422886,39.343467,1315.4],[-119.41857,39.345066,1314.2],[-119.414069,39.346714,1312.2],[-119.409927,39.348238,1313.4],[-119.405667,39.349795,1314.2],[-119.401432,39.351375,1314.6],[-119.396603,39.353132,1313.6],[-119.391664,39.354968,1314.2],[-119.386558,39.356815,1313.0],[-119.381635,39.358667,1312.8],[-119.377445,39.360188,1313.8],[-119.37293,39.361855,1317.4],[-119.368721,39.363407,1321.0],[-119.365693,39.364209,1323.6],[-119.366801,39.363787,1322.0],[-119.36464,39.364919,1324.6],[-119.361551,39.366047,1328.4],[-119.358271,39.367268,1333.0],[-119.355329,39.368328,1337.6],[-119.352286,39.369434,1342.6],[-119.349171,39.370616,1348.4],[-119.345806,39.371844,1354.2],[-119.342358,39.373107,1360.2],[-119.338832,39.374401,1366.4],[-119.338157,39.374651,1367.2],[-119.334537,39.375976,1372.2],[-119.330718,39.377386,1376.2],[-119.326002,39.379125,1375.0],[-119.320713,39.381064,1372.6],[-119.31371,39.383608,1359.4],[-119.306357,39.386307,1349.2],[-119.298642,39.389135,1335.6],[-119.292748,39.391291,1335.4],[-119.287146,39.393346,1332.6],[-119.281006,39.395608,1326.0],[-119.27448,39.398002,1319.2],[-119.268489,39.400174,1314.6],[-119.267548,39.402278,1313.2],[-119.267671,39.402358,1313.6],[-119.26889,39.40305,1317.4],[-119.26903,39.399975,1320.6],[-119.261956,39.402576,1313.8],[-119.253625,39.40562,1307.8],[-119.245913,39.408444,1304.0],[-119.238878,39.411043,1300.2],[-119.230829,39.413983,1293.4],[-119.224712,39.416159,1296.0],[-119.217172,39.419077,1290.2],[-119.209114,39.422028,1290.2],[-119.20076,39.424498,1290.4],[-119.192028,39.425658,1288.8],[-119.182981,39.426677,1288.4],[-119.175487,39.427544,1294.6],[-119.171724,39.428166,1306.2],[-119.168706,39.428774,1315.0],[-119.163667,39.429744,1317.8],[-119.156092,39.43284,1317.0],[-119.148334,39.434183,1319.4],[-119.140542,39.435001,1323.8],[-119.133134,39.435781,1319.0],[-119.122688,39.436874,1296.0],[-119.113717,39.437798,1288.0],[-119.106154,39.438641,1283.0],[-119.099678,39.439593,1283.2],[-119.094532,39.442251,1281.8],[-119.091066,39.445924,1283.6],[-119.087916,39.449628,1282.4],[-119.085119,39.453129,1284.4],[-119.083493,39.456286,1286.8],[-119.080992,39.460863,1277.0],[-119.07768,39.463781,1281.8],[-119.075106,39.465066,1288.6],[-119.071628,39.466593,1291.4],[-119.066212,39.469062,1284.0],[-119.060084,39.471764,1276.8],[-119.05547,39.473847,1275.2],[-119.051179,39.475794,1274.0],[-119.046456,39.477923,1272.0],[-119.042225,39.479818,1270.0],[-119.038106,39.481653,1269.0],[-119.033164,39.483873,1260.0],[-119.026348,39.48693,1247.2],[-119.021047,39.489313,1244.2],[-119.016441,39.491372,1242.8],[-119.01184,39.493434,1240.4],[-119.007246,39.495502,1242.0],[-119.00362,39.497136,1245.0],[-119.00044,39.49853,1249.8],[-118.997514,39.499583,1256.2],[-118.993439,39.500639,1256.2],[-118.9886,39.501719,1256.2],[-118.983681,39.502837,1254.4],[-118.978435,39.504068,1251.6],[-118.973191,39.505258,1249.2],[-118.967603,39.506525,1245.0],[-118.961772,39.507851,1241.4],[-118.955441,39.50929,1238.4],[-118.949252,39.510687,1235.6],[-118.943584,39.512052,1234.6],[-118.937908,39.512332,1233.0],[-118.933928,39.510498,1234.2],[-118.929707,39.508546,1232.2],[-118.924548,39.507056,1225.2],[-118.918764,39.505617,1226.8],[-118.913391,39.504227,1225.8],[-118.908342,39.502475,1226.0],[-118.903781,39.500142,1220.0],[-118.899494,39.4974,1224.2],[-118.895115,39.494582,1224.8],[-118.890705,39.491752,1222.8],[-118.885695,39.489164,1224.2],[-118.879807,39.487779,1221.6],[-118.874706,39.486906,1223.4],[-118.86865,39.485888,1219.0],[-118.863387,39.485394,1220.8],[-118.857121,39.485405,1222.4],[-118.850642,39.485409,1219.6],[-118.845263,39.485411,1220.0],[-118.840289,39.485416,1216.6],[-118.834951,39.4848,1216.8],[-118.829838,39.483539,1216.0],[-118.824856,39.482296,1214.6],[-118.819945,39.48109,1214.6],[-118.814948,39.479857,1214.0],[-118.809796,39.478541,1214.0],[-118.805086,39.477378,1214.0],[-118.801008,39.476015,1212.6],[-118.800928,39.476009,1213.0],[-118.803768,39.477025,1212.8],[-118.806491,39.476257,1212.6],[-118.806729,39.476278,1212.6],[-118.80696,39.476298,1212.8],[-118.804861,39.477267,1213.2],[-118.799267,39.475897,1213.4],[-118.792749,39.474757,1213.8],[-118.787231,39.474762,1213.2],[-118.780575,39.474785,1212.2],[-118.7771,39.47501,1212.4],[-118.774833,39.474833,1212.4],[-118.768117,39.474844,1212.0],[-118.761362,39.474815,1211.8],[-118.75417,39.474813,1211.6],[-118.747369,39.47488,1211.0],[-118.739975,39.474941,1209.2],[-118.732697,39.47496,1204.2],[-118.725642,39.474989,1203.4],[-118.718626,39.47501,1200.2],[-118.711904,39.475046,1202.6],[-118.705189,39.475099,1197.6],[-118.698619,39.475105,1201.0],[-118.691971,39.47502,1198.4],[-118.686292,39.473068,1197.8],[-118.683011,39.469056,1199.6],[-118.680918,39.464756,1199.6],[-118.678738,39.460259,1201.0],[-118.676541,39.455738,1202.0],[-118.674346,39.45123,1202.4],[-118.672122,39.446658,1201.6],[-118.669921,39.442121,1202.4],[-118.667769,39.437682,1200.0],[-118.665552,39.433141,1202.2],[-118.663241,39.42839,1202.4],[-118.660918,39.423581,1202.6],[-118.65869,39.419011,1202.8],[-118.656465,39.414465,1202.0],[-118.654451,39.410303,1203.0],[-118.65236,39.406014,1203.4],[-118.650304,39.401773,1203.8],[-118.647258,39.401256,1204.8],[-118.647142,39.401262,1205.4],[-118.649996,39.402106,1203.0],[-118.648367,39.398849,1206.0],[-118.644342,39.395587,1207.0],[-118.639562,39.393168,1209.4],[-118.63463,39.390742,1210.8],[-118.628713,39.388617,1208.6],[-118.622284,39.386675,1206.4],[-118.616537,39.384928,1208.2],[-118.611151,39.383303,1210.4],[-118.6054,39.381552,1212.0],[-118.599014,39.37962,1210.2],[-118.592451,39.377625,1209.6],[-118.586487,39.3758,1211.8],[-118.580314,39.373935,1212.4],[-118.573562,39.371377,1209.8],[-118.567607,39.368267,1208.6],[-118.561432,39.365021,1206.8],[-118.555205,39.361733,1204.6],[-118.549941,39.35781,1203.4],[-118.54487,39.354075,1202.8],[-118.539967,39.350282,1201.8],[-118.535269,39.346409,1201.4],[-118.53057,39.342525,1201.6],[-118.525832,39.338636,1201.4],[-118.521368,39.334653,1201.4],[-118.51695,39.330344,1200.8],[-118.512577,39.326067,1200.2],[-118.508218,39.321807,1200.4],[-118.50366,39.317388,1200.2],[-118.499085,39.313011,1199.4],[-118.494023,39.308841,1198.8],[-118.488927,39.304638,1198.8],[-118.483632,39.300743,1200.0],[-118.476693,39.298941,1200.2],[-118.468696,39.29753,1195.8],[-118.460945,39.295499,1193.0],[-118.454009,39.293013,1192.2],[-118.447179,39.290527,1191.4],[-118.440401,39.287959,1191.0],[-118.433733,39.285184,1191.2],[-118.427499,39.282017,1191.4],[-118.421527,39.278961,1192.2],[-118.416683,39.276485,1196.8],[-118.413516,39.274871,1204.6],[-118.410785,39.273485,1211.4],[-118.407862,39.271998,1218.6],[-118.405107,39.2706,1227.0],[-118.402555,39.269432,1235.0],[-118.399764,39.268394,1243.4],[-118.397078,39.267628,1251.4],[-118.394514,39.266964,1259.6],[-118.391924,39.266301,1268.0],[-118.389111,39.265594,1276.4],[-118.386368,39.264912,1284.8],[-118.386467,39.264201,1283.6]]}},{"type":"Feature","properties":{"date":"2026-08-07","source_file":"4.gpx","dist_m":172457,"vert_up_m":1691,"vert_down_m":1296,"points":505},"geometry":{"type":"LineString","coordinates":[[-118.386452,39.264236,1291.4],[-118.385265,39.264625,1296.0],[-118.382974,39.264186,1304.6],[-118.380596,39.264009,1313.4],[-118.378188,39.264134,1322.0],[-118.37577,39.264516,1330.6],[-118.373244,39.265092,1340.0],[-118.370914,39.265674,1348.8],[-118.368552,39.266791,1357.0],[-118.366312,39.268405,1365.2],[-118.363748,39.270143,1374.4],[-118.36088,39.271454,1383.8],[-118.358086,39.272235,1392.4],[-118.355138,39.27285,1400.2],[-118.351254,39.27364,1406.2],[-118.346528,39.274564,1405.2],[-118.338841,39.275145,1395.4],[-118.329394,39.27405,1372.8],[-118.317881,39.272437,1331.0],[-118.305696,39.274479,1291.6],[-118.296798,39.275958,1276.2],[-118.290489,39.276991,1273.6],[-118.284937,39.277908,1272.4],[-118.279186,39.278401,1271.6],[-118.273381,39.278923,1269.6],[-118.267278,39.279461,1267.8],[-118.261099,39.280011,1267.6],[-118.255076,39.280536,1266.8],[-118.249601,39.281032,1267.2],[-118.244196,39.281502,1267.2],[-118.239272,39.281934,1270.0],[-118.235131,39.282308,1274.0],[-118.230792,39.282649,1277.2],[-118.227036,39.282866,1283.0],[-118.223423,39.283068,1288.4],[-118.219878,39.283274,1294.4],[-118.216565,39.283457,1301.2],[-118.213413,39.283648,1307.6],[-118.210259,39.283839,1314.2],[-118.206991,39.284018,1321.8],[-118.203658,39.284201,1327.4],[-118.200146,39.284415,1335.2],[-118.196528,39.284621,1341.6],[-118.192827,39.284831,1349.0],[-118.189544,39.28504,1357.0],[-118.18633,39.285235,1364.4],[-118.186025,39.285233,1365.0],[-118.183105,39.285407,1371.2],[-118.179981,39.285584,1377.2],[-118.176869,39.285769,1382.0],[-118.173209,39.285979,1386.2],[-118.169742,39.286173,1389.2],[-118.165704,39.286407,1392.0],[-118.161892,39.286628,1393.8],[-118.157945,39.286858,1395.6],[-118.153919,39.287037,1396.6],[-118.149889,39.286954,1399.2],[-118.145841,39.286817,1401.4],[-118.140904,39.286667,1396.4],[-118.133432,39.286553,1374.6],[-118.124545,39.287183,1348.8],[-118.118616,39.287614,1345.8],[-118.113101,39.288018,1342.2],[-118.108011,39.288382,1341.0],[-118.10442,39.288649,1343.6],[-118.10086,39.288905,1345.6],[-118.097375,39.28916,1347.8],[-118.093719,39.289427,1349.6],[-118.090034,39.289694,1351.4],[-118.086463,39.289946,1352.6],[-118.082616,39.290227,1352.6],[-118.078929,39.290495,1353.4],[-118.075509,39.290745,1356.0],[-118.071873,39.291009,1357.6],[-118.068248,39.29113,1359.8],[-118.06735,39.291104,1360.6],[-118.06487,39.291051,1362.2],[-118.061406,39.290937,1365.2],[-118.05797,39.290831,1368.4],[-118.054552,39.290724,1371.4],[-118.051142,39.29062,1376.0],[-118.048044,39.290531,1381.2],[-118.044768,39.290421,1386.4],[-118.04135,39.290313,1390.0],[-118.037527,39.290189,1392.4],[-118.03316,39.290058,1395.0],[-118.028745,39.290207,1398.0],[-118.026542,39.287893,1399.2],[-118.026711,39.287229,1398.6],[-118.026502,39.287922,1399.0],[-118.028094,39.290096,1398.2],[-118.025695,39.290484,1398.6],[-118.021755,39.29083,1401.4],[-118.017425,39.29122,1404.0],[-118.012548,39.291649,1406.2],[-118.007572,39.292093,1409.4],[-118.002406,39.292562,1412.6],[-117.99732,39.29302,1415.8],[-117.992445,39.293447,1420.2],[-117.987888,39.29385,1425.8],[-117.984078,39.294191,1431.6],[-117.979369,39.294613,1435.6],[-117.974348,39.295443,1438.6],[-117.9696,39.296811,1442.4],[-117.969076,39.29696,1442.8],[-117.96534,39.297723,1446.2],[-117.961377,39.298802,1451.6],[-117.957108,39.299765,1453.6],[-117.95205,39.300166,1455.4],[-117.947795,39.300485,1461.4],[-117.944619,39.300723,1469.6],[-117.942457,39.300847,1478.6],[-117.93967,39.300664,1485.0],[-117.93638,39.30039,1491.0],[-117.933358,39.300132,1497.8],[-117.930976,39.299595,1505.8],[-117.928023,39.299369,1510.0],[-117.923404,39.299027,1511.6],[-117.920548,39.298819,1518.8],[-117.917984,39.298724,1523.8],[-117.914063,39.298585,1526.8],[-117.910511,39.298784,1530.8],[-117.905721,39.299434,1530.6],[-117.899888,39.300223,1527.6],[-117.894739,39.300929,1531.0],[-117.890584,39.301489,1535.2],[-117.887054,39.301955,1542.0],[-117.883548,39.302508,1545.4],[-117.880689,39.304575,1548.0],[-117.878194,39.305943,1554.6],[-117.875804,39.30476,1559.4],[-117.874013,39.302789,1566.0],[-117.871886,39.301828,1573.6],[-117.869937,39.300429,1579.6],[-117.867688,39.298707,1584.4],[-117.865292,39.296702,1589.6],[-117.864151,39.294402,1597.4],[-117.86363,39.292669,1605.0],[-117.862615,39.29094,1609.2],[-117.861412,39.288305,1613.2],[-117.860576,39.286372,1616.0],[-117.859652,39.284352,1618.8],[-117.858461,39.281654,1623.0],[-117.857258,39.278969,1627.8],[-117.856267,39.276754,1634.2],[-117.855385,39.274837,1639.8],[-117.853879,39.273266,1645.6],[-117.850639,39.271618,1644.2],[-117.847987,39.270316,1649.8],[-117.84566,39.269178,1655.4],[-117.843288,39.267962,1660.6],[-117.841131,39.266827,1667.2],[-117.839104,39.265304,1672.8],[-117.837176,39.263722,1678.4],[-117.83548,39.262349,1684.0],[-117.833997,39.261085,1690.0],[-117.832529,39.259781,1696.2],[-117.83092,39.258303,1701.4],[-117.829398,39.256881,1706.6],[-117.827977,39.255522,1712.4],[-117.826706,39.254359,1718.0],[-117.825439,39.253154,1724.0],[-117.825284,39.252992,1725.0],[-117.823977,39.251961,1729.8],[-117.822512,39.250824,1735.2],[-117.82105,39.249739,1741.2],[-117.819941,39.248952,1747.0],[-117.819844,39.248929,1747.2],[-117.818465,39.248339,1751.6],[-117.816663,39.247871,1756.8],[-117.814809,39.247454,1761.8],[-117.812929,39.247004,1768.0],[-117.810887,39.246541,1772.8],[-117.808893,39.246036,1779.0],[-117.807202,39.245316,1784.0],[-117.805672,39.244514,1789.8],[-117.80411,39.243868,1797.6],[-117.802563,39.24357,1804.4],[-117.80055,39.24339,1810.2],[-117.798665,39.243272,1816.0],[-117.796709,39.243055,1822.4],[-117.794982,39.242659,1828.8],[-117.793105,39.242177,1834.2],[-117.791262,39.241728,1840.8],[-117.789462,39.241319,1847.2],[-117.787386,39.240805,1853.2],[-117.785519,39.240332,1859.4],[-117.783521,39.239939,1867.8],[-117.781733,39.239784,1874.8],[-117.780024,39.23987,1882.6],[-117.778381,39.239912,1891.2],[-117.776879,39.23937,1899.2],[-117.775339,39.238797,1907.2],[-117.77376,39.238242,1915.4],[-117.772122,39.2382,1923.6],[-117.770527,39.238951,1933.4],[-117.76902,39.239525,1941.6],[-117.767532,39.240314,1950.6],[-117.767409,39.240447,1952.2],[-117.766232,39.241362,1960.6],[-117.765188,39.242422,1969.8],[-117.764043,39.243555,1979.8],[-117.762361,39.244148,1989.4],[-117.7604,39.244192,1998.2],[-117.758547,39.244926,2007.0],[-117.756686,39.245751,2018.0],[-117.754793,39.246351,2027.2],[-117.752708,39.247016,2037.6],[-117.750932,39.248124,2046.6],[-117.749251,39.2494,2053.4],[-117.747884,39.250778,2063.6],[-117.74667,39.252142,2074.2],[-117.745574,39.253476,2084.4],[-117.74487,39.254998,2095.2],[-117.743487,39.256042,2105.6],[-117.742302,39.257455,2116.6],[-117.740681,39.258373,2126.8],[-117.73957,39.259785,2138.4],[-117.739858,39.260972,2149.0],[-117.739566,39.262275,2160.2],[-117.739639,39.263561,2171.2],[-117.738673,39.262148,2182.2],[-117.737383,39.261374,2193.6],[-117.736245,39.262748,2201.8],[-117.734682,39.262295,2212.4],[-117.733072,39.262981,2222.2],[-117.731208,39.262524,2234.0],[-117.729108,39.262861,2244.4],[-117.72706,39.263718,2253.0],[-117.719574,39.262278,2213.2],[-117.710271,39.265616,2154.0],[-117.700451,39.266239,2121.8],[-117.692317,39.260914,2092.0],[-117.68308,39.262488,2046.2],[-117.680763,39.256691,2033.0],[-117.680912,39.250914,2021.6],[-117.676827,39.24608,2002.0],[-117.670019,39.241645,1984.2],[-117.662276,39.241227,1972.2],[-117.658399,39.240954,1968.6],[-117.65092,39.240841,1940.2],[-117.642865,39.240849,1928.4],[-117.635848,39.24085,1920.2],[-117.628721,39.240845,1911.8],[-117.622172,39.240837,1903.8],[-117.615417,39.240829,1896.8],[-117.608794,39.240833,1889.0],[-117.602573,39.240829,1883.8],[-117.596359,39.240826,1879.4],[-117.590475,39.240818,1875.8],[-117.584719,39.240836,1877.0],[-117.578808,39.240807,1875.6],[-117.572907,39.240803,1873.6],[-117.567986,39.2408,1872.6],[-117.562864,39.240803,1871.0],[-117.55774,39.240791,1867.8],[-117.551894,39.24078,1865.8],[-117.546508,39.240774,1863.6],[-117.541321,39.240767,1863.6],[-117.536782,39.240753,1862.6],[-117.531883,39.240915,1862.8],[-117.527407,39.241502,1863.2],[-117.522342,39.24279,1862.2],[-117.518043,39.244396,1863.6],[-117.515099,39.245872,1867.6],[-117.512349,39.24755,1872.0],[-117.509464,39.249683,1874.0],[-117.506517,39.251876,1874.0],[-117.503301,39.254297,1872.2],[-117.499129,39.257425,1868.2],[-117.494952,39.26056,1863.6],[-117.490717,39.26374,1859.0],[-117.486055,39.267247,1854.0],[-117.481584,39.270583,1850.0],[-117.477463,39.273681,1849.0],[-117.473752,39.276468,1851.0],[-117.470356,39.279024,1853.6],[-117.46688,39.281621,1854.0],[-117.463399,39.284245,1856.4],[-117.460511,39.286389,1862.0],[-117.457605,39.288574,1864.4],[-117.453959,39.29131,1863.8],[-117.450781,39.293685,1866.2],[-117.447601,39.29609,1866.2],[-117.44483,39.298615,1866.8],[-117.442324,39.301531,1867.8],[-117.44018,39.30494,1868.0],[-117.438726,39.308191,1867.2],[-117.437135,39.312026,1862.8],[-117.43532,39.316421,1857.0],[-117.433529,39.320759,1854.4],[-117.431987,39.324528,1855.0],[-117.43068,39.327673,1858.2],[-117.429559,39.330436,1860.8],[-117.428391,39.333303,1864.2],[-117.427235,39.336063,1866.8],[-117.425944,39.339226,1869.0],[-117.424582,39.342505,1871.6],[-117.42299,39.346371,1870.2],[-117.421504,39.349821,1871.2],[-117.419656,39.352297,1873.8],[-117.418044,39.353629,1884.0],[-117.41635,39.354668,1893.2],[-117.41433,39.355666,1900.4],[-117.412021,39.356814,1906.6],[-117.409475,39.358069,1914.6],[-117.405944,39.359195,1916.6],[-117.403613,39.359798,1923.4],[-117.401136,39.360429,1929.8],[-117.398465,39.361067,1936.2],[-117.395854,39.361279,1944.6],[-117.393602,39.361368,1948.4],[-117.390682,39.361743,1946.6],[-117.380766,39.362854,1910.8],[-117.370284,39.36281,1885.6],[-117.362338,39.366365,1864.2],[-117.355983,39.369657,1853.4],[-117.349658,39.373127,1839.6],[-117.344652,39.375864,1836.4],[-117.340056,39.378401,1828.8],[-117.335343,39.380956,1819.6],[-117.330192,39.383794,1811.4],[-117.324936,39.386657,1802.4],[-117.32043,39.38916,1797.8],[-117.316053,39.391529,1793.6],[-117.31136,39.394092,1789.8],[-117.306706,39.396646,1783.0],[-117.302399,39.399004,1781.4],[-117.298324,39.401242,1778.6],[-117.294871,39.403136,1775.2],[-117.294237,39.403505,1774.2],[-117.291533,39.40496,1775.0],[-117.28838,39.406679,1774.0],[-117.284935,39.408565,1772.8],[-117.281277,39.410558,1770.6],[-117.276899,39.412968,1769.2],[-117.272201,39.415523,1767.8],[-117.267365,39.418182,1766.2],[-117.262852,39.420637,1764.6],[-117.25812,39.423238,1762.4],[-117.252962,39.426051,1760.4],[-117.247621,39.428976,1758.0],[-117.242254,39.431882,1755.0],[-117.237421,39.434522,1753.4],[-117.233401,39.436724,1752.0],[-117.229477,39.438865,1751.0],[-117.228779,39.439326,1748.8],[-117.226596,39.440439,1750.0],[-117.223322,39.442228,1749.2],[-117.219248,39.444446,1749.6],[-117.215567,39.44646,1749.4],[-117.211464,39.448695,1748.0],[-117.207814,39.450694,1748.4],[-117.203339,39.453136,1747.6],[-117.198898,39.455557,1747.0],[-117.194495,39.457948,1746.4],[-117.189492,39.460681,1746.2],[-117.184022,39.463654,1745.6],[-117.179464,39.466158,1745.0],[-117.174894,39.46863,1743.8],[-117.170101,39.471252,1741.2],[-117.165138,39.473955,1739.8],[-117.160731,39.47637,1739.6],[-117.15709,39.478335,1741.6],[-117.153857,39.480105,1745.0],[-117.151228,39.481541,1746.8],[-117.14811,39.483237,1750.8],[-117.144995,39.484932,1755.4],[-117.142147,39.486485,1761.0],[-117.139062,39.488159,1763.0],[-117.135392,39.490172,1767.0],[-117.13179,39.492134,1770.6],[-117.128443,39.493956,1775.4],[-117.125554,39.49551,1781.0],[-117.123342,39.497008,1787.2],[-117.12401,39.499974,1784.8],[-117.119911,39.500732,1787.8],[-117.114625,39.501408,1790.4],[-117.111281,39.501825,1797.6],[-117.108559,39.502001,1805.4],[-117.10565,39.501999,1812.6],[-117.103013,39.50193,1820.2],[-117.100641,39.501855,1828.4],[-117.09836,39.501803,1836.2],[-117.09608,39.501717,1845.0],[-117.093784,39.501644,1854.2],[-117.091423,39.501564,1864.8],[-117.089358,39.501519,1874.8],[-117.087259,39.501223,1884.2],[-117.085232,39.500826,1892.6],[-117.082885,39.500432,1900.4],[-117.080962,39.499904,1911.6],[-117.080021,39.498704,1922.4],[-117.078672,39.497631,1933.4],[-117.077024,39.496716,1944.8],[-117.076332,39.496315,1949.8],[-117.074573,39.495327,1960.4],[-117.07428,39.494385,1968.4],[-117.074293,39.494433,1968.2],[-117.074188,39.494364,1968.4],[-117.072402,39.49363,1979.0],[-117.072372,39.493691,1979.8],[-117.072258,39.493725,1980.0],[-117.072289,39.49374,1980.4],[-117.072327,39.493599,1980.6],[-117.070981,39.492543,1989.0],[-117.070688,39.492247,1991.8],[-117.071034,39.492756,1991.2],[-117.071338,39.493161,1989.6],[-117.071297,39.493071,1989.8],[-117.070938,39.49272,1992.8],[-117.070955,39.492712,1993.0],[-117.070998,39.492732,1993.0],[-117.071336,39.493113,1991.4],[-117.070569,39.492188,1997.2],[-117.069218,39.490879,2008.6],[-117.067632,39.489806,2019.8],[-117.065729,39.489014,2031.4],[-117.063614,39.489259,2042.6],[-117.061545,39.489342,2055.6],[-117.060298,39.488293,2066.0],[-117.059378,39.488954,2076.6],[-117.060407,39.490576,2086.2],[-117.060915,39.492166,2096.6],[-117.059572,39.493143,2108.0],[-117.058976,39.491452,2118.0],[-117.05697,39.490667,2128.2],[-117.055424,39.489571,2138.0],[-117.054068,39.488445,2148.2],[-117.051979,39.488927,2158.2],[-117.049855,39.488633,2167.0],[-117.050576,39.487128,2177.6],[-117.051164,39.485529,2188.8],[-117.049715,39.484268,2198.8],[-117.047992,39.483371,2210.0],[-117.045816,39.483501,2220.6],[-117.04364,39.483632,2231.6],[-117.042248,39.482423,2242.6],[-117.03991,39.482467,2253.0],[-117.037401,39.481829,2262.6],[-117.03716,39.48178,2262.8],[-117.029365,39.478368,2226.0],[-117.018189,39.47802,2167.0],[-117.011425,39.478428,2115.8],[-117.002301,39.474771,2082.2],[-117.002181,39.47274,2092.0],[-117.002472,39.470831,2101.4],[-117.002784,39.468974,2111.8],[-117.002187,39.467146,2122.4],[-117.000747,39.465687,2133.4],[-116.999445,39.464132,2144.4],[-116.998993,39.462314,2155.2],[-116.998802,39.460388,2166.4],[-116.998552,39.458672,2177.2],[-116.99679,39.457313,2185.8],[-116.991914,39.454069,2171.6],[-116.986994,39.447404,2138.8],[-116.979611,39.440282,2085.8],[-116.971052,39.433673,2050.6],[-116.968393,39.425734,2015.8],[-116.962082,39.41832,1967.6],[-116.953224,39.410974,1905.2],[-116.9454,39.405537,1882.6],[-116.934122,39.403353,1839.8],[-116.923153,39.401216,1805.4],[-116.913887,39.399398,1787.6],[-116.906986,39.398063,1781.6],[-116.901004,39.396892,1778.6],[-116.895109,39.39576,1773.4],[-116.888996,39.394562,1770.6],[-116.882735,39.393338,1769.4],[-116.876326,39.392082,1766.8],[-116.869543,39.390764,1762.6],[-116.863081,39.389497,1761.4],[-116.857067,39.388336,1760.0],[-116.851904,39.38768,1758.8],[-116.846705,39.388202,1759.6],[-116.841652,39.389708,1759.8],[-116.837288,39.391094,1762.6],[-116.832657,39.392562,1763.6],[-116.82809,39.394002,1765.8],[-116.823743,39.395375,1766.8],[-116.819426,39.396724,1771.0],[-116.815511,39.397938,1774.2],[-116.811947,39.399075,1778.4],[-116.808505,39.400159,1781.6],[-116.804837,39.401314,1784.2],[-116.801601,39.402338,1789.0],[-116.798594,39.403309,1793.4],[-116.795552,39.404533,1797.2],[-116.79239,39.406015,1801.4],[-116.789036,39.407583,1804.8],[-116.785852,39.408678,1810.4],[-116.78303,39.409122,1816.8],[-116.779545,39.409247,1822.0],[-116.77716,39.409445,1830.2],[-116.77506,39.409914,1838.6],[-116.772335,39.410827,1843.8],[-116.769117,39.411994,1843.6],[-116.765762,39.413212,1854.2],[-116.762864,39.414842,1860.8],[-116.759715,39.417482,1857.6],[-116.757252,39.419645,1865.2],[-116.755719,39.42146,1869.0],[-116.755275,39.421926,1871.0]]}},{"type":"Feature","properties":{"date":"2026-08-08","source_file":"5.gpx","dist_m":207017,"vert_up_m":1353,"vert_down_m":1289,"points":536},"geometry":{"type":"LineString","coordinates":[[-116.754906,39.422707,1893.4],[-116.754757,39.422939,1893.4],[-116.753289,39.425406,1893.4],[-116.752031,39.427477,1900.0],[-116.750794,39.429507,1909.2],[-116.749932,39.430964,1919.6],[-116.749352,39.432425,1929.0],[-116.749237,39.433943,1938.2],[-116.749336,39.435625,1948.6],[-116.749252,39.437186,1958.4],[-116.74862,39.438723,1968.0],[-116.74791,39.44023,1977.0],[-116.74714,39.441802,1985.8],[-116.745402,39.443521,1991.4],[-116.739843,39.446056,1977.4],[-116.735321,39.452074,1957.4],[-116.729049,39.455399,1949.6],[-116.722785,39.458474,1939.6],[-116.71418,39.460562,1922.2],[-116.706169,39.462,1914.0],[-116.699354,39.463221,1910.8],[-116.692839,39.464374,1909.2],[-116.686223,39.465564,1909.2],[-116.67967,39.466731,1909.8],[-116.672941,39.467918,1908.4],[-116.665976,39.469161,1906.2],[-116.659104,39.470382,1905.2],[-116.652227,39.471608,1904.0],[-116.64556,39.4728,1902.4],[-116.639394,39.473899,1902.0],[-116.633825,39.474891,1901.8],[-116.628241,39.475886,1902.4],[-116.623631,39.476703,1907.6],[-116.618779,39.477565,1909.2],[-116.613141,39.478564,1908.6],[-116.607579,39.479552,1909.4],[-116.601542,39.480619,1908.0],[-116.595943,39.481612,1909.8],[-116.590536,39.482573,1910.8],[-116.584509,39.483645,1909.8],[-116.578398,39.484729,1907.2],[-116.572576,39.485751,1907.6],[-116.566953,39.486762,1907.6],[-116.561086,39.487796,1906.2],[-116.555546,39.488777,1905.6],[-116.549695,39.489814,1904.6],[-116.543755,39.490881,1903.6],[-116.537796,39.491933,1903.6],[-116.53176,39.492995,1903.6],[-116.52638,39.493938,1905.4],[-116.521229,39.494849,1907.6],[-116.516529,39.495689,1911.6],[-116.511718,39.49652,1914.6],[-116.506938,39.497367,1916.8],[-116.501822,39.498271,1917.0],[-116.495846,39.499319,1914.2],[-116.489683,39.500415,1913.0],[-116.484829,39.50127,1916.0],[-116.479422,39.502219,1917.0],[-116.474011,39.503188,1918.2],[-116.468685,39.504119,1920.0],[-116.463107,39.505105,1920.0],[-116.456937,39.506194,1917.6],[-116.450438,39.507342,1915.6],[-116.44425,39.508437,1914.4],[-116.438101,39.509502,1913.6],[-116.431791,39.510615,1911.4],[-116.425383,39.51174,1909.0],[-116.418982,39.512862,1906.6],[-116.412679,39.513972,1904.2],[-116.407139,39.514949,1903.8],[-116.4004,39.516138,1887.2],[-116.393485,39.517333,1873.0],[-116.38658,39.518573,1867.6],[-116.380141,39.519698,1864.4],[-116.373648,39.520838,1861.4],[-116.367413,39.521915,1861.0],[-116.362074,39.522853,1858.6],[-116.35632,39.523868,1855.0],[-116.350752,39.524829,1853.4],[-116.344876,39.52587,1852.4],[-116.339039,39.526897,1851.6],[-116.333085,39.527928,1850.6],[-116.327283,39.528949,1850.8],[-116.321867,39.529899,1850.2],[-116.316435,39.530898,1849.8],[-116.310964,39.532328,1849.2],[-116.305294,39.533824,1849.0],[-116.299662,39.535302,1847.6],[-116.293851,39.536818,1846.4],[-116.288188,39.538312,1845.8],[-116.28276,39.53973,1844.0],[-116.277494,39.541129,1843.2],[-116.272352,39.542464,1842.4],[-116.26772,39.543677,1842.0],[-116.262608,39.545035,1841.4],[-116.257221,39.54645,1841.0],[-116.251736,39.547888,1841.6],[-116.246548,39.549247,1842.2],[-116.240997,39.550702,1842.6],[-116.235585,39.552241,1844.2],[-116.230824,39.55411,1846.8],[-116.225576,39.556222,1844.2],[-116.219525,39.558649,1840.4],[-116.216022,39.560065,1847.2],[-116.212382,39.56153,1853.0],[-116.207974,39.563303,1853.4],[-116.204028,39.564883,1858.6],[-116.200465,39.56631,1864.0],[-116.196279,39.567961,1868.2],[-116.191227,39.569708,1868.8],[-116.186077,39.57149,1869.4],[-116.180769,39.573184,1870.8],[-116.175183,39.574378,1872.0],[-116.169927,39.575435,1873.0],[-116.163527,39.576731,1865.6],[-116.156062,39.578239,1857.6],[-116.149216,39.579614,1851.6],[-116.143008,39.580871,1848.4],[-116.135562,39.582349,1838.6],[-116.127578,39.583755,1830.2],[-116.121114,39.583973,1829.8],[-116.114782,39.583919,1830.2],[-116.107768,39.583844,1829.0],[-116.100733,39.582569,1828.0],[-116.094691,39.580117,1826.4],[-116.088773,39.57768,1825.2],[-116.082736,39.575156,1824.4],[-116.076536,39.572771,1825.0],[-116.069168,39.573039,1823.0],[-116.061743,39.57388,1821.6],[-116.05602,39.572633,1827.6],[-116.051289,39.571298,1833.0],[-116.045623,39.569711,1833.0],[-116.037887,39.567537,1827.8],[-116.031192,39.565646,1828.6],[-116.02579,39.564128,1831.4],[-116.020221,39.562574,1833.6],[-116.014243,39.560893,1835.0],[-116.00926,39.559488,1840.0],[-116.0049,39.558251,1844.8],[-116.000805,39.557099,1850.6],[-115.997233,39.556092,1858.6],[-115.99409,39.555192,1865.2],[-115.990542,39.55401,1872.0],[-115.987566,39.552152,1878.0],[-115.984682,39.549951,1886.4],[-115.982645,39.548414,1897.2],[-115.981111,39.547193,1907.2],[-115.979425,39.545915,1915.8],[-115.977418,39.544191,1923.8],[-115.97577,39.54231,1930.6],[-115.974204,39.539983,1937.4],[-115.97249,39.537348,1944.4],[-115.97072,39.534674,1951.0],[-115.968476,39.532787,1955.4],[-115.968437,39.532803,1955.6],[-115.968437,39.532803,1955.6],[-115.968437,39.532803,1955.6],[-115.968437,39.532803,1955.6],[-115.968437,39.532803,1955.6],[-115.968437,39.532803,1955.6],[-115.968437,39.532803,1955.6],[-115.968437,39.532803,1955.6],[-115.968437,39.532803,1955.6],[-115.968437,39.532803,1955.6],[-115.968437,39.532803,1955.6],[-115.968437,39.532803,1955.6],[-115.968437,39.532803,1955.6],[-115.968437,39.532803,1955.6],[-115.968437,39.532803,1955.6],[-115.968437,39.532803,1955.6],[-115.968437,39.532803,1955.6],[-115.968437,39.532803,1955.6],[-115.968437,39.532803,1955.6],[-115.968437,39.532803,1955.6],[-115.968437,39.532803,1955.6],[-115.968437,39.532803,1955.6],[-115.968445,39.532803,1955.6],[-115.968445,39.532803,1955.6],[-115.968445,39.532818,1955.6],[-115.968445,39.532818,1955.6],[-115.968445,39.532818,1955.6],[-115.968475,39.53281,1955.6],[-115.968475,39.53281,1955.6],[-115.968475,39.53281,1955.6],[-115.968475,39.53281,1955.6],[-115.968475,39.53281,1955.6],[-115.968475,39.53281,1955.6],[-115.968475,39.53281,1955.6],[-115.968475,39.53281,1955.6],[-115.968475,39.53281,1955.8],[-115.968475,39.53281,1955.6],[-115.968468,39.53281,1955.6],[-115.968475,39.53281,1955.6],[-115.968475,39.53281,1955.6],[-115.968475,39.53281,1955.6],[-115.968475,39.53281,1955.6],[-115.968475,39.53281,1955.6],[-115.968475,39.53281,1955.6],[-115.968475,39.53281,1955.6],[-115.968475,39.53281,1955.6],[-115.968475,39.53281,1955.6],[-115.968475,39.53281,1955.6],[-115.968475,39.53281,1955.6],[-115.968483,39.53281,1955.6],[-115.968483,39.53281,1955.6],[-115.968468,39.532806,1955.8],[-115.96942,39.533067,1955.8],[-115.968567,39.530809,1962.0],[-115.967484,39.528181,1968.6],[-115.966088,39.524885,1969.8],[-115.963571,39.518813,1951.2],[-115.961938,39.514807,1959.4],[-115.961347,39.512692,1968.6],[-115.961084,39.512597,1968.4],[-115.960443,39.509914,1971.8],[-115.960045,39.507928,1980.2],[-115.959938,39.505914,1989.8],[-115.959572,39.503679,1998.0],[-115.958931,39.500917,2005.8],[-115.958245,39.497798,2011.4],[-115.957039,39.49506,2019.4],[-115.954384,39.493149,2027.4],[-115.951896,39.491824,2036.2],[-115.949746,39.490071,2044.0],[-115.948732,39.487924,2052.8],[-115.947808,39.485864,2061.2],[-115.946174,39.483864,2069.8],[-115.944604,39.481965,2077.4],[-115.943642,39.480168,2087.0],[-115.943565,39.478242,2097.0],[-115.944252,39.476422,2106.4],[-115.94503,39.474576,2115.8],[-115.945587,39.472668,2125.6],[-115.945568,39.470822,2134.6],[-115.945541,39.468742,2143.8],[-115.945053,39.46655,2151.8],[-115.943776,39.464789,2158.4],[-115.942353,39.463044,2166.0],[-115.941102,39.461354,2173.8],[-115.939965,39.459569,2183.0],[-115.938973,39.458027,2193.0],[-115.938065,39.456586,2203.6],[-115.937136,39.455093,2214.2],[-115.936061,39.4534,2222.6],[-115.934255,39.450445,2223.4],[-115.930483,39.442403,2175.6],[-115.922935,39.435405,2134.6],[-115.920394,39.428478,2104.6],[-115.920837,39.422183,2084.8],[-115.920929,39.416285,2070.6],[-115.91987,39.41059,2056.4],[-115.917382,39.405661,2045.8],[-115.920538,39.39953,2019.4],[-115.922394,39.392523,1992.4],[-115.919893,39.385481,1962.2],[-115.91169,39.380862,1928.2],[-115.904513,39.378391,1921.0],[-115.89819,39.376215,1912.8],[-115.89091,39.373715,1902.0],[-115.884287,39.371461,1895.6],[-115.877888,39.369313,1885.6],[-115.867567,39.369006,1853.4],[-115.858127,39.370635,1838.4],[-115.849788,39.372066,1830.0],[-115.842347,39.37333,1827.6],[-115.835511,39.374487,1825.4],[-115.828753,39.375663,1823.6],[-115.827568,39.375496,1822.4],[-115.822848,39.37664,1822.2],[-115.816843,39.377685,1821.6],[-115.81074,39.378727,1820.8],[-115.804473,39.379798,1820.6],[-115.798042,39.380912,1820.6],[-115.792149,39.381916,1820.0],[-115.785958,39.382963,1819.8],[-115.780691,39.383863,1824.6],[-115.776742,39.384535,1831.4],[-115.772453,39.385265,1834.6],[-115.767503,39.386108,1841.8],[-115.763246,39.386829,1848.0],[-115.758745,39.387588,1853.2],[-115.754404,39.38834,1857.6],[-115.749543,39.38916,1862.8],[-115.744775,39.389969,1865.2],[-115.739353,39.390892,1870.4],[-115.735858,39.391467,1877.6],[-115.73195,39.392147,1883.0],[-115.727106,39.392956,1886.8],[-115.723908,39.393547,1894.8],[-115.720963,39.394672,1904.2],[-115.716143,39.396636,1903.0],[-115.71264,39.398048,1912.2],[-115.710625,39.399101,1921.8],[-115.708604,39.399818,1931.0],[-115.705887,39.400146,1938.6],[-115.703593,39.401575,1947.6],[-115.701805,39.403568,1957.0],[-115.700018,39.405622,1965.6],[-115.69777,39.408016,1972.6],[-115.695062,39.410727,1973.8],[-115.688297,39.415824,1945.8],[-115.681519,39.416588,1954.4],[-115.678155,39.417057,1961.0],[-115.672394,39.418038,1952.0],[-115.660419,39.420042,1903.6],[-115.649473,39.419188,1886.2],[-115.641346,39.418114,1879.6],[-115.633127,39.417023,1865.4],[-115.628129,39.416359,1869.2],[-115.624825,39.415928,1872.4],[-115.621125,39.415432,1875.8],[-115.617373,39.414929,1880.6],[-115.61456,39.414574,1886.6],[-115.611134,39.41411,1890.4],[-115.607369,39.413605,1893.6],[-115.602951,39.413033,1897.2],[-115.5998,39.412605,1902.8],[-115.595589,39.412079,1908.2],[-115.592495,39.411644,1914.2],[-115.589006,39.411184,1919.4],[-115.586395,39.410877,1924.6],[-115.586479,39.410896,1924.6],[-115.58654,39.410866,1924.8],[-115.586106,39.410832,1925.6],[-115.584733,39.410629,1927.2],[-115.580468,39.410061,1931.8],[-115.576736,39.409534,1935.2],[-115.572648,39.408478,1940.0],[-115.569939,39.407498,1947.2],[-115.567475,39.406601,1954.6],[-115.5637,39.405217,1954.4],[-115.559918,39.403825,1956.2],[-115.557145,39.402794,1963.2],[-115.554421,39.401814,1970.4],[-115.551057,39.400578,1976.8],[-115.548706,39.399746,1982.2],[-115.546219,39.398804,1986.0],[-115.54249,39.397435,1988.0],[-115.538311,39.3961,1991.8],[-115.535243,39.3956,1998.8],[-115.533447,39.395382,2004.8],[-115.533455,39.395282,2004.6],[-115.533233,39.395302,2005.8],[-115.531396,39.395039,2013.8],[-115.529015,39.394716,2019.6],[-115.526832,39.394402,2029.8],[-115.524453,39.394075,2036.4],[-115.521461,39.393669,2042.6],[-115.518654,39.393272,2049.0],[-115.515098,39.392773,2054.6],[-115.512413,39.39241,2063.6],[-115.509918,39.392063,2071.4],[-115.507499,39.391743,2080.0],[-115.503936,39.391239,2082.6],[-115.500351,39.391178,2089.0],[-115.498214,39.391407,2098.2],[-115.496093,39.391628,2108.2],[-115.494194,39.391376,2117.4],[-115.492798,39.390209,2128.0],[-115.491043,39.389702,2138.4],[-115.490151,39.391205,2148.4],[-115.488535,39.392381,2159.2],[-115.487732,39.394142,2168.0],[-115.485843,39.394838,2179.6],[-115.483399,39.394606,2188.4],[-115.480846,39.394985,2197.8],[-115.478426,39.395366,2205.6],[-115.476272,39.396557,2214.2],[-115.474701,39.397938,2224.0],[-115.47245,39.398418,2234.6],[-115.470215,39.397774,2245.8],[-115.467933,39.397297,2250.6],[-115.467499,39.397217,2250.6],[-115.463804,39.396141,2233.6],[-115.457069,39.392246,2222.4],[-115.450484,39.389492,2205.4],[-115.44361,39.385791,2186.6],[-115.434766,39.382767,2161.8],[-115.424284,39.381675,2133.6],[-115.419036,39.37667,2119.4],[-115.415404,39.371699,2110.4],[-115.40801,39.368686,2098.4],[-115.40187,39.365085,2087.8],[-115.39917,39.360839,2083.2],[-115.396563,39.356595,2077.0],[-115.393829,39.352126,2072.4],[-115.389548,39.348404,2067.2],[-115.382116,39.349743,2061.0],[-115.375303,39.351452,2054.4],[-115.36775,39.352051,2050.2],[-115.36051,39.352631,2043.8],[-115.356329,39.356206,2039.4],[-115.352132,39.359284,2035.8],[-115.347761,39.356254,2030.8],[-115.340956,39.355205,2023.2],[-115.334785,39.356129,2021.8],[-115.33055,39.357953,2023.4],[-115.323988,39.360917,2008.0],[-115.316122,39.364675,1991.8],[-115.309508,39.368146,1983.4],[-115.303809,39.371144,1977.0],[-115.298224,39.374085,1970.4],[-115.292845,39.376874,1961.8],[-115.287733,39.379544,1962.4],[-115.283256,39.38189,1958.4],[-115.27896,39.384137,1952.8],[-115.274802,39.386311,1950.6],[-115.270469,39.388566,1947.0],[-115.266303,39.390751,1947.0],[-115.262282,39.392899,1945.0],[-115.257911,39.395222,1942.6],[-115.253165,39.397748,1943.4],[-115.248641,39.400162,1946.2],[-115.244148,39.402565,1949.2],[-115.24044,39.404522,1953.4],[-115.237159,39.406289,1954.0],[-115.232268,39.408909,1956.8],[-115.228201,39.411084,1962.4],[-115.224004,39.413312,1965.8],[-115.219046,39.415322,1969.8],[-115.214293,39.417054,1974.4],[-115.211402,39.41811,1981.2],[-115.208396,39.419197,1987.2],[-115.205321,39.420315,1994.2],[-115.201896,39.421337,2001.4],[-115.198966,39.422154,2008.8],[-115.196151,39.423855,2015.8],[-115.193206,39.425976,2022.2],[-115.189681,39.42801,2027.4],[-115.184744,39.429256,2029.8],[-115.179053,39.428932,2035.8],[-115.175132,39.428692,2045.2],[-115.171759,39.428493,2048.0],[-115.168837,39.428306,2056.8],[-115.165953,39.42815,2061.8],[-115.162283,39.427921,2067.4],[-115.156963,39.427594,2072.0],[-115.15305,39.427353,2080.8],[-115.149367,39.427242,2090.0],[-115.146114,39.427375,2097.4],[-115.142814,39.427685,2107.2],[-115.13983,39.428815,2116.8],[-115.136848,39.429527,2125.4],[-115.132987,39.429436,2134.2],[-115.128798,39.4301,2142.2],[-115.124961,39.430038,2152.0],[-115.121176,39.429985,2160.2],[-115.11743,39.43005,2171.4],[-115.114567,39.430092,2181.2],[-115.111854,39.429767,2190.8],[-115.109428,39.428749,2199.4],[-115.107116,39.427356,2206.4],[-115.104293,39.426349,2215.6],[-115.102203,39.425117,2227.8],[-115.100471,39.423645,2236.2],[-115.09825,39.42247,2246.0],[-115.095786,39.421184,2253.0],[-115.093948,39.419284,2262.4],[-115.092384,39.417228,2267.8],[-115.090545,39.415512,2276.0],[-115.088011,39.414741,2285.4],[-115.083629,39.41518,2286.8],[-115.077957,39.411298,2269.0],[-115.080542,39.405801,2242.2],[-115.083012,39.400012,2223.2],[-115.082805,39.393629,2202.4],[-115.077252,39.388864,2197.2],[-115.070515,39.384111,2178.6],[-115.064718,39.378945,2163.4],[-115.060095,39.373869,2153.0],[-115.056243,39.36965,2146.2],[-115.052053,39.365071,2134.8],[-115.048022,39.360637,2127.2],[-115.043829,39.356058,2123.4],[-115.039896,39.351744,2119.0],[-115.035963,39.347574,2115.4],[-115.031874,39.343829,2112.0],[-115.027525,39.33988,2109.0],[-115.023252,39.335951,2105.6],[-115.019033,39.332086,2102.0],[-115.014692,39.328123,2098.6],[-115.009712,39.324068,2093.6],[-115.00462,39.320015,2088.8],[-114.999572,39.316033,2084.8],[-114.994786,39.312235,2082.0],[-114.99033,39.308331,2081.0],[-114.987226,39.305048,2082.8],[-114.983579,39.30271,2091.6],[-114.979008,39.29939,2085.2],[-114.972371,39.294473,2067.2],[-114.967672,39.290949,2062.4],[-114.96482,39.287195,2060.2],[-114.96405,39.283113,2054.6],[-114.963821,39.279483,2054.4],[-114.961592,39.275545,2045.6],[-114.957377,39.270909,2046.0],[-114.950559,39.265924,2036.0],[-114.942439,39.263457,2022.8],[-114.934902,39.260763,2011.8],[-114.927975,39.257947,2005.2],[-114.921865,39.255694,2003.4],[-114.916076,39.25423,2003.2],[-114.911604,39.251487,2003.0],[-114.906634,39.247221,1994.0],[-114.898754,39.24723,1975.2],[-114.892125,39.248085,1962.4],[-114.887663,39.24876,1957.4],[-114.886322,39.249081,1956.2],[-114.882353,39.250367,1952.4],[-114.877784,39.25277,1950.2],[-114.875502,39.253052,1960.2],[-114.873573,39.251948,1967.2],[-114.872665,39.250182,1971.4],[-114.871612,39.248195,1980.2],[-114.870528,39.246107,1986.8],[-114.869896,39.24419,1987.8],[-114.869972,39.244156,1987.6],[-114.869934,39.24408,1985.0],[-114.869942,39.244095,1985.0],[-114.869965,39.244137,1985.0],[-114.869995,39.246056,1983.8],[-114.87011,39.246098,1983.8],[-114.871283,39.245491,1983.6],[-114.86933,39.24381,1984.4],[-114.869432,39.241707,1987.4],[-114.869445,39.241475,1986.2],[-114.867873,39.241135,1983.8],[-114.863742,39.239006,1977.6],[-114.857439,39.239121,1963.4],[-114.854588,39.239178,1963.4],[-114.849196,39.239246,1952.2],[-114.847481,39.237464,1953.8],[-114.84787,39.237423,1955.0],[-114.84809,39.237255,1955.8]]}},{"type":"Feature","properties":{"date":"2026-08-09","source_file":"6.gpx","dist_m":194260,"vert_up_m":1201,"vert_down_m":1976,"points":444},"geometry":{"type":"LineString","coordinates":[[-114.847473,39.237717,1960.8],[-114.847412,39.239015,1960.8],[-114.850915,39.239246,1963.0],[-114.854416,39.239201,1971.6],[-114.858666,39.239132,1974.8],[-114.861197,39.239101,1982.0],[-114.865272,39.23901,1985.4],[-114.865883,39.237412,1994.2],[-114.864235,39.235432,1998.6],[-114.863497,39.232849,2004.2],[-114.861817,39.229666,2010.6],[-114.860138,39.22647,2015.6],[-114.85846,39.223274,2020.4],[-114.856643,39.219783,2020.8],[-114.854416,39.215897,2019.4],[-114.852188,39.212879,2023.0],[-114.849876,39.209812,2025.8],[-114.84755,39.206719,2027.2],[-114.84523,39.203647,2028.6],[-114.842501,39.200009,2024.6],[-114.839108,39.195502,2014.0],[-114.835457,39.190659,2005.6],[-114.832168,39.186298,2002.4],[-114.829315,39.182514,1998.8],[-114.826721,39.179069,1993.6],[-114.823989,39.175434,1990.8],[-114.822181,39.173046,1995.0],[-114.820427,39.170788,1998.6],[-114.817528,39.16832,1995.4],[-114.812882,39.165722,1985.8],[-114.809623,39.16394,1996.8],[-114.80738,39.162723,2004.4],[-114.804702,39.161148,2011.0],[-114.802017,39.158786,2014.4],[-114.799644,39.155632,2015.8],[-114.797133,39.152102,2013.2],[-114.794047,39.147754,2005.2],[-114.790776,39.143153,1999.8],[-114.787613,39.13871,1997.6],[-114.785011,39.135052,1998.8],[-114.782493,39.1315,2000.4],[-114.779892,39.127842,2003.8],[-114.777207,39.124054,2005.4],[-114.774459,39.1202,2007.8],[-114.772125,39.11692,2012.0],[-114.769798,39.113662,2017.2],[-114.767606,39.110601,2021.6],[-114.765294,39.107325,2025.6],[-114.763084,39.104202,2031.2],[-114.76107,39.101368,2036.8],[-114.758857,39.098281,2041.4],[-114.756584,39.095062,2045.4],[-114.754381,39.091967,2051.0],[-114.752198,39.088878,2055.6],[-114.749941,39.085708,2059.0],[-114.747543,39.082352,2062.0],[-114.745132,39.078938,2065.6],[-114.742721,39.075542,2068.0],[-114.740379,39.072246,2072.2],[-114.738136,39.06908,2075.0],[-114.735702,39.065647,2077.2],[-114.733673,39.062793,2084.4],[-114.731705,39.06002,2090.2],[-114.729553,39.056984,2093.6],[-114.727081,39.053492,2094.2],[-114.724731,39.05019,2097.0],[-114.722557,39.047153,2099.0],[-114.720227,39.044472,2103.6],[-114.718017,39.04245,2110.0],[-114.715477,39.04052,2117.6],[-114.713928,39.039524,2120.0],[-114.711418,39.038036,2123.8],[-114.707756,39.035889,2125.2],[-114.703842,39.033897,2130.6],[-114.70018,39.033012,2137.4],[-114.696823,39.032017,2144.0],[-114.69413,39.030365,2151.0],[-114.69236,39.028278,2157.8],[-114.691101,39.026173,2164.2],[-114.689827,39.023994,2170.4],[-114.688324,39.022022,2177.4],[-114.6858,39.020882,2185.6],[-114.682514,39.021097,2192.4],[-114.679572,39.021929,2201.2],[-114.676568,39.02277,2210.2],[-114.673446,39.023766,2216.4],[-114.670807,39.025219,2225.6],[-114.668846,39.026638,2234.0],[-114.667946,39.02813,2241.4],[-114.666862,39.029938,2250.4],[-114.664703,39.030869,2262.2],[-114.662674,39.031555,2272.0],[-114.660896,39.032639,2282.0],[-114.658677,39.033199,2292.8],[-114.656486,39.033535,2303.4],[-114.655067,39.034729,2311.8],[-114.653541,39.036247,2321.8],[-114.651839,39.037407,2331.8],[-114.649696,39.038113,2341.2],[-114.647621,39.038662,2347.8],[-114.645935,39.038979,2347.0],[-114.63771,39.041378,2316.0],[-114.626409,39.043985,2262.2],[-114.615651,39.04736,2209.0],[-114.611022,39.040538,2162.8],[-114.603819,39.03413,2117.4],[-114.598898,39.027605,2071.0],[-114.588859,39.02578,2026.0],[-114.579338,39.025879,1987.4],[-114.570607,39.028838,1950.8],[-114.561775,39.031867,1917.2],[-114.552619,39.034981,1886.2],[-114.544149,39.037858,1860.2],[-114.535552,39.040783,1835.6],[-114.527082,39.043664,1815.6],[-114.519431,39.046269,1803.8],[-114.512267,39.048699,1791.8],[-114.50579,39.050912,1785.8],[-114.499709,39.052979,1780.8],[-114.493305,39.05514,1774.4],[-114.486951,39.057311,1768.0],[-114.480438,39.059506,1762.2],[-114.474487,39.061527,1758.8],[-114.469573,39.063198,1756.4],[-114.463942,39.065117,1755.6],[-114.45864,39.06691,1754.2],[-114.453917,39.068642,1754.8],[-114.451591,39.069958,1762.6],[-114.449493,39.071617,1768.8],[-114.447541,39.073838,1774.6],[-114.445871,39.076894,1779.0],[-114.444239,39.080316,1783.0],[-114.442614,39.083706,1785.2],[-114.440805,39.087445,1789.8],[-114.439089,39.09099,1795.0],[-114.437591,39.094075,1801.2],[-114.436164,39.097028,1807.8],[-114.434677,39.100087,1815.0],[-114.433189,39.103154,1822.0],[-114.431205,39.107274,1818.6],[-114.428153,39.113599,1801.2],[-114.424132,39.121928,1774.4],[-114.420577,39.129561,1756.0],[-114.418754,39.135104,1754.8],[-114.417146,39.140081,1755.6],[-114.41584,39.14405,1761.0],[-114.414779,39.147347,1765.2],[-114.413627,39.150827,1772.8],[-114.41262,39.153863,1779.6],[-114.411292,39.156915,1786.0],[-114.409042,39.159822,1792.6],[-114.406722,39.162602,1793.6],[-114.404045,39.165784,1791.6],[-114.40216,39.168019,1800.8],[-114.400947,39.169457,1807.6],[-114.399579,39.171094,1816.4],[-114.398078,39.172781,1826.0],[-114.396102,39.174286,1836.0],[-114.393302,39.175553,1839.6],[-114.390952,39.176109,1851.0],[-114.388885,39.176277,1860.4],[-114.386665,39.176174,1868.4],[-114.384581,39.175779,1876.6],[-114.382376,39.175278,1884.6],[-114.379874,39.174713,1889.4],[-114.377921,39.174244,1899.0],[-114.375915,39.173786,1910.2],[-114.374183,39.173381,1918.2],[-114.372413,39.172779,1923.8],[-114.370201,39.17152,1927.4],[-114.368751,39.170246,1938.6],[-114.367584,39.169071,1948.8],[-114.366401,39.16793,1959.0],[-114.365035,39.166728,1969.6],[-114.363685,39.16579,1980.0],[-114.362466,39.165047,1989.0],[-114.361343,39.164493,1996.6],[-114.35987,39.163738,2006.2],[-114.358474,39.16299,2015.4],[-114.356865,39.161957,2024.0],[-114.355652,39.160789,2031.8],[-114.354232,39.159622,2040.6],[-114.352569,39.158619,2051.4],[-114.351012,39.157756,2061.6],[-114.349372,39.156528,2072.8],[-114.348289,39.155048,2084.0],[-114.347366,39.153651,2093.0],[-114.346359,39.152149,2102.8],[-114.345161,39.150382,2114.2],[-114.344025,39.149136,2123.6],[-114.342279,39.148087,2133.0],[-114.340106,39.146974,2142.8],[-114.338572,39.145656,2151.2],[-114.33731,39.144012,2161.2],[-114.335914,39.142367,2165.8],[-114.33167,39.138873,2149.6],[-114.324498,39.133848,2121.8],[-114.317875,39.128007,2091.2],[-114.309169,39.122729,2058.4],[-114.297969,39.121647,2032.2],[-114.286999,39.119367,1993.4],[-114.275494,39.115011,1957.2],[-114.266964,39.110495,1936.4],[-114.259633,39.105569,1915.8],[-114.25249,39.101106,1896.8],[-114.243701,39.098668,1881.6],[-114.236746,39.095165,1867.0],[-114.231662,39.091772,1862.8],[-114.225472,39.088742,1852.8],[-114.215489,39.087001,1827.0],[-114.204998,39.085342,1802.4],[-114.195408,39.081896,1772.2],[-114.189092,39.078639,1760.0],[-114.184056,39.076052,1748.2],[-114.178013,39.072931,1734.2],[-114.172469,39.06999,1724.6],[-114.172645,39.067366,1729.4],[-114.170029,39.064483,1726.2],[-114.166939,39.061093,1715.6],[-114.163401,39.057223,1702.6],[-114.159923,39.053413,1691.0],[-114.156332,39.049499,1680.0],[-114.153647,39.046546,1675.8],[-114.150573,39.043185,1671.4],[-114.147506,39.039809,1664.8],[-114.144149,39.036124,1658.4],[-114.141119,39.032809,1652.8],[-114.138327,39.029742,1649.0],[-114.135427,39.02656,1643.4],[-114.131795,39.022588,1635.2],[-114.128721,39.019189,1631.2],[-114.125685,39.015886,1625.8],[-114.123413,39.012849,1623.4],[-114.12318,39.010977,1624.0],[-114.123054,39.01139,1621.6],[-114.122878,39.012272,1618.8],[-114.123405,39.013458,1618.2],[-114.123498,39.013435,1618.2],[-114.125538,39.015797,1613.6],[-114.128323,39.018883,1618.6],[-114.131304,39.022123,1622.0],[-114.133791,39.024881,1628.2],[-114.135942,39.027236,1633.8],[-114.138104,39.029587,1637.6],[-114.138448,39.032586,1631.2],[-114.131868,39.037878,1609.2],[-114.126711,39.042035,1607.2],[-114.121629,39.046156,1604.4],[-114.116854,39.05003,1603.4],[-114.111864,39.054063,1601.8],[-114.106644,39.05829,1599.0],[-114.100828,39.061042,1597.4],[-114.092893,39.060432,1586.8],[-114.084985,39.059843,1580.2],[-114.077288,39.059251,1571.8],[-114.070113,39.058702,1571.0],[-114.063335,39.058193,1565.6],[-114.056255,39.057666,1561.2],[-114.050123,39.05719,1558.0],[-114.048904,39.057038,1557.6],[-114.048874,39.05708,1558.0],[-114.045806,39.056869,1557.0],[-114.040343,39.056434,1552.6],[-114.037543,39.056179,1550.2],[-114.031894,39.055813,1548.0],[-114.025595,39.05533,1545.4],[-114.018952,39.054829,1544.0],[-114.011861,39.054284,1540.0],[-114.004835,39.053756,1538.8],[-113.998167,39.053241,1535.0],[-113.990942,39.052684,1531.6],[-113.984023,39.052162,1530.8],[-113.977579,39.051663,1530.8],[-113.971134,39.051175,1529.6],[-113.965134,39.05071,1532.4],[-113.958731,39.050216,1530.0],[-113.952316,39.04972,1529.6],[-113.94589,39.049224,1529.2],[-113.939539,39.048742,1530.2],[-113.933306,39.048264,1529.4],[-113.927197,39.047798,1529.4],[-113.921464,39.047351,1530.0],[-113.915535,39.046893,1530.0],[-113.909723,39.046454,1530.4],[-113.903806,39.045994,1529.8],[-113.898085,39.045547,1530.0],[-113.892522,39.04512,1530.4],[-113.887423,39.044727,1532.8],[-113.882729,39.044365,1536.0],[-113.878206,39.044022,1540.8],[-113.874125,39.043702,1545.2],[-113.87002,39.043392,1550.0],[-113.865686,39.043053,1555.2],[-113.861097,39.042695,1560.2],[-113.856724,39.042351,1564.8],[-113.852256,39.042015,1569.2],[-113.848057,39.041687,1573.6],[-113.84395,39.041366,1576.8],[-113.839809,39.041046,1580.6],[-113.835579,39.040711,1584.8],[-113.831301,39.040378,1588.4],[-113.826548,39.040009,1589.2],[-113.821643,39.039625,1591.0],[-113.816755,39.039662,1593.4],[-113.811702,39.040708,1593.6],[-113.806899,39.042397,1595.6],[-113.802198,39.044066,1598.8],[-113.797875,39.045597,1602.6],[-113.793061,39.047312,1603.0],[-113.788067,39.049082,1604.4],[-113.78321,39.050789,1607.4],[-113.778799,39.052366,1608.0],[-113.774736,39.053803,1611.4],[-113.770907,39.055153,1614.8],[-113.766756,39.056631,1617.8],[-113.762819,39.058013,1619.4],[-113.758584,39.059515,1620.6],[-113.754197,39.061068,1621.0],[-113.749827,39.06262,1620.8],[-113.746088,39.063936,1623.2],[-113.742747,39.065123,1627.2],[-113.739045,39.066435,1628.8],[-113.734889,39.067915,1630.0],[-113.731517,39.069094,1637.0],[-113.728532,39.070152,1641.8],[-113.725141,39.071347,1648.6],[-113.722134,39.072415,1656.6],[-113.719937,39.07319,1666.6],[-113.717632,39.074011,1676.0],[-113.715306,39.07483,1683.6],[-113.713047,39.075631,1694.0],[-113.711019,39.076348,1705.2],[-113.708629,39.077203,1713.8],[-113.706255,39.078033,1722.2],[-113.70381,39.078852,1731.2],[-113.701313,39.079208,1737.4],[-113.699009,39.079128,1748.0],[-113.696974,39.07878,1757.8],[-113.69459,39.078338,1760.6],[-113.690774,39.077632,1760.8],[-113.687082,39.076953,1764.4],[-113.683818,39.076346,1769.6],[-113.680712,39.075774,1774.2],[-113.677692,39.075217,1780.2],[-113.675296,39.074771,1786.6],[-113.672883,39.074333,1796.4],[-113.670742,39.073928,1806.2],[-113.668555,39.073521,1816.4],[-113.666363,39.073123,1826.6],[-113.664013,39.0727,1837.6],[-113.661796,39.072277,1845.8],[-113.659356,39.071827,1852.2],[-113.657056,39.071394,1863.4],[-113.65472,39.071095,1871.6],[-113.651824,39.071269,1880.4],[-113.649136,39.071851,1886.2],[-113.646524,39.072397,1892.8],[-113.643335,39.073106,1900.0],[-113.639274,39.073988,1904.2],[-113.633586,39.07521,1891.8],[-113.625482,39.076769,1871.4],[-113.616905,39.077918,1852.6],[-113.607239,39.079642,1822.2],[-113.599196,39.083852,1796.0],[-113.589959,39.082536,1776.0],[-113.58046,39.085224,1736.6],[-113.569363,39.085064,1685.6],[-113.559144,39.085885,1636.0],[-113.548283,39.087688,1592.6],[-113.537629,39.086815,1556.8],[-113.528671,39.086069,1536.8],[-113.51734,39.085139,1490.6],[-113.507365,39.084322,1463.0],[-113.495177,39.08303,1410.0],[-113.48733,39.080232,1398.4],[-113.481486,39.078,1392.4],[-113.476655,39.076169,1389.4],[-113.472062,39.074406,1389.6],[-113.467719,39.072741,1390.0],[-113.463327,39.071043,1392.8],[-113.458787,39.069334,1395.0],[-113.454904,39.067834,1395.6],[-113.450745,39.066259,1397.2],[-113.446653,39.064691,1397.0],[-113.44255,39.062778,1399.0],[-113.438802,39.06079,1399.8],[-113.4349,39.058706,1401.6],[-113.430872,39.05658,1401.2],[-113.427004,39.054513,1403.2],[-113.423318,39.052548,1409.4],[-113.419488,39.050518,1412.0],[-113.415674,39.048496,1415.0],[-113.411973,39.046528,1419.0],[-113.408573,39.044725,1424.4],[-113.404929,39.042797,1428.6],[-113.40159,39.041009,1433.8],[-113.397752,39.03896,1436.2],[-113.3935,39.036719,1438.2],[-113.389919,39.034814,1443.8],[-113.386566,39.033012,1448.6],[-113.38324,39.031258,1454.6],[-113.380001,39.029562,1462.4],[-113.377302,39.028106,1468.6],[-113.373564,39.026084,1471.6],[-113.369408,39.023861,1475.6],[-113.365686,39.022839,1484.2],[-113.362606,39.02324,1492.2],[-113.359032,39.024057,1496.4],[-113.354813,39.025041,1502.6],[-113.351166,39.025909,1509.6],[-113.348206,39.026592,1520.4],[-113.346153,39.027189,1531.8],[-113.344435,39.028154,1542.6],[-113.343185,39.029529,1554.2],[-113.342383,39.031134,1565.6],[-113.341559,39.032825,1576.8],[-113.339924,39.034812,1581.6],[-113.335232,39.036343,1575.2],[-113.32789,39.037019,1567.2],[-113.32004,39.037733,1557.4],[-113.311624,39.038499,1547.2],[-113.303811,39.039628,1541.4],[-113.29695,39.041711,1535.8],[-113.290815,39.043923,1537.2],[-113.285984,39.045657,1541.8],[-113.279533,39.047973,1535.8],[-113.270634,39.051155,1511.2],[-113.26016,39.054932,1479.0],[-113.25092,39.0584,1460.0],[-113.242495,39.061857,1446.4],[-113.234364,39.06519,1434.6],[-113.227083,39.068212,1430.2],[-113.220116,39.071074,1424.6],[-113.212644,39.074141,1415.8],[-113.204959,39.077297,1407.4],[-113.196974,39.08057,1394.4],[-113.190177,39.08336,1392.8],[-113.183957,39.0859,1391.0],[-113.17845,39.088172,1391.0],[-113.173019,39.090389,1390.2],[-113.167563,39.092763,1390.0],[-113.163845,39.094859,1387.4],[-113.161522,39.096191,1387.4],[-113.161362,39.09587,1386.8]]}},{"type":"Feature","properties":{"date":"2026-08-10","source_file":"7.gpx","dist_m":206803,"vert_up_m":689,"vert_down_m":885,"points":477},"geometry":{"type":"LineString","coordinates":[[-113.161575,39.096191,1385.4],[-113.1591,39.097647,1387.2],[-113.155688,39.099639,1387.0],[-113.151468,39.102123,1386.4],[-113.146959,39.104763,1383.2],[-113.142336,39.107475,1381.0],[-113.137961,39.110036,1381.4],[-113.133702,39.112521,1382.4],[-113.129532,39.11496,1383.0],[-113.12504,39.117596,1380.2],[-113.120729,39.120113,1381.2],[-113.117,39.12229,1386.0],[-113.113391,39.124419,1390.6],[-113.109537,39.126666,1395.0],[-113.10532,39.129123,1396.8],[-113.102459,39.130801,1405.8],[-113.098882,39.13289,1407.8],[-113.095073,39.135111,1412.0],[-113.091303,39.137317,1415.0],[-113.087504,39.139537,1419.4],[-113.08372,39.141749,1424.4],[-113.080432,39.143675,1431.2],[-113.07668,39.145869,1434.2],[-113.072826,39.148116,1438.8],[-113.069469,39.150077,1446.0],[-113.06576,39.152263,1446.8],[-113.060654,39.155235,1440.2],[-113.055833,39.158047,1438.8],[-113.051577,39.160537,1438.2],[-113.047602,39.162857,1436.6],[-113.043438,39.165286,1433.4],[-113.039661,39.167483,1433.8],[-113.035998,39.169624,1433.6],[-113.032161,39.171859,1433.2],[-113.028202,39.174174,1432.4],[-113.024228,39.176496,1430.4],[-113.019914,39.179008,1423.8],[-113.015535,39.181567,1421.4],[-113.01111,39.184135,1418.0],[-113.00689,39.1866,1415.8],[-113.003008,39.188865,1417.0],[-112.999407,39.190963,1415.0],[-112.995195,39.193424,1410.2],[-112.990342,39.196258,1402.8],[-112.985672,39.198983,1401.0],[-112.981294,39.201541,1400.4],[-112.976932,39.204078,1399.8],[-112.972665,39.206566,1398.8],[-112.968272,39.209121,1397.2],[-112.963785,39.211742,1395.6],[-112.959299,39.214344,1394.6],[-112.955202,39.216732,1395.0],[-112.951336,39.218996,1395.2],[-112.94746,39.221225,1394.0],[-112.943255,39.223671,1392.8],[-112.938959,39.226177,1392.2],[-112.934815,39.228588,1391.8],[-112.930484,39.231094,1389.8],[-112.926272,39.233551,1390.2],[-112.922648,39.23566,1391.4],[-112.918635,39.237983,1391.6],[-112.914606,39.24034,1392.4],[-112.910655,39.242637,1391.4],[-112.906511,39.245052,1390.0],[-112.902349,39.247476,1389.0],[-112.898051,39.249973,1388.8],[-112.893771,39.252464,1388.6],[-112.889421,39.25499,1388.2],[-112.885164,39.257465,1387.8],[-112.880952,39.259914,1387.2],[-112.876976,39.262219,1387.0],[-112.872752,39.264678,1386.6],[-112.868525,39.267123,1386.0],[-112.864412,39.269531,1385.4],[-112.860354,39.271873,1385.2],[-112.856266,39.27426,1385.0],[-112.852987,39.276159,1384.8],[-112.849399,39.278247,1385.0],[-112.84527,39.280635,1384.6],[-112.84155,39.2828,1383.6],[-112.83803,39.284858,1383.4],[-112.83397,39.287208,1383.8],[-112.829699,39.289691,1383.2],[-112.825579,39.292068,1383.0],[-112.821183,39.294624,1383.0],[-112.816897,39.297099,1383.0],[-112.812487,39.299656,1383.6],[-112.80806,39.30222,1383.4],[-112.803331,39.30451,1383.8],[-112.797888,39.305845,1384.0],[-112.79235,39.306967,1385.0],[-112.78709,39.308022,1385.2],[-112.781428,39.309168,1384.6],[-112.775841,39.310281,1385.0],[-112.770027,39.311453,1385.2],[-112.764396,39.312581,1386.6],[-112.758949,39.31368,1386.6],[-112.753257,39.314844,1387.4],[-112.747742,39.316933,1386.8],[-112.74233,39.319711,1387.4],[-112.736688,39.322567,1386.8],[-112.731163,39.325382,1387.4],[-112.726142,39.327942,1389.0],[-112.720469,39.330167,1388.2],[-112.714354,39.330895,1387.6],[-112.708444,39.330887,1388.0],[-112.703483,39.330868,1389.8],[-112.698408,39.330856,1390.0],[-112.693123,39.330856,1390.6],[-112.687888,39.330833,1391.8],[-112.682693,39.330818,1392.0],[-112.677979,39.330799,1392.0],[-112.673317,39.330761,1393.0],[-112.668449,39.33073,1394.0],[-112.663345,39.330719,1395.8],[-112.657981,39.330746,1396.0],[-112.652028,39.330734,1393.0],[-112.646462,39.330673,1389.8],[-112.641449,39.330635,1393.6],[-112.638968,39.330609,1397.2],[-112.634666,39.330578,1397.6],[-112.629577,39.330544,1396.4],[-112.624312,39.330502,1398.0],[-112.618774,39.330456,1396.8],[-112.613886,39.330847,1396.6],[-112.609974,39.333433,1399.0],[-112.606885,39.3373,1399.0],[-112.603931,39.341005,1399.2],[-112.603462,39.341585,1398.0],[-112.601093,39.344561,1401.2],[-112.59817,39.348235,1403.4],[-112.594392,39.351566,1404.0],[-112.589417,39.35244,1405.4],[-112.586378,39.352425,1413.8],[-112.581617,39.352314,1406.4],[-112.578552,39.35223,1408.0],[-112.57856,39.352173,1408.8],[-112.575203,39.352287,1409.8],[-112.570836,39.352257,1411.4],[-112.568374,39.352066,1412.2],[-112.568248,39.352223,1411.8],[-112.563659,39.352543,1411.6],[-112.563051,39.353041,1411.6],[-112.563852,39.353567,1411.6],[-112.559768,39.356742,1411.8],[-112.554907,39.360171,1412.6],[-112.550778,39.363085,1419.4],[-112.546547,39.366086,1424.4],[-112.542047,39.369244,1428.6],[-112.53781,39.372229,1431.4],[-112.532997,39.375608,1435.2],[-112.528335,39.378878,1435.8],[-112.523849,39.382055,1437.8],[-112.519798,39.384901,1439.2],[-112.514988,39.388253,1443.6],[-112.509822,39.391878,1443.4],[-112.503883,39.39642,1433.2],[-112.49692,39.402233,1418.0],[-112.495252,39.403593,1429.8],[-112.492953,39.405522,1436.4],[-112.489349,39.408985,1437.4],[-112.485361,39.412668,1443.6],[-112.481131,39.416653,1444.0],[-112.476162,39.421359,1437.2],[-112.471117,39.426138,1440.2],[-112.466502,39.430471,1443.0],[-112.462215,39.434513,1443.6],[-112.457729,39.438729,1443.8],[-112.453048,39.443127,1442.6],[-112.448675,39.447255,1444.0],[-112.444016,39.45163,1444.2],[-112.439727,39.455646,1445.0],[-112.435387,39.459727,1445.4],[-112.430994,39.463874,1445.8],[-112.426481,39.468121,1445.2],[-112.422072,39.472268,1446.2],[-112.417735,39.476359,1445.2],[-112.413206,39.480588,1446.0],[-112.408563,39.484972,1446.2],[-112.404152,39.489113,1447.0],[-112.399886,39.493099,1446.0],[-112.395058,39.497646,1440.8],[-112.390282,39.502151,1441.2],[-112.385955,39.506092,1442.2],[-112.381239,39.509218,1446.0],[-112.376596,39.512097,1446.0],[-112.372747,39.515118,1445.0],[-112.372009,39.519941,1446.0],[-112.371987,39.524938,1445.0],[-112.370082,39.529789,1446.0],[-112.36738,39.533876,1447.0],[-112.364627,39.538117,1448.0],[-112.361703,39.542562,1447.0],[-112.358821,39.54694,1445.0],[-112.355859,39.551512,1447.0],[-112.352961,39.55592,1449.0],[-112.350263,39.560092,1450.8],[-112.347461,39.564357,1454.4],[-112.346509,39.565816,1455.2],[-112.344448,39.56898,1457.8],[-112.342243,39.572337,1461.0],[-112.339877,39.57595,1464.6],[-112.337337,39.5798,1467.6],[-112.334841,39.583649,1470.8],[-112.332194,39.587665,1474.2],[-112.32963,39.591595,1477.2],[-112.327436,39.59576,1479.8],[-112.325302,39.599891,1483.4],[-112.323245,39.603935,1487.0],[-112.321232,39.607799,1492.6],[-112.3196,39.610964,1498.4],[-112.318058,39.613974,1502.6],[-112.316432,39.617171,1505.6],[-112.31517,39.619554,1507.0],[-112.313717,39.622395,1506.4],[-112.311711,39.626304,1508.0],[-112.309941,39.629734,1507.8],[-112.307712,39.634058,1503.6],[-112.305453,39.638433,1503.6],[-112.303272,39.642708,1504.2],[-112.301276,39.645711,1512.2],[-112.299673,39.647138,1522.2],[-112.297307,39.648833,1525.2],[-112.293074,39.651827,1519.8],[-112.289276,39.654527,1519.4],[-112.285247,39.657374,1521.4],[-112.281218,39.660216,1526.0],[-112.276947,39.663232,1529.8],[-112.272674,39.666243,1535.4],[-112.268491,39.669196,1533.6],[-112.264496,39.672033,1538.0],[-112.260933,39.674543,1539.8],[-112.256316,39.677691,1535.6],[-112.252409,39.680174,1536.2],[-112.249277,39.682148,1542.2],[-112.246666,39.683807,1546.6],[-112.243462,39.685826,1549.6],[-112.240519,39.687668,1554.4],[-112.237687,39.689456,1559.8],[-112.23474,39.691328,1563.6],[-112.231838,39.693149,1569.2],[-112.229319,39.694744,1576.4],[-112.226595,39.696472,1584.4],[-112.223941,39.698119,1590.0],[-112.22085,39.700099,1591.2],[-112.217073,39.702479,1589.4],[-112.21312,39.704965,1586.4],[-112.207271,39.709232,1568.0],[-112.203609,39.71296,1572.8],[-112.202086,39.715015,1581.4],[-112.201613,39.715673,1584.2],[-112.200496,39.717527,1587.6],[-112.199018,39.720373,1590.8],[-112.197766,39.722822,1597.8],[-112.196206,39.725871,1600.2],[-112.194447,39.729324,1603.4],[-112.193097,39.732024,1609.8],[-112.19174,39.734689,1616.6],[-112.19058,39.736921,1623.0],[-112.189305,39.739417,1625.6],[-112.187665,39.742662,1626.6],[-112.186285,39.745382,1631.4],[-112.18517,39.747544,1635.6],[-112.184025,39.749784,1642.2],[-112.182943,39.751919,1648.6],[-112.181744,39.754252,1651.8],[-112.180263,39.757038,1653.6],[-112.178157,39.759638,1658.0],[-112.175569,39.761796,1663.2],[-112.17216,39.763805,1667.4],[-112.16966,39.765237,1675.4],[-112.167644,39.766368,1683.0],[-112.165491,39.767546,1692.6],[-112.163355,39.768798,1699.8],[-112.16083,39.770217,1705.8],[-112.158756,39.771514,1715.2],[-112.157223,39.772693,1725.0],[-112.155798,39.774112,1734.8],[-112.154653,39.775562,1743.6],[-112.153579,39.777355,1749.6],[-112.152455,39.780052,1752.8],[-112.150998,39.784238,1749.0],[-112.149549,39.788261,1749.0],[-112.148449,39.791314,1755.8],[-112.147268,39.794593,1761.4],[-112.145976,39.798164,1760.4],[-112.144918,39.801667,1768.6],[-112.14421,39.80533,1771.4],[-112.143377,39.809613,1767.4],[-112.142355,39.814834,1762.4],[-112.141477,39.819395,1764.2],[-112.140845,39.822575,1773.4],[-112.140144,39.826187,1772.8],[-112.139334,39.830315,1770.0],[-112.138503,39.834576,1770.8],[-112.138161,39.837187,1777.6],[-112.1381,39.84015,1779.6],[-112.138115,39.843654,1774.4],[-112.138077,39.849158,1757.4],[-112.138062,39.854767,1748.0],[-112.138046,39.859232,1748.8],[-112.138039,39.863177,1752.4],[-112.138054,39.866229,1759.2],[-112.138046,39.869185,1764.6],[-112.138054,39.872523,1768.0],[-112.138023,39.875774,1769.8],[-112.137985,39.877796,1772.2],[-112.137993,39.878637,1772.0],[-112.137993,39.881312,1770.2],[-112.137985,39.884953,1769.2],[-112.13797,39.887996,1773.4],[-112.13797,39.890167,1780.6],[-112.137962,39.892189,1786.4],[-112.137962,39.894516,1792.8],[-112.137947,39.896836,1799.6],[-112.137932,39.899629,1804.0],[-112.13823,39.902667,1808.6],[-112.13917,39.905517,1812.6],[-112.140368,39.908671,1812.4],[-112.14178,39.912455,1809.0],[-112.142899,39.915499,1811.6],[-112.143283,39.916495,1812.0],[-112.144266,39.919135,1815.8],[-112.145159,39.921499,1820.8],[-112.146144,39.92409,1820.4],[-112.147463,39.927602,1815.8],[-112.148715,39.930967,1816.6],[-112.149315,39.933506,1822.8],[-112.149001,39.936464,1827.0],[-112.148345,39.938868,1834.8],[-112.146992,39.941174,1841.4],[-112.145167,39.942561,1851.8],[-112.143221,39.943381,1861.2],[-112.140717,39.944266,1868.8],[-112.138025,39.945196,1877.0],[-112.135087,39.945893,1884.6],[-112.132463,39.946525,1894.0],[-112.12983,39.94762,1901.6],[-112.127527,39.948714,1909.4],[-112.125575,39.949488,1919.8],[-112.124212,39.951194,1924.2],[-112.122385,39.953571,1929.2],[-112.121343,39.953977,1933.8],[-112.119199,39.954826,1941.0],[-112.119362,39.954898,1941.2],[-112.119343,39.9549,1942.0],[-112.116694,39.955247,1950.8],[-112.114157,39.95543,1963.6],[-112.111481,39.95579,1973.8],[-112.108581,39.956568,1981.6],[-112.105883,39.957504,1991.6],[-112.102906,39.959466,1991.6],[-112.097322,39.963124,1966.8],[-112.089551,39.968351,1929.8],[-112.080418,39.974731,1888.8],[-112.069324,39.975477,1853.4],[-112.063228,39.970425,1834.0],[-112.054906,39.968486,1813.4],[-112.04317,39.963097,1748.4],[-112.035367,39.956929,1709.8],[-112.025075,39.951272,1644.6],[-112.01454,39.950394,1611.8],[-112.004757,39.950876,1584.8],[-111.995609,39.95133,1556.8],[-111.986064,39.9516,1527.4],[-111.977288,39.951702,1506.6],[-111.969317,39.951805,1487.6],[-111.961694,39.951893,1467.8],[-111.953637,39.951996,1447.6],[-111.945473,39.952096,1428.6],[-111.938488,39.95219,1422.6],[-111.93153,39.952278,1410.2],[-111.925396,39.9524,1404.6],[-111.918981,39.952447,1401.8],[-111.912678,39.952484,1400.0],[-111.906447,39.952558,1394.6],[-111.900678,39.952793,1399.4],[-111.894056,39.953091,1393.6],[-111.888543,39.954517,1391.0],[-111.883552,39.955837,1388.6],[-111.878374,39.957199,1385.8],[-111.873086,39.958588,1381.4],[-111.868149,39.959891,1381.0],[-111.864073,39.96183,1380.2],[-111.862342,39.963195,1379.2],[-111.858587,39.966141,1376.0],[-111.854328,39.969477,1377.6],[-111.851367,39.971826,1385.4],[-111.84963,39.973189,1394.8],[-111.848684,39.973928,1397.4],[-111.846612,39.975383,1403.8],[-111.844031,39.97636,1410.8],[-111.840918,39.977531,1416.4],[-111.83645,39.979165,1418.4],[-111.833105,39.980377,1426.8],[-111.829866,39.981596,1430.6],[-111.82646,39.982906,1439.0],[-111.822795,39.984312,1440.8],[-111.818542,39.985532,1441.2],[-111.814336,39.985366,1448.2],[-111.810324,39.983828,1457.0],[-111.807687,39.982442,1469.2],[-111.805229,39.981248,1478.6],[-111.80166,39.979405,1480.4],[-111.797626,39.977305,1487.0],[-111.794053,39.975642,1496.4],[-111.789523,39.975545,1500.0],[-111.78846,39.975505,1500.8],[-111.784714,39.975529,1501.4],[-111.778067,39.975448,1496.2],[-111.777931,39.975173,1496.2],[-111.777762,39.975477,1501.4],[-111.773753,39.975551,1506.8],[-111.771041,39.975608,1508.2],[-111.768572,39.97892,1503.2],[-111.762745,39.985262,1475.6],[-111.756427,39.99013,1465.2],[-111.753117,39.995785,1451.4],[-111.74957,40.002865,1436.6],[-111.747362,40.007345,1442.2],[-111.745548,40.011673,1443.2],[-111.744005,40.016399,1442.0],[-111.742542,40.021496,1442.4],[-111.740866,40.026279,1442.2],[-111.737033,40.030257,1442.0],[-111.735385,40.031807,1443.8],[-111.732691,40.034946,1439.6],[-111.729545,40.034907,1436.0],[-111.72702,40.035356,1442.6],[-111.724806,40.038215,1436.4],[-111.721729,40.038182,1444.8],[-111.72149,40.042549,1421.8],[-111.721474,40.046003,1413.0],[-111.72146,40.051037,1402.4],[-111.718018,40.056166,1387.0],[-111.711544,40.061352,1379.6],[-111.705633,40.066333,1378.2],[-111.7001,40.070212,1377.4],[-111.694301,40.073189,1377.2],[-111.689047,40.076021,1379.8],[-111.683483,40.078927,1378.8],[-111.677954,40.081788,1380.4],[-111.672402,40.084727,1380.2],[-111.669088,40.086423,1386.8],[-111.666314,40.087876,1393.8],[-111.664062,40.089025,1402.8],[-111.660092,40.091568,1404.2],[-111.656078,40.094185,1396.6],[-111.655249,40.099451,1393.2],[-111.654747,40.105773,1393.4],[-111.654694,40.111743,1389.4],[-111.654639,40.117962,1385.4],[-111.654587,40.121397,1383.6],[-111.654572,40.122664,1382.4],[-111.653573,40.126449,1381.4],[-111.65036,40.129707,1378.6],[-111.650212,40.134424,1375.0],[-111.649864,40.140087,1371.4],[-111.650356,40.144507,1368.2],[-111.647722,40.144748,1375.4],[-111.649474,40.144638,1369.8],[-111.65509,40.144859,1366.4],[-111.656967,40.14945,1364.6],[-111.656914,40.154914,1362.2],[-111.656982,40.160456,1358.8],[-111.651673,40.161342,1359.6],[-111.651868,40.162393,1359.2],[-111.651727,40.162484,1358.6],[-111.650881,40.164687,1358.6],[-111.647425,40.164266,1358.8],[-111.647141,40.168666,1356.6],[-111.64711,40.173331,1355.2],[-111.647079,40.17779,1355.2],[-111.647066,40.182088,1355.2],[-111.647945,40.182284,1355.8],[-111.648692,40.182575,1356.0],[-111.649608,40.182579,1356.0]]}},{"type":"Feature","properties":{"date":"2026-08-11","source_file":"8.gpx","dist_m":176574,"vert_up_m":1320,"vert_down_m":1190,"points":492},"geometry":{"type":"LineString","coordinates":[[-111.650299,40.182266,1365.0],[-111.648091,40.182653,1367.0],[-111.647422,40.185494,1367.8],[-111.647768,40.187645,1371.0],[-111.643263,40.188148,1365.4],[-111.642943,40.188645,1365.2],[-111.643257,40.188618,1365.4],[-111.642615,40.18829,1367.0],[-111.642441,40.18524,1364.4],[-111.64219,40.181646,1361.6],[-111.638235,40.182328,1362.4],[-111.638268,40.186513,1364.0],[-111.638321,40.190705,1360.0],[-111.638896,40.19479,1358.6],[-111.639682,40.19882,1357.2],[-111.640895,40.202771,1357.2],[-111.642154,40.206759,1358.0],[-111.646535,40.208,1358.2],[-111.65134,40.208846,1360.4],[-111.652626,40.212917,1360.6],[-111.656841,40.21477,1360.2],[-111.65892,40.217041,1363.0],[-111.660672,40.219351,1363.4],[-111.662195,40.22167,1364.6],[-111.662226,40.225397,1367.0],[-111.662178,40.229114,1370.8],[-111.66214,40.232922,1375.2],[-111.662225,40.236821,1380.4],[-111.662315,40.238914,1380.0],[-111.662071,40.242956,1382.4],[-111.658778,40.244402,1381.4],[-111.658522,40.248599,1383.6],[-111.658508,40.252844,1386.6],[-111.658524,40.255521,1390.4],[-111.658479,40.259018,1396.6],[-111.658463,40.262487,1400.8],[-111.658435,40.263232,1401.8],[-111.658707,40.263798,1402.8],[-111.657794,40.267083,1405.8],[-111.657105,40.270584,1406.6],[-111.657501,40.274292,1403.0],[-111.657883,40.277568,1405.4],[-111.65839,40.281062,1411.0],[-111.65888,40.284138,1415.4],[-111.658839,40.287472,1418.4],[-111.658647,40.290803,1421.8],[-111.657936,40.294107,1426.4],[-111.657347,40.297133,1430.4],[-111.65726,40.297531,1430.8],[-111.656938,40.300105,1434.0],[-111.65611,40.302705,1438.4],[-111.655619,40.305761,1442.8],[-111.655622,40.309018,1449.2],[-111.656073,40.312043,1457.0],[-111.655271,40.31402,1461.6],[-111.653015,40.316409,1463.8],[-111.650425,40.318708,1467.6],[-111.65039,40.321553,1470.2],[-111.647246,40.323334,1475.0],[-111.644413,40.325098,1480.6],[-111.642397,40.327413,1483.2],[-111.639771,40.329032,1487.2],[-111.636317,40.329531,1494.4],[-111.632817,40.328524,1496.8],[-111.629945,40.328426,1502.6],[-111.626265,40.3295,1503.2],[-111.622778,40.329996,1508.6],[-111.619909,40.330906,1514.2],[-111.619249,40.331319,1515.2],[-111.616683,40.332365,1520.6],[-111.614308,40.333715,1525.4],[-111.612323,40.336321,1523.2],[-111.61056,40.337618,1529.8],[-111.608274,40.338062,1536.0],[-111.605765,40.339544,1541.0],[-111.602936,40.340343,1545.2],[-111.600989,40.342325,1549.4],[-111.598588,40.343997,1554.4],[-111.595599,40.345403,1560.8],[-111.592442,40.346868,1563.8],[-111.588893,40.34814,1569.8],[-111.58605,40.349962,1572.4],[-111.583041,40.351893,1572.8],[-111.579414,40.353517,1573.6],[-111.576149,40.355932,1575.8],[-111.574553,40.355676,1578.0],[-111.573811,40.355619,1581.0],[-111.571947,40.356675,1586.8],[-111.569346,40.358448,1586.4],[-111.565546,40.36014,1588.4],[-111.561887,40.36182,1589.8],[-111.557893,40.364082,1590.4],[-111.55501,40.366614,1588.8],[-111.555454,40.370822,1587.4],[-111.555921,40.374465,1595.0],[-111.555858,40.375835,1600.4],[-111.554174,40.378492,1604.2],[-111.551716,40.380204,1612.2],[-111.551901,40.383597,1613.8],[-111.551351,40.385287,1625.6],[-111.550507,40.386619,1637.6],[-111.54923,40.387674,1650.0],[-111.547361,40.390398,1643.8],[-111.541667,40.392929,1643.6],[-111.539764,40.397343,1638.2],[-111.535081,40.400643,1637.2],[-111.532733,40.402973,1640.6],[-111.529384,40.4061,1639.0],[-111.527352,40.405636,1651.8],[-111.524488,40.405411,1657.0],[-111.521358,40.407236,1660.6],[-111.518535,40.4087,1665.4],[-111.515436,40.409967,1671.2],[-111.512601,40.410881,1677.4],[-111.509669,40.411128,1682.8],[-111.507401,40.410483,1695.0],[-111.505091,40.409785,1703.0],[-111.497572,40.407575,1689.8],[-111.489002,40.406487,1680.0],[-111.48261,40.408211,1676.2],[-111.478034,40.412183,1664.2],[-111.479315,40.413812,1670.0],[-111.482395,40.414798,1672.4],[-111.484396,40.415394,1681.0],[-111.486285,40.416333,1687.4],[-111.488062,40.417916,1692.4],[-111.489431,40.421079,1681.8],[-111.489925,40.428052,1654.6],[-111.490537,40.430918,1664.8],[-111.49296,40.435638,1654.2],[-111.490652,40.439615,1655.4],[-111.486216,40.441692,1653.8],[-111.480315,40.442893,1652.0],[-111.477153,40.446781,1648.0],[-111.478314,40.451518,1643.8],[-111.473963,40.454623,1644.6],[-111.469813,40.456756,1645.2],[-111.467014,40.459656,1648.2],[-111.463512,40.461767,1655.8],[-111.460215,40.463572,1660.8],[-111.456905,40.465486,1666.6],[-111.453661,40.467372,1670.6],[-111.450661,40.469136,1677.2],[-111.447509,40.470939,1681.0],[-111.445263,40.470772,1685.2],[-111.443269,40.470771,1688.0],[-111.439256,40.470772,1690.8],[-111.435633,40.47076,1697.6],[-111.432085,40.470757,1705.2],[-111.428402,40.470757,1710.4],[-111.424782,40.470757,1714.8],[-111.420894,40.470772,1719.4],[-111.417125,40.470783,1724.6],[-111.413922,40.470795,1732.2],[-111.41035,40.470798,1737.6],[-111.406932,40.470807,1742.8],[-111.403423,40.470811,1748.4],[-111.399551,40.470798,1751.0],[-111.39565,40.470816,1756.6],[-111.395566,40.474484,1753.4],[-111.39338,40.473343,1756.6],[-111.392789,40.473326,1758.6],[-111.395353,40.475404,1753.8],[-111.400267,40.480247,1741.4],[-111.405334,40.48519,1730.2],[-111.410523,40.490365,1717.4],[-111.412572,40.492308,1713.2],[-111.413507,40.497261,1707.4],[-111.413445,40.50219,1705.4],[-111.413696,40.506191,1702.0],[-111.413795,40.505994,1701.8],[-111.413818,40.505962,1701.8],[-111.413847,40.505994,1701.4],[-111.41378,40.505991,1700.8],[-111.413841,40.505951,1700.8],[-111.413825,40.506012,1700.6],[-111.413765,40.505953,1700.8],[-111.413708,40.505929,1700.2],[-111.41385,40.506004,1694.8],[-111.413537,40.505923,1692.8],[-111.413856,40.505997,1694.2],[-111.413803,40.505932,1692.8],[-111.413826,40.505966,1693.6],[-111.413826,40.505927,1693.4],[-111.413764,40.505988,1694.8],[-111.41378,40.505896,1697.0],[-111.413865,40.506038,1697.0],[-111.413809,40.505997,1697.0],[-111.413769,40.505948,1697.0],[-111.413818,40.506,1696.8],[-111.413696,40.506107,1696.8],[-111.413834,40.505959,1696.0],[-111.413872,40.505725,1696.8],[-111.413832,40.50595,1695.8],[-111.413797,40.505894,1695.8],[-111.413909,40.505904,1695.8],[-111.413882,40.50591,1695.8],[-111.413771,40.505634,1696.0],[-111.414314,40.50613,1695.8],[-111.413374,40.505716,1695.2],[-111.413567,40.505764,1693.6],[-111.41384,40.505973,1692.8],[-111.413887,40.50615,1692.6],[-111.413916,40.506044,1692.6],[-111.413841,40.505825,1691.8],[-111.413817,40.505822,1691.4],[-111.413817,40.505879,1692.8],[-111.414228,40.505941,1693.0],[-111.41394,40.506023,1694.4],[-111.413834,40.505997,1693.6],[-111.41384,40.50608,1693.8],[-111.413841,40.506096,1693.4],[-111.413841,40.506125,1693.4],[-111.413841,40.506042,1688.8],[-111.413856,40.506049,1692.4],[-111.413918,40.50583,1691.6],[-111.413852,40.505941,1694.0],[-111.413956,40.505943,1692.6],[-111.413827,40.505726,1694.0],[-111.413794,40.505933,1695.6],[-111.41385,40.50594,1695.2],[-111.413879,40.505924,1693.4],[-111.413841,40.505925,1693.4],[-111.413792,40.505907,1693.0],[-111.413795,40.50594,1694.6],[-111.413986,40.505902,1695.8],[-111.414592,40.507362,1698.4],[-111.413611,40.50595,1698.6],[-111.413612,40.503685,1702.8],[-111.41394,40.500321,1707.4],[-111.414242,40.500007,1708.0],[-111.413696,40.498094,1710.0],[-111.413712,40.494897,1711.4],[-111.412528,40.492002,1716.6],[-111.409929,40.489621,1722.4],[-111.407518,40.487285,1727.8],[-111.405058,40.484752,1732.8],[-111.402473,40.48223,1738.8],[-111.399917,40.479758,1745.0],[-111.397384,40.477225,1752.2],[-111.39473,40.474647,1758.4],[-111.392165,40.472186,1765.4],[-111.389587,40.469649,1772.2],[-111.386963,40.467056,1779.6],[-111.384406,40.464535,1785.8],[-111.381723,40.461889,1792.2],[-111.378976,40.459207,1797.2],[-111.376433,40.456725,1802.6],[-111.374145,40.454538,1808.8],[-111.372145,40.452538,1813.2],[-111.370176,40.450619,1819.8],[-111.367597,40.448001,1823.2],[-111.364262,40.44496,1826.6],[-111.361031,40.441846,1830.0],[-111.358693,40.438657,1835.4],[-111.356468,40.435852,1841.8],[-111.35364,40.432819,1843.8],[-111.350653,40.429542,1848.4],[-111.348638,40.427526,1854.0],[-111.346639,40.425513,1860.4],[-111.344733,40.423621,1868.4],[-111.341239,40.421729,1871.4],[-111.337183,40.420124,1879.4],[-111.33441,40.418105,1888.0],[-111.33219,40.415909,1895.2],[-111.329325,40.414144,1901.8],[-111.326272,40.412533,1909.6],[-111.323297,40.411793,1917.2],[-111.320036,40.411037,1927.4],[-111.317428,40.409664,1937.4],[-111.314446,40.408138,1942.6],[-111.311263,40.405928,1951.2],[-111.308835,40.403365,1959.2],[-111.306121,40.400977,1966.0],[-111.30424,40.397973,1973.8],[-111.302501,40.395382,1980.4],[-111.302518,40.392331,1988.2],[-111.303099,40.389266,1995.8],[-111.302891,40.386505,2002.6],[-111.30141,40.383765,2010.6],[-111.299757,40.381326,2017.0],[-111.297261,40.379179,2025.2],[-111.295326,40.376911,2031.0],[-111.294648,40.374673,2038.2],[-111.294511,40.372442,2047.8],[-111.293341,40.370567,2055.6],[-111.291455,40.368924,2062.2],[-111.289623,40.366675,2069.4],[-111.288473,40.364824,2076.6],[-111.287096,40.363052,2084.8],[-111.285367,40.360895,2095.8],[-111.284144,40.359009,2106.2],[-111.282896,40.357358,2114.2],[-111.280335,40.355733,2120.2],[-111.277603,40.354096,2131.2],[-111.275335,40.352562,2138.4],[-111.273367,40.350979,2145.0],[-111.271347,40.349337,2151.8],[-111.269596,40.347915,2161.0],[-111.267905,40.346566,2171.2],[-111.266376,40.345352,2178.8],[-111.265109,40.343884,2186.6],[-111.264475,40.341632,2194.2],[-111.262884,40.339352,2200.4],[-111.26114,40.33681,2206.0],[-111.261328,40.335193,2215.0],[-111.261369,40.333764,2224.4],[-111.261224,40.333248,2227.0],[-111.260925,40.331873,2235.8],[-111.260925,40.330577,2244.4],[-111.260971,40.329238,2252.6],[-111.261129,40.327847,2260.8],[-111.261794,40.326499,2272.8],[-111.262047,40.325153,2282.0],[-111.261547,40.323902,2290.4],[-111.260379,40.322544,2299.8],[-111.259418,40.321418,2307.4],[-111.25885,40.320121,2315.0],[-111.258514,40.318561,2322.6],[-111.258232,40.317185,2330.8],[-111.257959,40.315823,2337.4],[-111.257553,40.314353,2347.8],[-111.257334,40.313495,2355.0],[-111.256943,40.312125,2363.8],[-111.257148,40.310882,2371.2],[-111.257848,40.309719,2379.6],[-111.258665,40.308422,2389.6],[-111.259047,40.30714,2397.6],[-111.258889,40.305541,2406.6],[-111.258059,40.30405,2412.6],[-111.257099,40.302438,2416.8],[-111.257443,40.302535,2416.8],[-111.256559,40.302442,2416.8],[-111.253972,40.299643,2420.8],[-111.252291,40.297599,2419.0],[-111.24719,40.289628,2383.4],[-111.237768,40.283554,2364.4],[-111.227835,40.281309,2354.4],[-111.220436,40.279126,2352.0],[-111.214983,40.275621,2351.2],[-111.212081,40.268865,2340.2],[-111.207968,40.262231,2333.2],[-111.201742,40.256931,2328.8],[-111.196072,40.252089,2324.6],[-111.190526,40.247374,2319.4],[-111.185449,40.243073,2319.2],[-111.179357,40.241038,2321.2],[-111.174891,40.242256,2323.6],[-111.17023,40.243717,2325.4],[-111.165105,40.244777,2325.6],[-111.159099,40.243645,2324.4],[-111.153806,40.242065,2326.2],[-111.148349,40.240493,2326.6],[-111.1425,40.238702,2323.8],[-111.136143,40.236837,2322.0],[-111.133433,40.234562,2329.0],[-111.132365,40.233066,2334.4],[-111.129989,40.231471,2339.4],[-111.125417,40.230873,2336.2],[-111.120271,40.229798,2329.4],[-111.116107,40.22804,2326.4],[-111.111059,40.225891,2318.4],[-111.106425,40.223264,2315.0],[-111.104221,40.21959,2316.2],[-111.103397,40.215301,2317.2],[-111.102437,40.210845,2317.4],[-111.104383,40.206249,2315.0],[-111.105125,40.201663,2318.2],[-111.103917,40.199093,2323.8],[-111.101994,40.19766,2329.0],[-111.099843,40.196942,2336.6],[-111.097268,40.196478,2341.8],[-111.093265,40.195606,2339.6],[-111.088843,40.194292,2342.6],[-111.08633,40.193509,2353.0],[-111.084264,40.192816,2362.6],[-111.081862,40.192042,2369.4],[-111.078267,40.190888,2367.0],[-111.070847,40.188516,2342.2],[-111.065002,40.186606,2341.6],[-111.0623,40.185747,2349.2],[-111.060072,40.185007,2356.6],[-111.056805,40.184065,2358.2],[-111.04955,40.182757,2334.4],[-111.040748,40.182122,2308.2],[-111.034775,40.181714,2304.8],[-111.030007,40.182272,2302.0],[-111.027173,40.183313,2315.8],[-111.024622,40.184729,2326.4],[-111.02266,40.185958,2324.6],[-111.016902,40.189617,2299.8],[-111.00875,40.194139,2273.2],[-111.001933,40.197966,2260.2],[-110.995277,40.199795,2251.8],[-110.988131,40.201078,2240.8],[-110.98244,40.203099,2234.6],[-110.976577,40.204901,2225.0],[-110.970512,40.20319,2214.6],[-110.966975,40.19677,2191.4],[-110.960404,40.193206,2182.4],[-110.952173,40.192588,2166.6],[-110.944499,40.19461,2162.6],[-110.936474,40.193997,2145.2],[-110.928257,40.196519,2118.6],[-110.919584,40.197888,2095.0],[-110.909482,40.200119,2059.6],[-110.902192,40.199271,2051.2],[-110.896671,40.198624,2049.6],[-110.8926,40.198563,2051.4],[-110.887668,40.198923,2048.0],[-110.883955,40.199896,2058.4],[-110.881409,40.200681,2065.8],[-110.878206,40.202179,2069.8],[-110.873757,40.205647,2048.2],[-110.869726,40.208924,2038.8],[-110.864711,40.211588,2029.6],[-110.860201,40.212314,2030.0],[-110.858516,40.212336,2033.4],[-110.852417,40.212364,2026.4],[-110.843607,40.212383,2008.6],[-110.836172,40.212193,2004.2],[-110.831217,40.210795,2010.0],[-110.826996,40.209566,2015.6],[-110.820721,40.208209,2006.0],[-110.811595,40.206615,1994.6],[-110.803395,40.205189,1982.4],[-110.795033,40.203743,1976.6],[-110.784389,40.200916,1931.8],[-110.778798,40.199016,1942.0],[-110.776852,40.199629,1949.6],[-110.775045,40.20127,1963.4],[-110.772485,40.204272,1963.0],[-110.766181,40.208693,1943.8],[-110.759688,40.21041,1953.0],[-110.757055,40.210583,1962.0],[-110.754508,40.210495,1972.2],[-110.75292,40.210378,1977.0],[-110.749847,40.209741,1986.4],[-110.746018,40.209005,1995.8],[-110.741609,40.208173,2001.8],[-110.739024,40.20768,2006.2],[-110.734219,40.206748,2010.4],[-110.728961,40.205721,2019.2],[-110.723905,40.20481,2025.4],[-110.717832,40.203653,2031.6],[-110.712855,40.202665,2041.0],[-110.708611,40.20186,2052.2],[-110.70548,40.201265,2059.0],[-110.701799,40.200541,2065.6],[-110.696375,40.199259,2065.8],[-110.687228,40.194932,2048.2],[-110.680105,40.191317,2050.6],[-110.675306,40.188888,2057.2],[-110.67122,40.18686,2065.6],[-110.664237,40.184018,2062.2],[-110.65548,40.182093,2065.0],[-110.649238,40.181633,2072.8],[-110.639978,40.181241,2059.2],[-110.62871,40.180772,2036.4],[-110.616199,40.180237,2010.4],[-110.604057,40.17952,1993.4],[-110.592145,40.174561,1957.0],[-110.57928,40.171932,1945.0],[-110.567377,40.171224,1926.4],[-110.554453,40.172264,1891.6],[-110.542221,40.174802,1863.4],[-110.532322,40.178372,1838.0],[-110.52041,40.178371,1815.2],[-110.509368,40.177039,1798.6],[-110.498503,40.173785,1771.8],[-110.489707,40.172121,1771.6],[-110.485686,40.169317,1778.0],[-110.482591,40.167149,1783.0],[-110.477739,40.16596,1783.0],[-110.471982,40.165206,1783.6],[-110.466524,40.164519,1785.2],[-110.460416,40.16414,1780.2],[-110.452569,40.164139,1764.4],[-110.443961,40.164123,1747.8],[-110.434631,40.164196,1734.6],[-110.424227,40.165336,1711.8],[-110.413001,40.163416,1683.2],[-110.405203,40.163345,1682.0],[-110.400179,40.163342,1679.0],[-110.399961,40.163165,1679.6],[-110.400612,40.163486,1678.8],[-110.400666,40.163514,1672.8],[-110.396595,40.163376,1668.4],[-110.392498,40.163925,1667.2],[-110.394224,40.164335,1665.4],[-110.394748,40.164413,1664.4],[-110.394722,40.164402,1664.2]]}},{"type":"Feature","properties":{"date":"2026-08-12","source_file":"9.gpx","dist_m":204790,"vert_up_m":1021,"vert_down_m":1037,"points":511},"geometry":{"type":"LineString","coordinates":[[-110.3936,40.164532,1667.8],[-110.392231,40.163498,1667.8],[-110.394162,40.163437,1670.2],[-110.390398,40.162884,1671.6],[-110.384973,40.163518,1665.6],[-110.380601,40.166886,1664.0],[-110.376298,40.170175,1662.6],[-110.371629,40.173771,1661.8],[-110.367014,40.177231,1659.6],[-110.362772,40.17982,1661.6],[-110.357902,40.180779,1664.2],[-110.350874,40.180904,1656.6],[-110.343741,40.181011,1647.0],[-110.337704,40.181103,1647.8],[-110.331191,40.181213,1642.6],[-110.325355,40.181332,1645.8],[-110.319283,40.181446,1646.8],[-110.312779,40.181494,1642.4],[-110.305379,40.179567,1636.8],[-110.298162,40.178069,1634.8],[-110.292008,40.177119,1635.0],[-110.285917,40.17618,1637.0],[-110.279303,40.17515,1637.4],[-110.273276,40.174205,1635.2],[-110.267025,40.171538,1625.6],[-110.260412,40.168784,1621.0],[-110.253578,40.168082,1620.2],[-110.247114,40.167433,1616.6],[-110.243528,40.166492,1615.4],[-110.239229,40.165075,1615.0],[-110.23404,40.162937,1610.0],[-110.228898,40.165328,1612.4],[-110.225116,40.166329,1619.4],[-110.220894,40.16658,1624.2],[-110.216805,40.167983,1631.2],[-110.216088,40.16991,1641.0],[-110.213055,40.171146,1637.4],[-110.204922,40.171196,1627.0],[-110.197278,40.171242,1620.0],[-110.190069,40.171261,1616.0],[-110.185242,40.172198,1622.0],[-110.179836,40.174469,1616.0],[-110.17244,40.17601,1610.8],[-110.167466,40.177025,1616.6],[-110.161919,40.180549,1602.6],[-110.161267,40.182544,1608.4],[-110.160965,40.183075,1606.4],[-110.15859,40.18403,1604.4],[-110.153429,40.187135,1604.2],[-110.14835,40.190327,1599.2],[-110.141883,40.193046,1592.0],[-110.135801,40.196018,1584.0],[-110.1299,40.199893,1573.4],[-110.12838,40.203653,1574.8],[-110.128045,40.20755,1572.6],[-110.121564,40.207689,1562.4],[-110.11601,40.210032,1557.2],[-110.111356,40.211368,1561.4],[-110.105059,40.211307,1563.0],[-110.099265,40.211285,1558.6],[-110.091916,40.211369,1553.6],[-110.085215,40.211498,1555.8],[-110.080992,40.211491,1553.0],[-110.074949,40.211464,1549.4],[-110.069866,40.21138,1554.0],[-110.06733,40.213101,1556.6],[-110.06736,40.21527,1565.4],[-110.067284,40.216962,1575.6],[-110.067284,40.219101,1583.8],[-110.067329,40.222154,1584.8],[-110.06733,40.22512,1587.6],[-110.067337,40.227626,1591.8],[-110.067345,40.229449,1599.2],[-110.067338,40.231243,1607.6],[-110.067345,40.233154,1615.2],[-110.067345,40.235864,1617.8],[-110.067337,40.239676,1615.0],[-110.067322,40.243757,1612.8],[-110.067322,40.247187,1613.2],[-110.065848,40.254607,1579.6],[-110.058143,40.259327,1561.2],[-110.050779,40.263029,1556.6],[-110.044149,40.266298,1551.0],[-110.038299,40.269154,1547.8],[-110.032759,40.27197,1545.4],[-110.026949,40.274993,1541.4],[-110.020994,40.278088,1536.6],[-110.015266,40.281064,1532.6],[-110.009444,40.284093,1529.0],[-110.004276,40.286776,1523.2],[-109.998859,40.289511,1525.6],[-109.993126,40.292023,1530.8],[-109.990425,40.293205,1537.0],[-109.98867,40.294702,1544.2],[-109.989058,40.294952,1544.4],[-109.988717,40.297917,1547.8],[-109.988814,40.300125,1549.2],[-109.986089,40.302079,1544.8],[-109.978761,40.302124,1540.8],[-109.972855,40.303008,1539.2],[-109.972893,40.306991,1536.4],[-109.972923,40.310917,1539.8],[-109.972923,40.314882,1539.8],[-109.972931,40.317784,1541.6],[-109.972961,40.321373,1542.0],[-109.972977,40.32496,1541.8],[-109.973007,40.328473,1544.8],[-109.973045,40.331803,1546.0],[-109.973045,40.334087,1553.0],[-109.973,40.33692,1557.4],[-109.972922,40.340926,1554.4],[-109.972922,40.344236,1562.0],[-109.970604,40.34573,1564.6],[-109.969917,40.345703,1566.8],[-109.968644,40.34573,1566.4],[-109.965759,40.346989,1573.0],[-109.963097,40.347389,1581.4],[-109.962326,40.34867,1593.2],[-109.961905,40.349958,1605.8],[-109.961439,40.351195,1618.4],[-109.959243,40.352142,1620.8],[-109.953621,40.352319,1614.8],[-109.95055,40.35521,1618.8],[-109.948805,40.35725,1624.6],[-109.947461,40.360279,1624.4],[-109.941655,40.360295,1623.8],[-109.935366,40.360279,1618.6],[-109.931761,40.360283,1622.0],[-109.925798,40.360268,1618.4],[-109.919129,40.360253,1609.0],[-109.91645,40.36026,1624.0],[-109.916199,40.362966,1629.2],[-109.916222,40.366512,1632.0],[-109.916238,40.370013,1635.0],[-109.916276,40.373683,1638.2],[-109.916283,40.377199,1642.6],[-109.916298,40.380674,1647.4],[-109.916268,40.384122,1652.4],[-109.916267,40.387695,1654.2],[-109.916328,40.391297,1659.6],[-109.916351,40.394295,1664.8],[-109.916382,40.397306,1670.4],[-109.916382,40.40047,1675.2],[-109.916321,40.403543,1681.0],[-109.911313,40.403884,1679.8],[-109.904914,40.403786,1677.2],[-109.897866,40.403755,1674.6],[-109.890727,40.403755,1672.0],[-109.883556,40.40374,1664.6],[-109.876224,40.40374,1659.0],[-109.868655,40.403721,1652.4],[-109.860871,40.403687,1647.4],[-109.853513,40.40366,1642.8],[-109.847714,40.40369,1642.8],[-109.842299,40.403679,1644.8],[-109.8366,40.403683,1648.8],[-109.830778,40.403671,1653.4],[-109.825129,40.40366,1657.0],[-109.820175,40.403649,1662.6],[-109.815202,40.403648,1670.4],[-109.813994,40.403725,1671.6],[-109.813956,40.403708,1671.4],[-109.813194,40.403648,1672.2],[-109.80867,40.403641,1677.6],[-109.804248,40.40366,1679.4],[-109.799832,40.403691,1683.2],[-109.795573,40.403702,1684.8],[-109.793723,40.4038,1689.8],[-109.789995,40.403763,1697.4],[-109.786081,40.403797,1699.6],[-109.783023,40.403786,1707.2],[-109.778441,40.403805,1706.6],[-109.775471,40.403762,1720.6],[-109.773595,40.402881,1733.8],[-109.771994,40.402065,1744.4],[-109.770015,40.401864,1755.0],[-109.767461,40.403657,1758.4],[-109.765621,40.406958,1759.8],[-109.763752,40.410377,1760.8],[-109.761812,40.416081,1730.4],[-109.752941,40.415507,1713.6],[-109.748582,40.415057,1724.8],[-109.742453,40.4139,1719.2],[-109.73497,40.412206,1704.8],[-109.727041,40.41138,1698.6],[-109.72092,40.410942,1699.0],[-109.717663,40.410705,1708.4],[-109.714306,40.410465,1715.2],[-109.712132,40.410324,1727.0],[-109.708478,40.409899,1727.2],[-109.699731,40.409372,1701.8],[-109.693811,40.413352,1692.2],[-109.689283,40.413963,1703.4],[-109.686436,40.414342,1710.8],[-109.682878,40.415312,1717.4],[-109.677824,40.417466,1710.8],[-109.674364,40.418917,1720.4],[-109.671725,40.419909,1727.0],[-109.668654,40.421097,1736.2],[-109.66729,40.423281,1740.2],[-109.668259,40.426321,1743.4],[-109.667677,40.427656,1755.4],[-109.666257,40.428506,1767.4],[-109.664386,40.428975,1779.8],[-109.66225,40.429536,1788.0],[-109.657498,40.430809,1782.6],[-109.651574,40.434594,1773.6],[-109.648105,40.436916,1780.6],[-109.644105,40.439607,1779.8],[-109.640894,40.441627,1790.8],[-109.635864,40.444279,1783.4],[-109.631845,40.446346,1787.4],[-109.62748,40.448589,1786.4],[-109.622567,40.451477,1780.4],[-109.617284,40.457092,1758.0],[-109.610886,40.462166,1740.0],[-109.602227,40.462635,1721.0],[-109.593209,40.462673,1706.8],[-109.584206,40.462631,1687.8],[-109.575619,40.462582,1679.2],[-109.567408,40.462597,1666.2],[-109.559428,40.462643,1656.4],[-109.554761,40.462673,1648.8],[-109.547641,40.462746,1642.2],[-109.540096,40.46286,1632.6],[-109.533681,40.462895,1624.4],[-109.52865,40.462926,1618.6],[-109.522664,40.463028,1611.4],[-109.516578,40.463108,1604.4],[-109.510862,40.463188,1600.8],[-109.504277,40.463276,1590.0],[-109.498331,40.463337,1580.6],[-109.492253,40.463425,1573.2],[-109.488326,40.463463,1568.4],[-109.483893,40.463559,1564.6],[-109.479393,40.463615,1567.2],[-109.476275,40.463665,1576.6],[-109.474156,40.464001,1590.0],[-109.471772,40.464419,1590.6],[-109.466992,40.464753,1587.2],[-109.462972,40.464726,1592.2],[-109.460207,40.464626,1599.2],[-109.457316,40.464528,1609.6],[-109.451986,40.464772,1603.6],[-109.445028,40.464523,1593.4],[-109.43969,40.462875,1592.4],[-109.435784,40.459488,1583.4],[-109.432325,40.456231,1581.6],[-109.428424,40.452727,1574.8],[-109.424833,40.449629,1573.0],[-109.42048,40.447019,1565.8],[-109.415332,40.445361,1552.8],[-109.410219,40.443597,1543.6],[-109.410291,40.442049,1555.0],[-109.408701,40.440531,1557.2],[-109.405848,40.437087,1552.4],[-109.397954,40.435584,1515.8],[-109.392539,40.432031,1503.2],[-109.387581,40.429275,1489.4],[-109.385012,40.426722,1494.6],[-109.380584,40.423389,1486.0],[-109.378287,40.422355,1485.8],[-109.374376,40.420698,1481.2],[-109.370568,40.419239,1476.2],[-109.367073,40.417935,1473.0],[-109.363228,40.415923,1470.2],[-109.358884,40.413987,1461.8],[-109.354675,40.41164,1453.6],[-109.350419,40.409827,1449.8],[-109.3471,40.408072,1453.4],[-109.342935,40.406286,1448.6],[-109.342676,40.405047,1457.2],[-109.3436,40.403688,1467.6],[-109.344875,40.401793,1469.2],[-109.346123,40.398748,1467.6],[-109.346077,40.39507,1465.2],[-109.346031,40.391336,1466.8],[-109.345993,40.387961,1462.6],[-109.345886,40.382866,1450.8],[-109.345801,40.378977,1448.0],[-109.345718,40.374912,1445.4],[-109.345589,40.370739,1444.0],[-109.344043,40.370706,1443.4],[-109.344278,40.370394,1442.6],[-109.345038,40.369755,1445.4],[-109.339602,40.369763,1441.6],[-109.333897,40.369614,1443.4],[-109.330585,40.36948,1451.8],[-109.328518,40.369239,1461.4],[-109.326626,40.368605,1469.8],[-109.324849,40.367524,1479.6],[-109.322902,40.3657,1487.0],[-109.320582,40.363456,1488.2],[-109.31851,40.36146,1493.0],[-109.316847,40.359869,1498.6],[-109.31498,40.358056,1502.8],[-109.313051,40.356199,1506.2],[-109.310926,40.354139,1507.4],[-109.308576,40.351876,1509.2],[-109.305967,40.349366,1510.4],[-109.303594,40.347074,1510.6],[-109.301212,40.344764,1511.0],[-109.299191,40.342911,1518.4],[-109.297001,40.341206,1522.8],[-109.294765,40.339639,1526.0],[-109.292216,40.337868,1527.8],[-109.289943,40.336297,1535.0],[-109.287946,40.334941,1540.2],[-109.285602,40.333551,1546.8],[-109.282878,40.332178,1552.6],[-109.280086,40.330903,1554.6],[-109.277264,40.329638,1559.8],[-109.274481,40.328384,1564.6],[-109.271602,40.327074,1571.4],[-109.268695,40.32576,1575.2],[-109.265565,40.324331,1578.4],[-109.261974,40.322759,1581.6],[-109.258078,40.321401,1575.6],[-109.252468,40.320051,1561.6],[-109.246311,40.318834,1545.0],[-109.240391,40.317636,1538.4],[-109.235902,40.316745,1541.0],[-109.232262,40.315958,1545.2],[-109.228881,40.314806,1547.0],[-109.227724,40.314267,1547.4],[-109.224762,40.31263,1549.8],[-109.221926,40.311044,1554.4],[-109.21921,40.309625,1559.6],[-109.215943,40.308206,1562.2],[-109.21205,40.306848,1564.2],[-109.208589,40.305673,1568.0],[-109.205178,40.304437,1572.0],[-109.201829,40.303212,1575.8],[-109.198675,40.302043,1579.0],[-109.195474,40.300871,1580.0],[-109.192168,40.299668,1581.8],[-109.188867,40.298444,1585.2],[-109.185716,40.297292,1587.6],[-109.182649,40.296044,1590.8],[-109.179261,40.294728,1593.0],[-109.175772,40.293484,1592.8],[-109.171737,40.292329,1592.6],[-109.167854,40.291502,1593.8],[-109.163986,40.290758,1593.6],[-109.160249,40.290034,1593.6],[-109.156441,40.289344,1594.6],[-109.152261,40.288577,1596.4],[-109.148065,40.287908,1600.2],[-109.143907,40.287449,1604.2],[-109.139742,40.286979,1607.0],[-109.135452,40.286498,1608.6],[-109.131409,40.286044,1610.8],[-109.127541,40.285648,1615.6],[-109.123726,40.285281,1616.8],[-109.119896,40.284919,1620.0],[-109.116182,40.28456,1623.4],[-109.112192,40.28418,1624.6],[-109.108273,40.283814,1628.2],[-109.105212,40.283519,1634.8],[-109.102107,40.283218,1638.4],[-109.098481,40.282883,1642.0],[-109.09475,40.282531,1644.2],[-109.090721,40.282145,1646.0],[-109.086845,40.281768,1648.8],[-109.083031,40.28141,1656.4],[-109.07969,40.281082,1662.4],[-109.076501,40.280788,1668.4],[-109.073313,40.280479,1676.8],[-109.07055,40.280219,1685.0],[-109.067591,40.279926,1690.2],[-109.063237,40.279417,1687.6],[-109.057961,40.277753,1685.2],[-109.055071,40.276188,1691.0],[-109.052745,40.274514,1696.0],[-109.050169,40.272611,1700.2],[-109.049689,40.27227,1701.2],[-109.048197,40.271183,1706.8],[-109.045664,40.269329,1710.6],[-109.042979,40.267365,1715.4],[-109.040362,40.265439,1721.0],[-109.037695,40.263484,1725.6],[-109.034947,40.261459,1731.6],[-109.032389,40.259596,1736.8],[-109.029668,40.257599,1741.8],[-109.027194,40.255967,1748.6],[-109.024401,40.254575,1754.4],[-109.021861,40.253022,1761.2],[-109.018998,40.251189,1763.4],[-109.016293,40.248917,1771.8],[-109.014247,40.247675,1779.6],[-109.011889,40.246606,1787.0],[-109.00996,40.245482,1792.6],[-109.009856,40.245507,1791.8],[-109.007728,40.24519,1795.2],[-109.003872,40.244669,1797.0],[-108.998475,40.243915,1791.6],[-108.99348,40.243263,1792.6],[-108.988543,40.243156,1794.8],[-108.983863,40.243053,1797.2],[-108.979049,40.24295,1798.6],[-108.974176,40.242854,1799.6],[-108.972781,40.243546,1801.4],[-108.970583,40.242767,1800.0],[-108.966551,40.242676,1808.2],[-108.96341,40.242615,1815.8],[-108.95973,40.24258,1821.8],[-108.954528,40.242677,1818.0],[-108.9479,40.242411,1813.6],[-108.942369,40.241824,1813.8],[-108.937098,40.241282,1814.6],[-108.931643,40.24071,1815.2],[-108.925913,40.239924,1813.0],[-108.920038,40.23908,1809.6],[-108.914043,40.238204,1804.4],[-108.906936,40.237651,1792.4],[-108.89937,40.239148,1779.6],[-108.894444,40.241246,1783.4],[-108.890549,40.242946,1790.4],[-108.885889,40.244642,1787.6],[-108.879422,40.246825,1774.4],[-108.873623,40.248794,1772.8],[-108.86997,40.250037,1780.6],[-108.865189,40.251235,1779.4],[-108.85776,40.251396,1769.0],[-108.852461,40.251389,1773.0],[-108.847546,40.251369,1776.6],[-108.842776,40.251362,1779.8],[-108.837477,40.251354,1780.6],[-108.831888,40.251335,1781.2],[-108.827446,40.251327,1786.4],[-108.823889,40.251312,1793.4],[-108.820449,40.251308,1800.4],[-108.816817,40.251297,1806.0],[-108.8111,40.251289,1800.8],[-108.803532,40.251289,1788.2],[-108.797354,40.251274,1786.6],[-108.789619,40.251067,1768.8],[-108.781455,40.250679,1753.6],[-108.773516,40.250317,1742.8],[-108.766096,40.249961,1736.0],[-108.759192,40.249637,1730.0],[-108.757162,40.249606,1729.0],[-108.75163,40.24929,1727.6],[-108.745123,40.248977,1722.6],[-108.738259,40.248664,1713.8],[-108.731111,40.248324,1707.8],[-108.725467,40.248281,1709.0],[-108.719192,40.249182,1702.6],[-108.71364,40.250044,1705.0],[-108.707059,40.251059,1698.8],[-108.700688,40.252035,1698.6],[-108.695384,40.252859,1701.0],[-108.689576,40.253752,1699.6],[-108.684461,40.254545,1705.6],[-108.679507,40.255301,1708.2],[-108.675108,40.255975,1715.4],[-108.670677,40.256661,1717.6],[-108.665956,40.257336,1721.4],[-108.662346,40.257381,1730.2],[-108.659126,40.257025,1737.0],[-108.655953,40.256273,1743.8],[-108.652275,40.255235,1750.0],[-108.647625,40.25393,1750.2],[-108.643063,40.252652,1752.0],[-108.63897,40.251433,1751.0],[-108.634419,40.249889,1750.6],[-108.630056,40.248349,1754.0],[-108.624886,40.24657,1751.2],[-108.619184,40.244786,1752.2],[-108.614917,40.24351,1756.8],[-108.609773,40.242946,1756.0],[-108.604048,40.243706,1754.8],[-108.59901,40.244672,1757.8],[-108.595921,40.245562,1766.0],[-108.592075,40.247179,1766.4],[-108.587309,40.250286,1761.6],[-108.583749,40.253692,1761.8],[-108.580546,40.25694,1763.0],[-108.5774,40.260109,1764.4],[-108.572922,40.264609,1746.4],[-108.567614,40.269956,1729.0],[-108.563733,40.273866,1730.4],[-108.560863,40.276723,1733.2],[-108.55741,40.2798,1734.0],[-108.554699,40.281921,1741.8],[-108.552852,40.283248,1749.8],[-108.55057,40.284859,1758.4],[-108.547915,40.286702,1761.4],[-108.544217,40.289249,1756.6],[-108.539739,40.29235,1755.8],[-108.535053,40.295594,1751.0],[-108.531229,40.29821,1756.8],[-108.529208,40.299786,1763.4],[-108.527447,40.301586,1770.6],[-108.526144,40.303345,1780.0],[-108.52528,40.305028,1787.4],[-108.524482,40.306828,1794.8],[-108.523443,40.309201,1799.0],[-108.520015,40.312781,1785.4],[-108.512683,40.316721,1770.4],[-108.50882,40.318846,1776.0],[-108.504842,40.321813,1775.4],[-108.502836,40.323362,1783.0],[-108.501212,40.324628,1791.0],[-108.499569,40.32587,1800.8],[-108.49899,40.326345,1804.4],[-108.497326,40.327602,1814.8],[-108.495716,40.32883,1824.6],[-108.493862,40.33028,1831.0],[-108.492762,40.331245,1832.4],[-108.492904,40.331723,1833.4]]}},{"type":"Feature","properties":{"date":"2026-08-13","source_file":"10.gpx","dist_m":185760,"vert_up_m":1586,"vert_down_m":869,"points":471},"geometry":{"type":"LineString","coordinates":[[-108.492897,40.331661,1845.8],[-108.49107,40.332446,1847.0],[-108.48717,40.334466,1847.8],[-108.481526,40.336106,1847.0],[-108.478917,40.336865,1855.8],[-108.476262,40.33764,1864.2],[-108.472131,40.338861,1865.4],[-108.466716,40.340452,1862.6],[-108.465803,40.340695,1863.2],[-108.461794,40.341913,1870.0],[-108.458302,40.343851,1877.6],[-108.456404,40.345854,1886.0],[-108.4551,40.347941,1893.4],[-108.453849,40.349908,1902.0],[-108.452926,40.351358,1912.6],[-108.45204,40.352792,1922.8],[-108.450964,40.354089,1933.8],[-108.448873,40.355038,1943.2],[-108.446158,40.355847,1952.4],[-108.443349,40.35671,1961.6],[-108.440954,40.357442,1971.6],[-108.438657,40.358125,1981.6],[-108.435887,40.35896,1989.0],[-108.433059,40.359829,1996.2],[-108.429699,40.360849,1999.8],[-108.425074,40.362249,1995.2],[-108.421023,40.363485,1999.6],[-108.41515,40.365265,1984.4],[-108.408119,40.367326,1973.4],[-108.404783,40.367852,1983.8],[-108.402914,40.368027,1994.4],[-108.401176,40.368179,2004.8],[-108.399374,40.368328,2015.0],[-108.39739,40.368485,2024.0],[-108.395077,40.368675,2032.6],[-108.392582,40.368955,2042.4],[-108.389706,40.369852,2049.0],[-108.386809,40.370907,2056.4],[-108.384358,40.3718,2064.0],[-108.381832,40.372705,2072.2],[-108.378039,40.374075,2074.2],[-108.371214,40.376551,2048.8],[-108.359133,40.380929,1990.6],[-108.351934,40.384845,1976.4],[-108.346365,40.391269,1946.2],[-108.343915,40.400482,1898.4],[-108.340438,40.405324,1902.8],[-108.339301,40.406656,1912.0],[-108.337224,40.408175,1918.6],[-108.335693,40.410406,1926.4],[-108.335594,40.412,1936.0],[-108.335456,40.413695,1945.8],[-108.33382,40.41564,1952.4],[-108.329132,40.416777,1952.2],[-108.323382,40.417962,1947.6],[-108.317048,40.419317,1943.4],[-108.310508,40.420687,1936.4],[-108.304149,40.422025,1934.4],[-108.301114,40.42275,1945.2],[-108.29832,40.423979,1948.4],[-108.293477,40.426382,1946.8],[-108.291403,40.427415,1957.6],[-108.289434,40.428395,1965.4],[-108.28573,40.430213,1964.8],[-108.280445,40.43213,1963.2],[-108.27461,40.434289,1947.2],[-108.268197,40.44038,1910.8],[-108.262683,40.446405,1886.0],[-108.258255,40.45123,1872.0],[-108.255743,40.453985,1880.2],[-108.254637,40.455145,1889.4],[-108.25363,40.456243,1898.6],[-108.252562,40.457426,1907.8],[-108.251418,40.458699,1918.4],[-108.250051,40.459825,1928.6],[-108.248251,40.460706,1937.8],[-108.24489,40.461889,1942.0],[-108.238065,40.464279,1914.4],[-108.231011,40.466742,1906.0],[-108.224365,40.469066,1896.2],[-108.21996,40.470605,1899.8],[-108.217961,40.471303,1905.4],[-108.21459,40.472501,1907.6],[-108.209301,40.474348,1902.4],[-108.20519,40.475778,1903.0],[-108.20194,40.476907,1909.8],[-108.199843,40.477623,1917.2],[-108.197798,40.478345,1924.4],[-108.195736,40.479066,1931.4],[-108.192501,40.48018,1935.8],[-108.187592,40.481909,1926.0],[-108.180939,40.484214,1908.0],[-108.174217,40.486563,1891.6],[-108.169766,40.488114,1896.0],[-108.165988,40.489431,1902.4],[-108.161122,40.491124,1897.0],[-108.155139,40.49322,1890.6],[-108.149649,40.495144,1886.6],[-108.141994,40.497819,1869.4],[-108.138372,40.499055,1879.0],[-108.136321,40.499772,1888.8],[-108.134328,40.500458,1898.6],[-108.131549,40.501417,1904.6],[-108.126698,40.503132,1895.8],[-108.122128,40.504732,1899.8],[-108.118717,40.505918,1906.4],[-108.114181,40.507506,1901.0],[-108.10566,40.511478,1855.0],[-108.097262,40.515864,1820.8],[-108.09038,40.517124,1809.0],[-108.085812,40.51709,1807.8],[-108.085526,40.517818,1807.0],[-108.084478,40.517245,1809.0],[-108.080747,40.516276,1809.2],[-108.077166,40.514963,1812.6],[-108.073236,40.513988,1815.2],[-108.068077,40.513943,1812.4],[-108.062508,40.513962,1809.4],[-108.057581,40.512252,1808.4],[-108.053623,40.510252,1813.0],[-108.049518,40.508176,1813.4],[-108.045459,40.506495,1814.8],[-108.04143,40.505144,1817.6],[-108.036622,40.503538,1812.6],[-108.031016,40.501752,1805.2],[-108.027455,40.500422,1807.0],[-108.024029,40.499572,1813.4],[-108.020641,40.499589,1817.8],[-108.016773,40.500765,1819.0],[-108.013378,40.503457,1819.2],[-108.010227,40.506707,1821.2],[-108.006754,40.510077,1822.6],[-108.002475,40.512683,1824.8],[-107.998141,40.514333,1828.4],[-107.994335,40.51576,1831.0],[-107.990091,40.51711,1834.0],[-107.985552,40.517762,1836.0],[-107.981349,40.518178,1841.2],[-107.977367,40.518566,1844.0],[-107.973081,40.518985,1847.4],[-107.968569,40.519417,1847.8],[-107.964023,40.519867,1850.6],[-107.960254,40.520241,1858.2],[-107.956178,40.520638,1861.0],[-107.951332,40.521152,1860.0],[-107.945508,40.522296,1853.8],[-107.940688,40.523295,1855.4],[-107.935961,40.524255,1859.8],[-107.93162,40.525055,1863.4],[-107.927064,40.525246,1866.8],[-107.921258,40.525223,1864.6],[-107.91649,40.525077,1868.2],[-107.911704,40.52417,1871.0],[-107.907742,40.523143,1873.2],[-107.904309,40.522281,1878.0],[-107.900988,40.52195,1882.2],[-107.896097,40.522542,1883.4],[-107.890901,40.52344,1887.8],[-107.886194,40.52576,1888.2],[-107.881936,40.528251,1888.8],[-107.878178,40.531456,1889.4],[-107.874065,40.535172,1889.6],[-107.870219,40.538624,1889.4],[-107.866397,40.542031,1892.2],[-107.862751,40.545334,1896.2],[-107.858534,40.547452,1902.0],[-107.85419,40.547847,1907.2],[-107.852004,40.547482,1910.8],[-107.851736,40.547432,1911.0],[-107.847436,40.545988,1910.0],[-107.842532,40.544294,1912.4],[-107.837968,40.543059,1912.6],[-107.832872,40.542442,1912.0],[-107.827748,40.541855,1914.2],[-107.8227,40.541254,1918.4],[-107.817854,40.540855,1919.4],[-107.812736,40.540532,1921.2],[-107.808078,40.540214,1924.2],[-107.80344,40.539649,1927.2],[-107.798745,40.538443,1930.2],[-107.793976,40.537184,1931.4],[-107.789132,40.535887,1932.4],[-107.784165,40.534524,1935.6],[-107.780391,40.532865,1941.8],[-107.777242,40.531188,1947.4],[-107.77396,40.529425,1951.4],[-107.770587,40.5278,1957.6],[-107.766221,40.526216,1960.6],[-107.761888,40.524652,1966.2],[-107.75783,40.523196,1969.6],[-107.753824,40.521757,1975.8],[-107.748918,40.519991,1973.0],[-107.741842,40.517447,1969.4],[-107.73794,40.51628,1971.6],[-107.732682,40.51554,1971.4],[-107.725934,40.514738,1961.6],[-107.720874,40.514129,1963.6],[-107.716652,40.51363,1969.4],[-107.714207,40.513309,1979.2],[-107.711223,40.512958,1989.6],[-107.707225,40.512477,1994.6],[-107.702371,40.511901,1997.6],[-107.697873,40.511363,2004.6],[-107.69537,40.511059,2013.4],[-107.691575,40.510608,2015.4],[-107.685808,40.509219,2009.0],[-107.675821,40.507862,1968.2],[-107.667781,40.507729,1961.0],[-107.660387,40.50761,1950.2],[-107.653912,40.507607,1952.4],[-107.650914,40.50829,1961.0],[-107.647852,40.509424,1966.8],[-107.642657,40.511302,1962.8],[-107.638227,40.51249,1972.2],[-107.635452,40.513029,1979.6],[-107.631861,40.513485,1987.0],[-107.625064,40.513802,1974.8],[-107.611942,40.513996,1916.8],[-107.601314,40.514008,1904.4],[-107.594179,40.514023,1900.2],[-107.587931,40.514023,1900.4],[-107.582813,40.514038,1903.0],[-107.577681,40.514042,1904.8],[-107.570653,40.514057,1896.0],[-107.563295,40.514095,1890.8],[-107.560798,40.513972,1890.0],[-107.555764,40.514141,1891.2],[-107.553069,40.512599,1891.4],[-107.547279,40.512474,1891.2],[-107.54614,40.514196,1891.8],[-107.542986,40.512387,1888.4],[-107.539046,40.514278,1888.2],[-107.53276,40.513277,1888.6],[-107.526817,40.511365,1888.6],[-107.520536,40.510788,1889.0],[-107.51461,40.510773,1890.6],[-107.510181,40.510792,1902.4],[-107.506225,40.510938,1911.8],[-107.499965,40.511376,1913.2],[-107.493853,40.511964,1920.6],[-107.487806,40.515487,1908.6],[-107.481514,40.518816,1905.6],[-107.474383,40.520441,1904.6],[-107.468092,40.522666,1899.4],[-107.463113,40.524735,1904.0],[-107.45962,40.527857,1907.6],[-107.454117,40.530622,1907.0],[-107.450481,40.531581,1917.4],[-107.444588,40.53315,1914.8],[-107.437396,40.531834,1906.4],[-107.432232,40.52854,1903.4],[-107.427439,40.526285,1910.6],[-107.422567,40.525524,1914.0],[-107.415998,40.525608,1913.0],[-107.409462,40.525182,1914.6],[-107.403311,40.523284,1904.8],[-107.398553,40.519859,1902.4],[-107.394113,40.516547,1906.8],[-107.389559,40.51316,1908.6],[-107.384682,40.510174,1912.2],[-107.380425,40.507399,1919.0],[-107.378142,40.502391,1912.0],[-107.374007,40.498244,1913.4],[-107.369691,40.494759,1913.6],[-107.36341,40.493339,1912.0],[-107.356788,40.493164,1914.8],[-107.350226,40.492972,1913.8],[-107.34403,40.492169,1917.2],[-107.337507,40.492675,1917.2],[-107.331739,40.492523,1915.8],[-107.32569,40.492363,1916.6],[-107.319803,40.492222,1915.0],[-107.313994,40.49205,1918.6],[-107.307822,40.491909,1921.4],[-107.301578,40.491798,1922.6],[-107.29541,40.491654,1924.6],[-107.28884,40.492544,1924.6],[-107.286161,40.492874,1923.6],[-107.281061,40.49355,1926.8],[-107.27546,40.493915,1928.2],[-107.26928,40.493935,1930.8],[-107.263024,40.493877,1931.4],[-107.257286,40.495372,1932.6],[-107.251568,40.496611,1932.8],[-107.250362,40.496762,1933.6],[-107.245263,40.496928,1933.8],[-107.240174,40.495936,1936.2],[-107.235179,40.495052,1940.0],[-107.230408,40.496066,1943.4],[-107.225607,40.498147,1942.8],[-107.219728,40.499359,1942.0],[-107.219775,40.499453,1939.2],[-107.215264,40.499344,1944.4],[-107.210374,40.499374,1947.4],[-107.206584,40.499355,1958.6],[-107.204059,40.499351,1965.6],[-107.199637,40.499298,1969.8],[-107.193409,40.49911,1966.4],[-107.186566,40.496988,1951.0],[-107.181623,40.493142,1947.4],[-107.178392,40.490255,1949.6],[-107.174353,40.488185,1952.2],[-107.168532,40.488232,1952.4],[-107.161825,40.487849,1949.4],[-107.155178,40.488012,1948.8],[-107.1506,40.486238,1955.4],[-107.146201,40.484614,1959.4],[-107.141328,40.480398,1956.6],[-107.13763,40.477085,1961.4],[-107.132265,40.475185,1966.0],[-107.127034,40.477389,1966.8],[-107.124812,40.480906,1976.0],[-107.119933,40.484694,1973.8],[-107.113177,40.487359,1964.0],[-107.105658,40.486773,1961.2],[-107.099055,40.48465,1965.0],[-107.093592,40.485582,1975.0],[-107.086636,40.486327,1965.6],[-107.079849,40.485505,1966.0],[-107.073279,40.484711,1965.0],[-107.066618,40.483902,1965.4],[-107.060037,40.483093,1966.6],[-107.053445,40.483385,1967.8],[-107.04763,40.485578,1970.4],[-107.040787,40.485641,1971.6],[-107.034214,40.485641,1973.4],[-107.027508,40.485626,1976.2],[-107.021737,40.485615,1984.6],[-107.01817,40.485611,1993.8],[-107.015112,40.485622,2002.2],[-107.010345,40.485645,2002.4],[-107.003604,40.485829,2002.8],[-106.99428,40.486135,1985.6],[-106.986717,40.484892,1987.4],[-106.980787,40.484039,1992.8],[-106.975005,40.484606,1993.8],[-106.969001,40.486659,1995.6],[-106.963273,40.488726,1996.2],[-106.957908,40.49065,1998.8],[-106.951973,40.492812,1999.8],[-106.946313,40.494841,2002.6],[-106.940886,40.496806,2005.0],[-106.935416,40.498775,2007.4],[-106.929857,40.500379,2012.2],[-106.924241,40.500866,2009.0],[-106.918146,40.501432,2010.4],[-106.913151,40.504221,2012.6],[-106.90735,40.505296,2015.6],[-106.9044,40.505711,2026.2],[-106.901047,40.505321,2034.0],[-106.897238,40.506421,2031.6],[-106.891195,40.508416,2030.4],[-106.885674,40.505091,2028.0],[-106.878507,40.506093,2024.8],[-106.872846,40.504028,2027.6],[-106.866479,40.503472,2029.6],[-106.861129,40.502811,2049.8],[-106.857013,40.500462,2053.0],[-106.857417,40.49666,2057.2],[-106.856289,40.494037,2054.4],[-106.850494,40.491479,2055.0],[-106.846414,40.489651,2061.6],[-106.841524,40.489128,2060.2],[-106.839097,40.488591,2060.2],[-106.840408,40.489166,2059.2],[-106.840408,40.489213,2072.0],[-106.837831,40.487915,2067.8],[-106.834261,40.485821,2071.2],[-106.833496,40.485329,2060.8],[-106.83066,40.483693,2062.0],[-106.829822,40.482911,2061.4],[-106.827062,40.480697,2063.8],[-106.826553,40.478196,2069.2],[-106.826416,40.473339,2063.8],[-106.826431,40.469371,2068.2],[-106.825972,40.465705,2070.0],[-106.825322,40.462218,2070.0],[-106.822045,40.458712,2073.4],[-106.818374,40.455474,2073.0],[-106.81591,40.450579,2065.6],[-106.81591,40.445699,2065.8],[-106.815887,40.441017,2067.4],[-106.815856,40.436771,2070.4],[-106.815895,40.432552,2074.2],[-106.814761,40.428831,2079.0],[-106.811035,40.426303,2084.8],[-106.807682,40.423914,2089.4],[-106.806671,40.420481,2096.0],[-106.806641,40.417246,2101.8],[-106.806641,40.413931,2108.6],[-106.806633,40.410471,2114.4],[-106.806633,40.406805,2117.4],[-106.80661,40.402899,2119.0],[-106.806633,40.398304,2116.4],[-106.806656,40.393222,2112.4],[-106.806702,40.391054,2123.8],[-106.807268,40.389646,2134.2],[-106.808107,40.388279,2145.0],[-106.809152,40.386659,2158.8],[-106.810014,40.385289,2170.8],[-106.810716,40.383946,2182.8],[-106.810583,40.382424,2194.8],[-106.809431,40.381167,2206.0],[-106.80763,40.380569,2215.4],[-106.805599,40.380627,2224.2],[-106.803555,40.380296,2234.2],[-106.802274,40.379053,2243.4],[-106.801168,40.37774,2254.0],[-106.79971,40.376685,2267.0],[-106.797726,40.376541,2277.8],[-106.795812,40.376334,2286.8],[-106.794639,40.375016,2300.0],[-106.794785,40.373526,2311.8],[-106.79473,40.37206,2323.4],[-106.793912,40.370767,2332.8],[-106.792325,40.369849,2344.0],[-106.790371,40.36948,2353.4],[-106.788503,40.369228,2363.0],[-106.78645,40.368923,2375.4],[-106.784611,40.368671,2386.0],[-106.783011,40.367964,2394.2],[-106.782387,40.366452,2406.6],[-106.782088,40.365011,2418.0],[-106.78127,40.36371,2429.6],[-106.779943,40.362493,2439.8],[-106.7787,40.36138,2453.4],[-106.777317,40.360338,2464.6],[-106.775501,40.360008,2472.6],[-106.773564,40.359898,2483.8],[-106.771771,40.359725,2496.2],[-106.769994,40.358965,2506.8],[-106.768843,40.357866,2519.0],[-106.767598,40.356825,2529.4],[-106.765989,40.355845,2540.2],[-106.764446,40.354952,2551.2],[-106.762967,40.354051,2562.2],[-106.761319,40.353072,2574.4],[-106.759939,40.352099,2584.4],[-106.758542,40.351061,2596.2],[-106.756909,40.350253,2609.2],[-106.755031,40.349926,2618.2],[-106.752995,40.349624,2629.8],[-106.751103,40.349346,2641.4],[-106.749302,40.349094,2652.4],[-106.747342,40.348804,2663.0],[-106.745464,40.34874,2673.0],[-106.743963,40.349589,2682.2],[-106.743715,40.351207,2692.2],[-106.745097,40.352456,2702.2],[-106.746731,40.353388,2712.2],[-106.748546,40.354516,2723.8],[-106.749796,40.355604,2733.4],[-106.750337,40.357084,2745.4],[-106.750618,40.358462,2756.0],[-106.750938,40.359981,2768.0],[-106.751221,40.361385,2777.8],[-106.751465,40.362935,2789.0],[-106.750562,40.36421,2800.8],[-106.748684,40.364919,2811.2],[-106.74696,40.365518,2820.4],[-106.745038,40.366205,2831.2],[-106.743528,40.367156,2840.6],[-106.741871,40.368759,2848.8],[-106.739126,40.371486,2841.6],[-106.731544,40.37582,2818.2],[-106.725342,40.375923,2823.0],[-106.721937,40.376703,2823.8],[-106.721218,40.374772,2824.2],[-106.722169,40.373742,2826.8],[-106.723733,40.374482,2831.2],[-106.723439,40.374932,2827.4]]}},{"type":"Feature","properties":{"date":"2026-08-14","source_file":"11.gpx","dist_m":253318,"vert_up_m":1545,"vert_down_m":2864,"points":559},"geometry":{"type":"LineString","coordinates":[[-106.723183,40.375153,2842.8],[-106.722822,40.374281,2845.2],[-106.721428,40.374088,2841.4],[-106.721916,40.376392,2839.4],[-106.722061,40.376797,2841.8],[-106.718093,40.378708,2832.4],[-106.712593,40.381634,2830.4],[-106.710724,40.382736,2841.0],[-106.708977,40.38377,2850.6],[-106.707054,40.384338,2861.2],[-106.704468,40.384197,2869.6],[-106.70015,40.383793,2870.0],[-106.698342,40.38364,2867.8],[-106.69143,40.382298,2856.2],[-106.687462,40.382126,2866.2],[-106.685196,40.383209,2875.0],[-106.683472,40.384247,2886.8],[-106.681732,40.385292,2897.8],[-106.679398,40.386718,2904.6],[-106.675269,40.388912,2901.0],[-106.668413,40.389004,2896.6],[-106.662838,40.388988,2901.6],[-106.657914,40.388783,2903.4],[-106.653313,40.388832,2909.8],[-106.649613,40.38974,2914.4],[-106.647132,40.389789,2922.0],[-106.643105,40.388885,2927.0],[-106.637719,40.388885,2921.0],[-106.63649,40.388847,2919.4],[-106.630836,40.388847,2915.6],[-106.622055,40.387413,2884.0],[-106.615585,40.383945,2885.4],[-106.611389,40.384239,2889.6],[-106.609894,40.391299,2855.2],[-106.604171,40.39413,2794.8],[-106.595954,40.387882,2744.6],[-106.587218,40.385772,2705.2],[-106.582131,40.381494,2686.4],[-106.576808,40.383063,2663.0],[-106.571183,40.389297,2637.6],[-106.564959,40.393241,2632.8],[-106.558434,40.395496,2628.0],[-106.552498,40.397602,2626.6],[-106.548111,40.399861,2627.2],[-106.545066,40.402376,2630.2],[-106.543007,40.408418,2614.8],[-106.538952,40.412881,2617.0],[-106.534041,40.416214,2610.8],[-106.528763,40.420853,2603.2],[-106.523064,40.424248,2596.4],[-106.517876,40.426109,2598.8],[-106.511527,40.428578,2591.2],[-106.506454,40.432041,2585.0],[-106.50386,40.436764,2585.4],[-106.49749,40.438069,2579.8],[-106.490921,40.437119,2576.2],[-106.484375,40.437176,2575.6],[-106.478853,40.435326,2573.6],[-106.473252,40.43539,2571.2],[-106.46788,40.436813,2573.4],[-106.46167,40.436645,2569.2],[-106.455047,40.436112,2563.6],[-106.45189,40.436497,2574.8],[-106.450173,40.437305,2584.8],[-106.448769,40.438488,2594.4],[-106.447441,40.439602,2605.4],[-106.446297,40.440642,2615.4],[-106.445587,40.441631,2616.2],[-106.445404,40.442975,2613.0],[-106.44474,40.451025,2573.2],[-106.445145,40.457558,2572.2],[-106.445587,40.459915,2581.6],[-106.448768,40.462307,2577.8],[-106.454207,40.465106,2571.0],[-106.456467,40.470719,2561.4],[-106.452328,40.474457,2558.8],[-106.447762,40.478164,2558.2],[-106.442849,40.481964,2551.0],[-106.436783,40.486648,2536.6],[-106.431687,40.491207,2531.4],[-106.428322,40.496291,2528.0],[-106.42611,40.501526,2526.0],[-106.423317,40.506351,2528.6],[-106.420708,40.51088,2531.2],[-106.417762,40.515943,2531.0],[-106.413222,40.52176,2521.0],[-106.40899,40.526721,2522.0],[-106.404365,40.531079,2522.0],[-106.39953,40.535436,2517.2],[-106.397054,40.542339,2503.8],[-106.401897,40.546234,2501.8],[-106.404214,40.549563,2507.0],[-106.406822,40.553493,2505.6],[-106.407387,40.558544,2502.8],[-106.407234,40.564087,2501.6],[-106.407082,40.569236,2500.8],[-106.407066,40.574916,2501.4],[-106.407089,40.580353,2504.8],[-106.407021,40.585995,2502.6],[-106.406971,40.591879,2498.8],[-106.406906,40.597959,2495.4],[-106.40686,40.603332,2494.0],[-106.406799,40.608612,2490.2],[-106.405464,40.613854,2486.8],[-106.401528,40.618747,2486.4],[-106.399093,40.623921,2484.6],[-106.398529,40.629185,2482.6],[-106.39521,40.635536,2472.2],[-106.395187,40.639622,2479.2],[-106.395142,40.640282,2479.6],[-106.395279,40.642551,2483.0],[-106.395409,40.645103,2487.8],[-106.395515,40.647156,2493.6],[-106.395972,40.648911,2501.2],[-106.39688,40.650765,2508.6],[-106.397385,40.652831,2517.4],[-106.397629,40.65403,2522.6],[-106.397774,40.65609,2530.4],[-106.397362,40.657928,2541.4],[-106.396942,40.659771,2548.4],[-106.394944,40.66243,2550.6],[-106.38778,40.667472,2527.0],[-106.380722,40.672424,2516.2],[-106.372993,40.677807,2505.0],[-106.366447,40.682381,2504.0],[-106.35881,40.687714,2486.6],[-106.353593,40.691356,2494.4],[-106.34893,40.694588,2494.4],[-106.3442,40.697895,2501.8],[-106.340332,40.700607,2508.0],[-106.333968,40.705018,2492.4],[-106.32646,40.710294,2483.8],[-106.319404,40.714264,2482.0],[-106.311553,40.715866,2476.6],[-106.303435,40.716797,2470.8],[-106.296072,40.717121,2469.4],[-106.294235,40.721048,2472.2],[-106.292579,40.725983,2463.4],[-106.285179,40.726604,2462.4],[-106.282234,40.726803,2473.8],[-106.282028,40.729115,2477.8],[-106.282005,40.729477,2478.6],[-106.28215,40.730293,2478.0],[-106.282051,40.730309,2470.8],[-106.282051,40.730309,2471.0],[-106.282051,40.730309,2470.2],[-106.282051,40.730309,2469.2],[-106.282265,40.730217,2477.8],[-106.282059,40.733237,2475.2],[-106.283043,40.735836,2469.0],[-106.283035,40.735863,2462.4],[-106.283217,40.735909,2462.6],[-106.282135,40.734215,2468.2],[-106.282173,40.731056,2475.6],[-106.281975,40.727848,2478.8],[-106.277443,40.727436,2480.6],[-106.277596,40.723609,2483.6],[-106.276565,40.71999,2484.6],[-106.273872,40.716999,2484.2],[-106.271736,40.714871,2494.2],[-106.26834,40.71305,2495.0],[-106.263861,40.711486,2496.4],[-106.259051,40.708795,2494.0],[-106.254652,40.706275,2498.2],[-106.250487,40.703922,2499.2],[-106.24673,40.701277,2500.6],[-106.243423,40.698547,2503.6],[-106.241562,40.696012,2510.0],[-106.239804,40.693111,2517.0],[-106.236954,40.690233,2517.2],[-106.23377,40.687173,2518.2],[-106.230204,40.683786,2517.8],[-106.226196,40.680839,2520.2],[-106.222015,40.677784,2523.0],[-106.218078,40.674926,2523.0],[-106.213981,40.671936,2528.0],[-106.209998,40.669036,2531.2],[-106.205535,40.666015,2534.2],[-106.200195,40.663845,2536.8],[-106.193518,40.661487,2527.2],[-106.187718,40.659414,2532.4],[-106.184098,40.65794,2543.8],[-106.180024,40.655815,2546.8],[-106.177004,40.653017,2552.2],[-106.173769,40.65,2554.6],[-106.170534,40.645727,2552.4],[-106.168564,40.642011,2554.2],[-106.167011,40.639374,2558.8],[-106.160643,40.638523,2552.8],[-106.151045,40.638557,2544.2],[-106.148628,40.637226,2561.0],[-106.147049,40.636017,2575.2],[-106.1427,40.634865,2570.6],[-106.134162,40.634666,2560.8],[-106.129264,40.633712,2571.4],[-106.126029,40.631522,2575.8],[-106.122376,40.628964,2578.4],[-106.118731,40.62628,2579.6],[-106.116456,40.624596,2589.0],[-106.114006,40.622791,2594.2],[-106.110601,40.620714,2596.6],[-106.106064,40.619296,2598.6],[-106.101405,40.617841,2601.8],[-106.096654,40.61449,2596.2],[-106.092612,40.611733,2603.8],[-106.090698,40.609043,2612.6],[-106.088874,40.60612,2613.2],[-106.086509,40.602352,2617.0],[-106.084243,40.598731,2618.0],[-106.082031,40.595188,2620.8],[-106.079635,40.591873,2622.2],[-106.07672,40.588634,2624.6],[-106.074005,40.585441,2625.0],[-106.071563,40.582351,2627.8],[-106.068496,40.579246,2634.0],[-106.064696,40.576801,2639.2],[-106.061569,40.574126,2643.0],[-106.061455,40.571032,2647.2],[-106.061409,40.567618,2651.6],[-106.06031,40.564151,2653.8],[-106.059196,40.560836,2659.4],[-106.058098,40.557563,2660.8],[-106.056709,40.554382,2663.4],[-106.051856,40.553432,2664.6],[-106.045936,40.553509,2666.0],[-106.040053,40.553459,2665.4],[-106.038193,40.552704,2672.0],[-106.036675,40.550134,2678.4],[-106.03611,40.547142,2686.6],[-106.035392,40.544211,2690.8],[-106.034684,40.541191,2697.0],[-106.034446,40.538155,2702.6],[-106.034172,40.534594,2702.2],[-106.032352,40.530984,2705.8],[-106.030021,40.528648,2713.0],[-106.028103,40.527143,2717.8],[-106.028064,40.527142,2717.2],[-106.025541,40.525376,2721.6],[-106.022741,40.523328,2727.8],[-106.020065,40.52099,2733.4],[-106.017714,40.518683,2739.2],[-106.015452,40.516474,2746.6],[-106.013242,40.514283,2753.6],[-106.010271,40.512109,2760.0],[-106.006253,40.51113,2765.8],[-106.00219,40.510403,2772.0],[-105.99844,40.509305,2777.0],[-105.995118,40.508034,2780.6],[-105.991927,40.506843,2791.6],[-105.989429,40.505911,2796.2],[-105.986855,40.505063,2801.4],[-105.983472,40.505298,2810.6],[-105.980094,40.505828,2815.6],[-105.976444,40.506115,2821.8],[-105.971915,40.505504,2828.2],[-105.96694,40.502647,2823.8],[-105.960227,40.500954,2821.6],[-105.955451,40.500515,2828.4],[-105.951285,40.501122,2835.6],[-105.947387,40.502446,2839.2],[-105.943289,40.503079,2846.8],[-105.939093,40.503571,2854.0],[-105.935187,40.503361,2862.0],[-105.932625,40.503372,2873.0],[-105.930389,40.502701,2883.0],[-105.92839,40.5033,2892.8],[-105.926699,40.504481,2901.6],[-105.924461,40.505299,2914.6],[-105.92308,40.505802,2921.6],[-105.92131,40.506577,2925.4],[-105.9188,40.507225,2939.0],[-105.916038,40.506935,2949.4],[-105.913619,40.505756,2958.4],[-105.911353,40.504906,2964.8],[-105.908553,40.504852,2975.4],[-105.90628,40.504894,2984.6],[-105.904258,40.504406,2995.0],[-105.90206,40.503944,3005.2],[-105.89965,40.504295,3015.8],[-105.897521,40.504544,3024.2],[-105.89521,40.505222,3035.0],[-105.893219,40.505734,3042.4],[-105.891221,40.505962,3050.6],[-105.889003,40.506008,3059.6],[-105.886932,40.506226,3071.0],[-105.886001,40.507645,3077.8],[-105.88559,40.509274,3090.0],[-105.8862,40.510743,3096.8],[-105.886399,40.512296,3102.0],[-105.887047,40.513955,3109.4],[-105.888298,40.515026,3119.4],[-105.890145,40.516045,3126.2],[-105.891709,40.517525,3127.2],[-105.893158,40.51933,3130.6],[-105.892067,40.520905,3127.8],[-105.89184,40.521456,3126.4],[-105.890802,40.528167,3104.0],[-105.885901,40.534542,3077.8],[-105.88137,40.541559,3049.2],[-105.878967,40.546697,3049.6],[-105.878104,40.550791,3050.2],[-105.876319,40.555672,3050.0],[-105.8739,40.558527,3051.4],[-105.865252,40.56387,2994.4],[-105.861092,40.574323,2926.2],[-105.852139,40.581753,2879.8],[-105.846693,40.589317,2840.0],[-105.842413,40.596086,2818.0],[-105.836165,40.602633,2774.4],[-105.83296,40.608653,2758.2],[-105.82456,40.612722,2723.6],[-105.817952,40.61984,2667.4],[-105.813954,40.628147,2638.0],[-105.806959,40.634542,2604.8],[-105.806491,40.639497,2596.8],[-105.808869,40.645449,2575.6],[-105.81138,40.652658,2541.6],[-105.813542,40.658859,2529.8],[-105.809705,40.665607,2502.0],[-105.803889,40.671521,2483.2],[-105.795368,40.670502,2469.4],[-105.787549,40.672933,2454.4],[-105.781219,40.675309,2442.2],[-105.781173,40.675339,2444.4],[-105.777053,40.677907,2438.6],[-105.772727,40.682401,2430.0],[-105.768038,40.686595,2423.0],[-105.762914,40.69095,2407.4],[-105.759605,40.696089,2409.6],[-105.760261,40.701032,2415.0],[-105.754806,40.70517,2402.8],[-105.7495,40.709225,2398.4],[-105.743534,40.712167,2396.6],[-105.736727,40.713264,2393.2],[-105.730759,40.713658,2393.6],[-105.72642,40.710367,2383.8],[-105.720885,40.706668,2382.0],[-105.717054,40.704363,2388.6],[-105.71015,40.702232,2380.4],[-105.70268,40.699733,2366.6],[-105.695767,40.697737,2360.2],[-105.689284,40.697194,2357.0],[-105.681885,40.695637,2351.6],[-105.675695,40.69867,2342.6],[-105.668278,40.697906,2324.0],[-105.659892,40.700561,2310.6],[-105.65102,40.700852,2297.8],[-105.642956,40.702355,2291.2],[-105.635356,40.703273,2282.8],[-105.626896,40.700845,2265.8],[-105.618943,40.698284,2254.8],[-105.610722,40.696956,2248.8],[-105.601613,40.697396,2220.6],[-105.592366,40.698059,2198.4],[-105.585418,40.698666,2190.6],[-105.582504,40.699249,2188.6],[-105.57865,40.700166,2185.4],[-105.569826,40.700971,2179.0],[-105.561184,40.700979,2169.4],[-105.550733,40.700695,2149.0],[-105.542564,40.699075,2145.2],[-105.535904,40.697419,2149.6],[-105.527613,40.695712,2146.6],[-105.519238,40.693822,2123.2],[-105.511579,40.690601,2115.6],[-105.503894,40.692045,2100.8],[-105.496358,40.691021,2093.4],[-105.490415,40.690764,2079.6],[-105.485564,40.687051,2072.6],[-105.483444,40.683496,2070.0],[-105.481244,40.67912,2061.6],[-105.477818,40.674225,2044.4],[-105.472679,40.677632,2032.2],[-105.469855,40.682904,2023.8],[-105.46309,40.683655,2021.0],[-105.458528,40.680803,2018.0],[-105.452969,40.684042,2003.4],[-105.448548,40.687153,1999.0],[-105.451432,40.692554,1988.4],[-105.447579,40.695148,1982.4],[-105.443667,40.697455,1983.0],[-105.436669,40.695435,1973.6],[-105.433166,40.693218,1975.8],[-105.431253,40.689256,1969.8],[-105.433892,40.684804,1966.8],[-105.433643,40.680339,1956.2],[-105.428448,40.675021,1930.0],[-105.420131,40.676016,1913.8],[-105.415609,40.676881,1897.8],[-105.411272,40.68056,1882.0],[-105.405879,40.682292,1866.0],[-105.399311,40.682652,1865.4],[-105.393369,40.682564,1864.4],[-105.388908,40.681914,1859.8],[-105.387734,40.680385,1869.2],[-105.388092,40.678682,1877.0],[-105.388115,40.676921,1887.8],[-105.387298,40.675298,1898.0],[-105.38768,40.673748,1910.4],[-105.386352,40.672615,1923.2],[-105.384788,40.671516,1934.2],[-105.384011,40.670314,1946.4],[-105.383483,40.668929,1959.6],[-105.382026,40.667655,1971.0],[-105.381836,40.666137,1984.4],[-105.38124,40.664833,1998.0],[-105.379645,40.663845,2010.2],[-105.378182,40.662903,2026.0],[-105.377723,40.661697,2037.8],[-105.377166,40.660488,2053.4],[-105.376495,40.659439,2071.0],[-105.375579,40.65821,2084.6],[-105.374962,40.656818,2097.0],[-105.374092,40.655364,2108.0],[-105.372947,40.653957,2121.6],[-105.3722,40.652522,2133.0],[-105.372063,40.650951,2146.2],[-105.37207,40.649699,2159.8],[-105.371826,40.648498,2176.0],[-105.372321,40.646615,2170.6],[-105.368645,40.642234,2136.2],[-105.369186,40.639863,2144.0],[-105.368614,40.637696,2151.8],[-105.368576,40.635749,2161.8],[-105.367355,40.634357,2171.0],[-105.366287,40.632548,2178.2],[-105.364448,40.630958,2186.4],[-105.362838,40.629065,2191.2],[-105.361412,40.627494,2199.2],[-105.359533,40.626404,2207.2],[-105.358864,40.625526,2212.4],[-105.358047,40.622973,2216.2],[-105.35794,40.620631,2225.2],[-105.356914,40.619192,2233.4],[-105.353829,40.619633,2236.4],[-105.351073,40.61985,2242.8],[-105.349243,40.619923,2255.6],[-105.347673,40.620147,2270.4],[-105.346244,40.620384,2284.4],[-105.344779,40.620564,2299.0],[-105.343368,40.620773,2313.4],[-105.341986,40.621059,2328.4],[-105.340728,40.621388,2342.8],[-105.339324,40.621678,2353.6],[-105.337898,40.62183,2368.0],[-105.336601,40.622048,2382.8],[-105.335395,40.62257,2397.0],[-105.334129,40.62291,2411.6],[-105.332901,40.62315,2425.6],[-105.33152,40.623459,2440.4],[-105.331253,40.623554,2441.8],[-105.333074,40.626032,2414.8],[-105.326733,40.626042,2349.8],[-105.323295,40.632106,2310.2],[-105.320073,40.636217,2307.8],[-105.310812,40.640429,2226.6],[-105.300723,40.642688,2176.0],[-105.289913,40.644014,2128.6],[-105.279896,40.644709,2093.6],[-105.274512,40.640631,2082.2],[-105.26845,40.635328,2045.0],[-105.258623,40.631035,1981.8],[-105.249169,40.631988,1948.6],[-105.24086,40.62879,1894.0],[-105.23,40.6285,1840.4],[-105.221999,40.626408,1800.0],[-105.21574,40.627916,1760.8],[-105.212073,40.632171,1726.6],[-105.204236,40.633954,1699.6],[-105.196628,40.633095,1683.8],[-105.186987,40.632631,1652.8],[-105.179714,40.629551,1623.4],[-105.171443,40.629555,1605.2],[-105.164992,40.631364,1601.0],[-105.159458,40.633118,1594.4],[-105.153233,40.632392,1591.0],[-105.147527,40.630183,1583.8],[-105.143799,40.627788,1580.2],[-105.145882,40.626362,1577.0],[-105.142523,40.62479,1574.2],[-105.139983,40.621813,1570.4],[-105.137323,40.620274,1568.2],[-105.13506,40.617407,1566.4],[-105.130003,40.614802,1564.6],[-105.125229,40.612267,1561.2],[-105.11983,40.609383,1557.2],[-105.114585,40.607498,1554.2],[-105.108647,40.607387,1550.6],[-105.102656,40.606202,1545.6],[-105.097583,40.60355,1545.0],[-105.092539,40.600971,1541.8],[-105.086553,40.600459,1536.4],[-105.083235,40.597419,1532.8],[-105.079627,40.595337,1529.8],[-105.077087,40.594211,1529.6],[-105.077141,40.590938,1530.0],[-105.077293,40.589435,1530.4],[-105.077278,40.588668,1529.8],[-105.078531,40.587093,1529.2],[-105.081475,40.587139,1530.6],[-105.085932,40.587158,1533.0],[-105.09083,40.587177,1533.4],[-105.095308,40.587181,1535.0],[-105.095924,40.585213,1536.0],[-105.095978,40.581863,1538.0],[-105.096045,40.581268,1538.2],[-105.096001,40.577416,1540.2],[-105.098429,40.574676,1541.4],[-105.100525,40.574383,1543.0],[-105.100586,40.574478,1534.4],[-105.096203,40.574584,1531.6],[-105.096108,40.570028,1532.2],[-105.096138,40.566464,1529.6],[-105.096184,40.561258,1526.8],[-105.096161,40.557093,1533.2],[-105.096245,40.553843,1537.2],[-105.096214,40.549348,1537.8],[-105.096199,40.545937,1539.8],[-105.096268,40.541959,1543.4],[-105.094803,40.538052,1543.0],[-105.092659,40.534906,1542.6],[-105.088117,40.532386,1540.8],[-105.084389,40.530669,1539.2],[-105.081047,40.528158,1534.4],[-105.081398,40.524023,1535.4],[-105.08062,40.522222,1534.0],[-105.080727,40.517537,1526.2],[-105.078688,40.513985,1512.0],[-105.075133,40.513828,1506.6],[-105.069944,40.510739,1503.2],[-105.066872,40.506502,1501.8],[-105.067275,40.504339,1509.8],[-105.062603,40.500972,1499.8],[-105.058304,40.499817,1496.8],[-105.058327,40.494302,1494.6],[-105.058327,40.491015,1503.0],[-105.05835,40.488273,1510.4],[-105.058365,40.484391,1513.4],[-105.058319,40.48013,1511.8],[-105.058335,40.477042,1520.4],[-105.058342,40.474638,1529.8],[-105.058373,40.471338,1533.4],[-105.05838,40.469917,1535.0],[-105.056408,40.467785,1538.4],[-105.052089,40.465542,1536.2],[-105.04481,40.465573,1520.6],[-105.044174,40.461626,1521.4],[-105.044235,40.457807,1525.8],[-105.044266,40.453005,1522.2],[-105.044762,40.448337,1524.4],[-105.045525,40.446535,1525.8],[-105.045769,40.441794,1523.8],[-105.045738,40.440649,1524.6],[-105.045471,40.436674,1523.4],[-105.045525,40.433078,1523.8],[-105.043992,40.432459,1524.0],[-105.042945,40.434576,1525.0],[-105.042556,40.430487,1526.2],[-105.0392,40.430855,1521.0]]}},{"type":"Feature","properties":{"date":"2026-08-15","source_file":"12.gpx","dist_m":234186,"vert_up_m":143,"vert_down_m":309,"points":515},"geometry":{"type":"LineString","coordinates":[[-105.039185,40.430904,1516.8],[-105.040518,40.432386,1519.4],[-105.040881,40.430833,1523.2],[-105.042475,40.431185,1526.2],[-105.045323,40.430393,1525.0],[-105.045431,40.4279,1524.8],[-105.044282,40.423683,1522.4],[-105.045076,40.420019,1522.6],[-105.045193,40.41615,1521.6],[-105.044571,40.412452,1521.8],[-105.044795,40.409134,1523.0],[-105.044655,40.407546,1523.2],[-105.039386,40.407138,1522.8],[-105.032595,40.407082,1521.6],[-105.026403,40.40711,1520.0],[-105.02131,40.407146,1518.6],[-105.015696,40.407089,1516.8],[-105.009082,40.407024,1515.2],[-105.002582,40.406948,1513.2],[-104.996903,40.406972,1514.8],[-104.991786,40.407114,1519.2],[-104.987689,40.407017,1514.6],[-104.983539,40.407055,1518.0],[-104.978449,40.407097,1519.6],[-104.973012,40.407158,1519.2],[-104.966807,40.407312,1520.0],[-104.960879,40.407141,1518.0],[-104.954877,40.406975,1515.4],[-104.949059,40.406878,1516.0],[-104.944414,40.406659,1519.0],[-104.939064,40.406578,1520.0],[-104.934148,40.406586,1523.2],[-104.929784,40.406582,1526.4],[-104.923783,40.406582,1523.8],[-104.918167,40.406551,1525.0],[-104.911762,40.40654,1523.2],[-104.906624,40.406494,1528.6],[-104.902099,40.406509,1535.0],[-104.896984,40.406528,1536.8],[-104.891738,40.406529,1538.6],[-104.885416,40.406531,1532.6],[-104.880318,40.406521,1535.2],[-104.875606,40.406445,1537.2],[-104.870919,40.406395,1540.6],[-104.864465,40.406319,1534.0],[-104.855986,40.406249,1519.6],[-104.848106,40.406231,1512.0],[-104.840204,40.406311,1502.6],[-104.832792,40.406353,1495.2],[-104.827521,40.406368,1498.4],[-104.823618,40.405584,1504.8],[-104.821009,40.40426,1513.8],[-104.817819,40.402627,1518.8],[-104.813137,40.400233,1517.4],[-104.808137,40.397655,1515.0],[-104.804376,40.395434,1520.2],[-104.800953,40.393373,1525.8],[-104.795204,40.391995,1519.6],[-104.7868,40.392012,1508.6],[-104.784805,40.391955,1508.0],[-104.784788,40.392621,1506.6],[-104.782045,40.392461,1511.0],[-104.778009,40.392278,1508.2],[-104.772246,40.39238,1498.6],[-104.766687,40.392368,1499.6],[-104.762506,40.3924,1503.4],[-104.758267,40.392456,1505.4],[-104.756356,40.392373,1503.2],[-104.753641,40.394027,1496.0],[-104.753288,40.394082,1496.2],[-104.755301,40.394535,1499.2],[-104.755578,40.394535,1499.8],[-104.756022,40.393691,1501.8],[-104.753079,40.392399,1498.8],[-104.746716,40.392516,1492.8],[-104.740319,40.392593,1488.0],[-104.735275,40.392574,1487.8],[-104.73479,40.392906,1487.4],[-104.728997,40.392452,1484.0],[-104.722229,40.39239,1472.6],[-104.716552,40.393509,1465.6],[-104.715966,40.393528,1464.4],[-104.71015,40.392922,1459.4],[-104.704254,40.392549,1450.8],[-104.697297,40.392507,1442.6],[-104.694678,40.39151,1441.2],[-104.689728,40.390359,1445.0],[-104.683873,40.391522,1442.4],[-104.676952,40.392284,1435.0],[-104.669397,40.392272,1425.4],[-104.662436,40.393165,1420.0],[-104.655661,40.393452,1417.8],[-104.650063,40.393621,1418.2],[-104.647069,40.393701,1418.4],[-104.640936,40.393857,1416.0],[-104.63505,40.392799,1417.2],[-104.629973,40.391697,1420.2],[-104.624144,40.391861,1419.0],[-104.618213,40.391972,1420.4],[-104.612244,40.391941,1418.2],[-104.606317,40.391911,1417.4],[-104.601697,40.391899,1418.6],[-104.596267,40.391891,1419.0],[-104.590156,40.391926,1417.4],[-104.584043,40.391919,1418.0],[-104.577933,40.391983,1414.8],[-104.57189,40.392094,1414.0],[-104.566101,40.392021,1414.6],[-104.560956,40.392048,1416.4],[-104.55481,40.392063,1411.8],[-104.549286,40.391659,1410.6],[-104.544828,40.389421,1413.8],[-104.539262,40.387334,1414.2],[-104.532944,40.385948,1411.2],[-104.527775,40.383187,1412.6],[-104.522615,40.380408,1413.0],[-104.517435,40.377632,1412.2],[-104.511995,40.374703,1410.6],[-104.506574,40.37179,1408.2],[-104.502007,40.369327,1409.8],[-104.496722,40.366488,1407.8],[-104.491358,40.363604,1408.2],[-104.486215,40.360825,1409.0],[-104.480888,40.35796,1406.0],[-104.475794,40.355223,1407.6],[-104.470696,40.352478,1406.6],[-104.466165,40.350072,1412.2],[-104.461984,40.348045,1416.2],[-104.456851,40.345533,1416.4],[-104.451539,40.342957,1415.8],[-104.446069,40.340299,1412.0],[-104.440845,40.33777,1413.4],[-104.43553,40.33519,1412.2],[-104.429854,40.33243,1410.6],[-104.424861,40.329962,1415.2],[-104.419108,40.327192,1410.4],[-104.414657,40.325033,1416.6],[-104.409484,40.322521,1416.2],[-104.404678,40.320193,1419.0],[-104.399959,40.317908,1420.4],[-104.393918,40.314967,1412.2],[-104.388151,40.312752,1408.2],[-104.381974,40.311302,1404.4],[-104.375098,40.309691,1393.4],[-104.369073,40.30828,1395.0],[-104.363988,40.307088,1399.6],[-104.359502,40.306029,1405.2],[-104.354848,40.304948,1405.0],[-104.348074,40.303358,1395.6],[-104.342571,40.302071,1397.4],[-104.336854,40.300717,1393.0],[-104.33343,40.299896,1402.2],[-104.330119,40.299126,1405.4],[-104.324184,40.297723,1405.2],[-104.318132,40.296306,1393.6],[-104.312589,40.295016,1394.6],[-104.307027,40.29394,1386.8],[-104.301641,40.293807,1389.2],[-104.295113,40.293639,1379.6],[-104.290538,40.293485,1382.4],[-104.285556,40.292882,1380.8],[-104.279969,40.292178,1379.8],[-104.274079,40.291416,1376.4],[-104.269564,40.291195,1380.8],[-104.264923,40.29118,1383.4],[-104.259504,40.291168,1382.6],[-104.253965,40.291153,1382.8],[-104.248229,40.291127,1381.2],[-104.242124,40.291103,1380.4],[-104.23585,40.291088,1376.4],[-104.229787,40.291065,1376.0],[-104.223671,40.29104,1374.8],[-104.21733,40.290977,1371.4],[-104.211444,40.290877,1368.8],[-104.205607,40.29076,1367.6],[-104.200259,40.290773,1368.4],[-104.194933,40.29076,1368.8],[-104.18955,40.290764,1371.2],[-104.184314,40.29076,1371.8],[-104.179458,40.290754,1370.4],[-104.174401,40.290749,1371.0],[-104.168808,40.290599,1370.6],[-104.163218,40.29023,1369.2],[-104.159101,40.289262,1376.6],[-104.155588,40.287765,1378.8],[-104.15168,40.285501,1383.0],[-104.146947,40.282692,1379.4],[-104.142525,40.280078,1379.4],[-104.138504,40.2777,1379.8],[-104.134265,40.275299,1377.8],[-104.130066,40.272972,1374.0],[-104.126516,40.271036,1375.4],[-104.124308,40.269811,1373.8],[-104.121236,40.268108,1374.2],[-104.117785,40.266187,1380.8],[-104.114667,40.264436,1382.0],[-104.112872,40.263421,1384.6],[-104.10966,40.261642,1386.6],[-104.105723,40.259487,1386.8],[-104.10173,40.257277,1386.6],[-104.097633,40.255012,1385.2],[-104.093684,40.252675,1386.4],[-104.093575,40.2487,1386.2],[-104.093573,40.244616,1386.4],[-104.093619,40.240608,1388.0],[-104.093605,40.236333,1386.4],[-104.093603,40.23305,1397.0],[-104.093595,40.231974,1397.8],[-104.08916,40.232627,1393.8],[-104.084269,40.232727,1391.0],[-104.079457,40.232773,1390.6],[-104.079503,40.233349,1388.2],[-104.079552,40.233193,1388.4],[-104.076562,40.232778,1389.0],[-104.073731,40.231563,1389.2],[-104.070065,40.232895,1390.2],[-104.065236,40.232919,1386.6],[-104.062472,40.232909,1385.4],[-104.05944,40.23291,1392.8],[-104.05491,40.232937,1387.4],[-104.05008,40.232929,1385.0],[-104.045152,40.232964,1382.0],[-104.040267,40.232985,1381.2],[-104.035142,40.232929,1379.8],[-104.030575,40.232895,1379.6],[-104.026203,40.232868,1382.2],[-104.021956,40.232857,1382.6],[-104.01808,40.232845,1384.2],[-104.013429,40.232827,1385.2],[-104.009415,40.232807,1388.2],[-104.004548,40.23278,1385.4],[-104.000119,40.232739,1384.0],[-103.994166,40.232765,1375.2],[-103.988689,40.232757,1369.0],[-103.982272,40.232692,1360.4],[-103.977447,40.232655,1363.2],[-103.974242,40.232639,1368.8],[-103.969466,40.232613,1365.4],[-103.964562,40.23259,1362.2],[-103.959644,40.232578,1361.2],[-103.954725,40.232594,1359.0],[-103.949703,40.232588,1355.4],[-103.944817,40.232574,1358.2],[-103.94254,40.232555,1356.8],[-103.942711,40.232542,1356.8],[-103.942652,40.232552,1358.6],[-103.939032,40.232534,1357.2],[-103.934346,40.23251,1354.8],[-103.9292,40.232498,1353.0],[-103.92393,40.232486,1349.0],[-103.91866,40.232422,1348.6],[-103.913264,40.232372,1346.8],[-103.907993,40.23233,1345.6],[-103.902708,40.232342,1343.6],[-103.897309,40.232338,1344.0],[-103.891821,40.232361,1341.6],[-103.886556,40.232357,1340.4],[-103.881119,40.232353,1340.2],[-103.875723,40.23241,1339.0],[-103.869983,40.232416,1337.0],[-103.864159,40.23238,1335.4],[-103.858755,40.232327,1334.4],[-103.852911,40.232285,1331.4],[-103.847372,40.232241,1330.8],[-103.841952,40.232201,1331.6],[-103.836172,40.23217,1328.0],[-103.830787,40.232149,1329.0],[-103.82536,40.232174,1327.2],[-103.819677,40.232201,1326.8],[-103.814213,40.232231,1327.2],[-103.808618,40.232239,1325.8],[-103.802773,40.23223,1326.2],[-103.801451,40.23545,1326.0],[-103.801466,40.239482,1325.8],[-103.801432,40.243819,1326.6],[-103.801392,40.247167,1329.4],[-103.801422,40.249553,1329.0],[-103.801661,40.250668,1337.8],[-103.801605,40.250696,1334.4],[-103.800206,40.2495,1332.8],[-103.796719,40.248477,1332.2],[-103.792249,40.248371,1330.6],[-103.788754,40.248426,1329.0],[-103.783391,40.248666,1328.6],[-103.778179,40.24888,1327.8],[-103.773184,40.248793,1326.4],[-103.770451,40.246738,1325.4],[-103.765079,40.246784,1325.0],[-103.759701,40.246807,1322.4],[-103.7542,40.246855,1320.4],[-103.748471,40.246887,1320.4],[-103.742746,40.246883,1319.2],[-103.736665,40.246919,1319.2],[-103.73071,40.246933,1317.8],[-103.724802,40.246956,1318.2],[-103.719261,40.246971,1316.6],[-103.713761,40.246895,1315.6],[-103.708189,40.246788,1315.2],[-103.702656,40.246712,1313.6],[-103.696988,40.246642,1314.2],[-103.691289,40.246955,1314.8],[-103.68538,40.247279,1312.0],[-103.679398,40.247547,1312.4],[-103.6739,40.247594,1309.4],[-103.668362,40.247632,1306.6],[-103.662747,40.247662,1306.8],[-103.657175,40.247726,1306.6],[-103.651478,40.247818,1304.4],[-103.645985,40.247842,1301.6],[-103.640483,40.24786,1302.2],[-103.634915,40.247913,1302.8],[-103.629745,40.247951,1301.2],[-103.624353,40.248005,1304.0],[-103.623145,40.251384,1302.4],[-103.623138,40.255175,1302.2],[-103.623108,40.255619,1302.4],[-103.620431,40.25634,1302.6],[-103.615982,40.256147,1301.4],[-103.611784,40.256917,1301.0],[-103.60662,40.257345,1301.4],[-103.601622,40.259126,1301.6],[-103.596581,40.260426,1303.4],[-103.593381,40.262106,1305.0],[-103.589111,40.264932,1302.4],[-103.585583,40.268572,1301.4],[-103.582355,40.271058,1304.6],[-103.579119,40.27303,1309.4],[-103.574515,40.274523,1310.2],[-103.569634,40.276548,1309.0],[-103.564928,40.279271,1308.4],[-103.560517,40.281846,1308.4],[-103.555747,40.284605,1306.4],[-103.551057,40.287344,1304.8],[-103.546343,40.290098,1302.6],[-103.541705,40.29282,1302.0],[-103.537133,40.295484,1301.8],[-103.532629,40.298119,1302.0],[-103.52785,40.300911,1300.6],[-103.522856,40.303787,1297.4],[-103.518065,40.306601,1295.0],[-103.513106,40.309508,1292.0],[-103.508241,40.312348,1291.4],[-103.503888,40.314871,1293.4],[-103.499483,40.317414,1293.0],[-103.494603,40.320265,1289.2],[-103.489794,40.323084,1288.8],[-103.484926,40.325919,1286.4],[-103.480007,40.328774,1283.4],[-103.475412,40.331452,1284.8],[-103.471272,40.333869,1287.2],[-103.467063,40.336324,1288.2],[-103.462854,40.338761,1287.6],[-103.458432,40.341347,1287.2],[-103.45406,40.343892,1288.2],[-103.449765,40.346376,1289.2],[-103.445352,40.348961,1287.2],[-103.440523,40.351762,1283.8],[-103.435655,40.35458,1281.4],[-103.431057,40.357255,1282.2],[-103.427177,40.359537,1286.0],[-103.424341,40.361161,1287.2],[-103.420854,40.363198,1286.0],[-103.416437,40.365761,1284.8],[-103.411871,40.368397,1282.6],[-103.407355,40.371026,1282.2],[-103.402811,40.373674,1283.2],[-103.398878,40.375962,1284.0],[-103.394733,40.378357,1286.4],[-103.390074,40.381061,1284.8],[-103.385269,40.383845,1282.6],[-103.380468,40.386638,1280.8],[-103.375986,40.389223,1282.4],[-103.371735,40.391695,1284.2],[-103.367081,40.394395,1279.6],[-103.361821,40.397457,1276.2],[-103.356981,40.400482,1276.2],[-103.352639,40.403565,1276.4],[-103.348376,40.406971,1275.4],[-103.344281,40.410627,1273.8],[-103.340347,40.414653,1271.8],[-103.336522,40.418786,1268.8],[-103.332535,40.42307,1265.2],[-103.328429,40.427455,1260.6],[-103.324291,40.43189,1257.8],[-103.320144,40.43635,1254.0],[-103.316108,40.440691,1251.8],[-103.312538,40.444521,1253.6],[-103.309005,40.44829,1252.8],[-103.305001,40.452592,1248.2],[-103.301432,40.456456,1250.4],[-103.297863,40.460257,1248.0],[-103.293934,40.464521,1245.8],[-103.289944,40.468757,1243.6],[-103.286257,40.472731,1243.4],[-103.282638,40.476633,1243.2],[-103.2788,40.480755,1241.6],[-103.274861,40.484956,1240.6],[-103.270809,40.489314,1239.2],[-103.267012,40.493388,1240.0],[-103.263257,40.49742,1240.4],[-103.260089,40.500813,1246.4],[-103.256008,40.505125,1239.8],[-103.252304,40.50918,1239.8],[-103.248649,40.513076,1241.0],[-103.244979,40.517016,1239.6],[-103.241313,40.520949,1241.0],[-103.238113,40.524409,1241.8],[-103.234489,40.528281,1241.2],[-103.231044,40.531973,1240.2],[-103.227488,40.53578,1240.6],[-103.22463,40.539782,1241.4],[-103.221738,40.544171,1238.2],[-103.218737,40.548716,1235.6],[-103.215731,40.55328,1234.6],[-103.212854,40.557651,1233.6],[-103.210019,40.561941,1233.8],[-103.206835,40.566765,1226.0],[-103.203844,40.571288,1226.0],[-103.201059,40.575505,1225.4],[-103.198221,40.579805,1224.4],[-103.195417,40.584051,1225.0],[-103.192525,40.588425,1223.4],[-103.189749,40.592638,1224.6],[-103.186971,40.596842,1223.4],[-103.184148,40.60109,1221.6],[-103.181386,40.60528,1221.2],[-103.178747,40.609268,1220.4],[-103.176273,40.613295,1220.8],[-103.174082,40.617565,1220.2],[-103.17078,40.621583,1215.2],[-103.168167,40.622211,1211.8],[-103.168308,40.622133,1219.0],[-103.170921,40.622588,1221.0],[-103.167979,40.62595,1225.0],[-103.163997,40.628952,1221.8],[-103.159847,40.632821,1219.0],[-103.155399,40.636916,1214.0],[-103.152535,40.640189,1222.0],[-103.150626,40.643888,1225.4],[-103.147453,40.649501,1207.8],[-103.143183,40.654308,1203.0],[-103.138511,40.658199,1201.2],[-103.133918,40.661901,1199.4],[-103.129601,40.66487,1201.4],[-103.12522,40.667456,1204.2],[-103.120592,40.670165,1203.8],[-103.115865,40.672935,1204.6],[-103.111567,40.675459,1207.2],[-103.107358,40.677919,1209.6],[-103.107187,40.678008,1209.6],[-103.103455,40.680204,1210.4],[-103.098885,40.682872,1211.4],[-103.094284,40.685573,1212.4],[-103.089782,40.688209,1214.0],[-103.085375,40.690785,1214.0],[-103.081047,40.693321,1213.6],[-103.076382,40.696052,1213.2],[-103.071195,40.699084,1209.6],[-103.066382,40.701907,1211.0],[-103.061763,40.704594,1211.4],[-103.056643,40.70759,1209.6],[-103.0514,40.710633,1207.8],[-103.046068,40.71377,1205.4],[-103.040863,40.716816,1206.0],[-103.036413,40.719414,1210.2],[-103.031464,40.722309,1208.8],[-103.025981,40.725511,1205.8],[-103.020905,40.728474,1206.6],[-103.016388,40.731113,1208.4],[-103.011852,40.73376,1209.2],[-103.006952,40.736622,1208.4],[-103.001182,40.739986,1201.8],[-102.99523,40.743461,1195.4],[-102.990313,40.746319,1197.4],[-102.985686,40.749028,1197.4],[-102.980332,40.75215,1193.4],[-102.974584,40.755154,1190.0],[-102.968904,40.757591,1188.6],[-102.96359,40.759844,1189.4],[-102.958623,40.761934,1191.4],[-102.953548,40.764079,1192.2],[-102.947859,40.766481,1185.4],[-102.942367,40.76879,1187.4],[-102.937197,40.770987,1183.8],[-102.931558,40.77336,1177.2],[-102.930838,40.773666,1177.4],[-102.926017,40.775697,1176.4],[-102.920508,40.778014,1175.0],[-102.914755,40.780437,1172.4],[-102.909013,40.782864,1173.0],[-102.904526,40.784753,1177.8],[-102.89998,40.786671,1182.4],[-102.894209,40.789098,1178.4],[-102.892445,40.789842,1177.8],[-102.892302,40.789915,1177.4],[-102.888932,40.791341,1176.4],[-102.884446,40.793234,1172.4],[-102.880165,40.795037,1171.6],[-102.875842,40.796859,1172.4],[-102.871591,40.798649,1173.2],[-102.867257,40.800467,1175.2],[-102.862455,40.802492,1174.6],[-102.857168,40.804745,1170.0],[-102.850686,40.807446,1168.4],[-102.845469,40.809631,1169.0],[-102.839891,40.812016,1167.6],[-102.833579,40.814665,1166.0],[-102.827044,40.817101,1162.4],[-102.820639,40.818979,1158.6],[-102.814207,40.820728,1155.4],[-102.808795,40.822212,1157.0],[-102.804764,40.82201,1155.6],[-102.806056,40.822038,1161.2],[-102.805974,40.822041,1161.2],[-102.807199,40.821444,1162.2]]}},{"type":"Feature","properties":{"date":"2026-08-16","source_file":"13.gpx","dist_m":201165,"vert_up_m":43,"vert_down_m":168,"points":461},"geometry":{"type":"LineString","coordinates":[[-102.80743,40.821356,1158.8],[-102.806081,40.821791,1158.6],[-102.803822,40.823086,1153.4],[-102.799539,40.824752,1153.4],[-102.794445,40.826169,1152.4],[-102.789738,40.827466,1155.2],[-102.784843,40.828823,1156.2],[-102.779774,40.830221,1156.6],[-102.774772,40.831601,1157.2],[-102.769453,40.833062,1155.2],[-102.764169,40.834525,1153.0],[-102.758812,40.836015,1151.4],[-102.753399,40.837504,1150.0],[-102.747521,40.839116,1145.0],[-102.741905,40.840671,1143.6],[-102.736581,40.842129,1143.8],[-102.7311,40.84365,1140.8],[-102.725513,40.845189,1139.0],[-102.720241,40.846639,1137.8],[-102.714892,40.84811,1135.4],[-102.709774,40.849519,1135.2],[-102.70509,40.850801,1135.6],[-102.700375,40.852098,1136.0],[-102.695697,40.853374,1137.8],[-102.691575,40.854535,1141.4],[-102.686653,40.855872,1139.6],[-102.682075,40.857134,1141.2],[-102.677444,40.858424,1140.0],[-102.67213,40.859872,1136.0],[-102.666924,40.86131,1134.8],[-102.662086,40.862636,1134.2],[-102.657681,40.863828,1138.2],[-102.65258,40.865211,1135.2],[-102.646812,40.866773,1131.2],[-102.642183,40.868025,1133.6],[-102.638352,40.869063,1138.0],[-102.633765,40.870334,1138.6],[-102.628658,40.871697,1136.8],[-102.623418,40.873112,1134.8],[-102.618255,40.87452,1132.6],[-102.613686,40.875751,1134.6],[-102.608714,40.877095,1133.6],[-102.603478,40.878522,1132.0],[-102.598591,40.879844,1133.2],[-102.59341,40.881251,1132.0],[-102.588086,40.882701,1129.4],[-102.582704,40.884143,1128.2],[-102.578105,40.885396,1130.0],[-102.574036,40.886502,1136.0],[-102.568579,40.887978,1130.4],[-102.563362,40.889379,1130.8],[-102.558026,40.89082,1127.6],[-102.552987,40.892184,1126.4],[-102.548416,40.893437,1128.0],[-102.54359,40.894738,1129.0],[-102.539197,40.895928,1132.2],[-102.53534,40.896993,1136.0],[-102.530572,40.898495,1133.0],[-102.525534,40.900079,1130.2],[-102.520898,40.901518,1135.0],[-102.516816,40.902805,1140.6],[-102.511036,40.904587,1131.2],[-102.505598,40.906298,1134.2],[-102.500221,40.907984,1133.4],[-102.494373,40.909812,1131.6],[-102.489108,40.911466,1133.8],[-102.484405,40.912929,1135.4],[-102.479703,40.914393,1138.0],[-102.474331,40.916076,1137.0],[-102.468006,40.918047,1130.2],[-102.462509,40.919767,1129.8],[-102.457616,40.921293,1128.8],[-102.451729,40.923143,1123.0],[-102.446675,40.924619,1125.4],[-102.442062,40.925219,1129.8],[-102.436786,40.92527,1131.6],[-102.431354,40.925297,1132.2],[-102.424779,40.925339,1129.0],[-102.418614,40.925366,1129.0],[-102.413722,40.925394,1135.4],[-102.408744,40.925423,1137.6],[-102.403217,40.925449,1139.0],[-102.397841,40.925484,1137.6],[-102.392101,40.925474,1136.4],[-102.387527,40.925375,1125.6],[-102.387558,40.928603,1126.4],[-102.387566,40.928948,1125.4],[-102.387558,40.930891,1123.4],[-102.387573,40.935862,1104.0],[-102.387463,40.941841,1079.0],[-102.387497,40.94688,1069.0],[-102.38752,40.950721,1069.8],[-102.387604,40.954518,1069.4],[-102.387682,40.958211,1068.8],[-102.387748,40.960688,1070.4],[-102.383829,40.96086,1071.0],[-102.379127,40.960909,1071.4],[-102.373555,40.960802,1070.6],[-102.368681,40.960619,1071.8],[-102.363467,40.960564,1073.0],[-102.358238,40.960594,1073.4],[-102.353172,40.960613,1072.8],[-102.347907,40.960629,1073.0],[-102.342567,40.960592,1072.6],[-102.337462,40.960548,1073.4],[-102.332802,40.961626,1073.6],[-102.329238,40.964665,1072.2],[-102.325829,40.967753,1070.8],[-102.322976,40.971029,1073.4],[-102.320363,40.97412,1074.6],[-102.319241,40.975414,1075.2],[-102.317038,40.977888,1079.6],[-102.314882,40.980223,1083.8],[-102.309378,40.982387,1074.6],[-102.304359,40.982401,1073.8],[-102.29954,40.982452,1071.8],[-102.293894,40.982508,1069.0],[-102.288359,40.982563,1067.2],[-102.282958,40.982616,1066.8],[-102.277594,40.982658,1064.8],[-102.272414,40.9827,1062.6],[-102.268577,40.984371,1065.2],[-102.265433,40.986082,1064.6],[-102.262771,40.986973,1065.2],[-102.262421,40.986683,1064.2],[-102.261475,40.987481,1064.2],[-102.261834,40.98759,1064.4],[-102.261753,40.987566,1064.0],[-102.261038,40.987465,1065.4],[-102.257233,40.989296,1064.6],[-102.252502,40.991875,1063.0],[-102.247656,40.994399,1063.8],[-102.242746,40.997035,1060.8],[-102.237934,40.999674,1062.0],[-102.232982,41.002347,1059.8],[-102.231705,41.003027,1059.8],[-102.227762,41.005184,1059.8],[-102.222884,41.007869,1055.0],[-102.218028,41.010533,1053.8],[-102.213195,41.013183,1050.4],[-102.208637,41.01569,1047.6],[-102.204,41.018247,1048.6],[-102.199298,41.020816,1048.4],[-102.194501,41.023454,1049.0],[-102.189882,41.025984,1047.6],[-102.185134,41.028616,1047.8],[-102.180556,41.031364,1047.8],[-102.175718,41.034076,1047.0],[-102.170523,41.036928,1044.4],[-102.165327,41.039775,1043.4],[-102.160024,41.04241,1042.6],[-102.154376,41.043971,1043.6],[-102.148875,41.045318,1042.6],[-102.143541,41.046638,1043.6],[-102.137942,41.048014,1043.0],[-102.132071,41.049422,1044.8],[-102.125226,41.050123,1040.6],[-102.118635,41.050411,1036.0],[-102.112425,41.050896,1036.0],[-102.106519,41.051359,1035.0],[-102.100582,41.052433,1034.0],[-102.095208,41.054389,1031.0],[-102.090297,41.056219,1032.0],[-102.085134,41.058249,1032.0],[-102.079783,41.060413,1033.8],[-102.07461,41.062033,1031.8],[-102.074389,41.058418,1032.0],[-102.072912,41.054522,1035.0],[-102.071651,41.05026,1035.2],[-102.071074,41.046934,1035.0],[-102.068289,41.047541,1030.8],[-102.062383,41.047489,1030.2],[-102.056682,41.047445,1027.6],[-102.051037,41.047432,1028.4],[-102.045005,41.047417,1027.8],[-102.039143,41.047379,1028.6],[-102.033009,41.047348,1026.8],[-102.027158,41.047379,1024.2],[-102.022374,41.047371,1026.4],[-102.017357,41.04738,1027.2],[-102.012161,41.04736,1028.2],[-102.006356,41.047344,1030.0],[-102.00065,41.047344,1031.6],[-101.994776,41.047339,1028.0],[-101.988846,41.047337,1025.8],[-101.982945,41.047329,1023.6],[-101.977373,41.047331,1025.0],[-101.972007,41.047337,1025.8],[-101.966533,41.04734,1026.4],[-101.960774,41.04734,1026.0],[-101.954726,41.047337,1026.6],[-101.948934,41.047338,1024.8],[-101.943329,41.047344,1027.0],[-101.937574,41.047337,1029.8],[-101.931575,41.047337,1028.2],[-101.925737,41.047352,1032.6],[-101.919923,41.04734,1031.4],[-101.913948,41.047323,1028.8],[-101.908302,41.047325,1030.0],[-101.903515,41.04731,1035.6],[-101.902351,41.050643,1036.0],[-101.902344,41.056504,1022.2],[-101.902382,41.062306,1013.4],[-101.902412,41.067596,1009.6],[-101.902435,41.072381,1011.6],[-101.901515,41.076338,1012.4],[-101.895872,41.076334,1008.4],[-101.890515,41.07634,1011.6],[-101.888039,41.078413,1015.6],[-101.888039,41.080029,1017.8],[-101.888421,41.08277,1010.8],[-101.888023,41.086184,1011.4],[-101.888069,41.090256,1010.6],[-101.888054,41.091314,1012.8],[-101.8854,41.092559,1012.4],[-101.880048,41.093453,1013.4],[-101.874597,41.094358,1010.8],[-101.869068,41.09529,1009.6],[-101.863291,41.096232,1007.4],[-101.857469,41.097213,1005.0],[-101.851551,41.098201,1002.6],[-101.845614,41.099182,1001.8],[-101.8398,41.100148,1003.0],[-101.833938,41.101122,1001.6],[-101.827763,41.102136,1000.4],[-101.821805,41.103143,999.0],[-101.81566,41.104158,996.8],[-101.809543,41.105165,995.6],[-101.804058,41.106098,995.4],[-101.798527,41.107014,993.8],[-101.792844,41.107964,993.2],[-101.787072,41.108929,993.2],[-101.781483,41.109854,992.8],[-101.775529,41.110929,990.4],[-101.770073,41.112879,991.0],[-101.765022,41.114885,991.0],[-101.759817,41.116948,992.0],[-101.755202,41.118745,994.0],[-101.749979,41.120256,994.0],[-101.743921,41.120959,990.4],[-101.737927,41.121785,988.4],[-101.732311,41.122779,987.4],[-101.726442,41.123788,986.0],[-101.720579,41.124511,985.4],[-101.715896,41.125062,985.6],[-101.710434,41.125709,985.8],[-101.704903,41.126391,984.6],[-101.699303,41.127069,986.0],[-101.693658,41.127915,985.2],[-101.688064,41.129565,985.2],[-101.68262,41.131205,983.8],[-101.676701,41.132455,981.2],[-101.671149,41.133107,980.8],[-101.665357,41.133763,982.6],[-101.659683,41.13397,983.2],[-101.653895,41.133204,980.8],[-101.647821,41.132264,977.2],[-101.642204,41.13156,977.4],[-101.636665,41.130873,976.2],[-101.630998,41.130172,976.6],[-101.625152,41.129753,975.0],[-101.619509,41.129411,973.8],[-101.613815,41.129211,973.6],[-101.608155,41.129454,972.4],[-101.602806,41.12977,974.4],[-101.597269,41.130078,974.0],[-101.591468,41.129993,974.4],[-101.58557,41.129827,972.6],[-101.57987,41.129654,971.8],[-101.573958,41.129503,971.2],[-101.56823,41.129339,969.2],[-101.562792,41.12919,969.8],[-101.556781,41.129028,967.0],[-101.550964,41.128866,966.2],[-101.545409,41.128709,968.4],[-101.539801,41.128708,970.4],[-101.534262,41.128624,973.6],[-101.528543,41.128536,974.0],[-101.52237,41.127882,973.2],[-101.515857,41.126305,967.2],[-101.509863,41.124387,965.8],[-101.503439,41.124303,964.4],[-101.497171,41.124734,961.2],[-101.491261,41.125039,960.0],[-101.485491,41.125355,959.8],[-101.479822,41.125578,960.0],[-101.473565,41.125895,957.4],[-101.468215,41.126208,956.8],[-101.462229,41.126519,956.4],[-101.456894,41.126881,958.6],[-101.451468,41.127029,958.2],[-101.445526,41.12658,956.8],[-101.440052,41.1259,955.8],[-101.434298,41.125137,954.6],[-101.42888,41.12443,953.4],[-101.423524,41.123728,954.2],[-101.418174,41.123036,951.8],[-101.412833,41.122385,951.0],[-101.407053,41.121974,948.8],[-101.401224,41.121454,948.4],[-101.394854,41.121034,944.2],[-101.388925,41.120647,943.8],[-101.383193,41.120392,943.4],[-101.377489,41.120812,942.4],[-101.371518,41.121413,940.2],[-101.36617,41.122824,941.4],[-101.360674,41.123618,942.8],[-101.356441,41.12429,942.8],[-101.356471,41.124229,943.2],[-101.351552,41.124532,940.8],[-101.345672,41.124767,938.6],[-101.3398,41.124559,935.4],[-101.335651,41.12434,935.0],[-101.334558,41.124261,934.8],[-101.333421,41.124285,936.6],[-101.333221,41.124361,938.8],[-101.333905,41.124317,940.0],[-101.33478,41.124371,940.0],[-101.335802,41.124432,940.2],[-101.336412,41.12447,940.0],[-101.337458,41.124523,939.2],[-101.338358,41.124565,939.2],[-101.339456,41.12463,939.2],[-101.3404,41.12468,939.0],[-101.341349,41.12475,938.4],[-101.34246,41.124775,938.8],[-101.343576,41.124815,938.8],[-101.344728,41.124828,938.6],[-101.34584,41.124823,938.2],[-101.346865,41.124927,939.0],[-101.347043,41.125127,939.4],[-101.346927,41.12507,939.0],[-101.347178,41.124828,938.8],[-101.347853,41.124798,938.8],[-101.348504,41.124786,938.6],[-101.349401,41.124744,938.4],[-101.350031,41.124706,939.4],[-101.350329,41.124697,938.8],[-101.350489,41.124699,938.8],[-101.351038,41.12468,938.8],[-101.351135,41.124821,951.6],[-101.349752,41.124642,951.8],[-101.344408,41.124752,950.6],[-101.338286,41.12448,948.8],[-101.332074,41.124139,946.8],[-101.325405,41.123767,942.8],[-101.319035,41.123473,941.0],[-101.312616,41.124027,938.4],[-101.306193,41.124751,936.4],[-101.299829,41.12592,935.2],[-101.293481,41.127109,934.2],[-101.28729,41.128262,933.2],[-101.281107,41.129414,932.8],[-101.274681,41.130608,930.2],[-101.268421,41.131769,930.2],[-101.262079,41.133157,928.8],[-101.255807,41.134683,928.2],[-101.249647,41.136194,928.2],[-101.243491,41.138081,925.6],[-101.23728,41.140023,924.2],[-101.231084,41.141923,923.2],[-101.225398,41.143713,923.6],[-101.21967,41.145444,923.2],[-101.213995,41.146967,922.8],[-101.207932,41.14838,922.0],[-101.201553,41.149734,919.4],[-101.195231,41.151061,919.4],[-101.188945,41.151927,919.8],[-101.182771,41.152412,919.6],[-101.176758,41.152886,919.0],[-101.170563,41.153377,917.6],[-101.164162,41.153876,915.4],[-101.1578,41.15438,913.8],[-101.15164,41.154859,912.6],[-101.145552,41.155329,911.6],[-101.139681,41.155803,910.6],[-101.133956,41.156301,909.4],[-101.127975,41.156789,908.8],[-101.122183,41.157218,908.6],[-101.116121,41.157712,908.0],[-101.110014,41.158193,907.4],[-101.103969,41.158673,906.8],[-101.098499,41.159832,907.2],[-101.093204,41.161967,906.2],[-101.087777,41.163293,909.8],[-101.082874,41.163528,914.0],[-101.075843,41.163517,904.2],[-101.068955,41.163513,902.0],[-101.062531,41.163502,900.2],[-101.056287,41.163475,899.6],[-101.050232,41.163456,898.8],[-101.044157,41.16342,897.6],[-101.038034,41.163328,897.4],[-101.032014,41.163099,896.2],[-101.026074,41.162843,895.4],[-101.020214,41.162697,895.2],[-101.014372,41.162703,894.4],[-101.008596,41.162715,894.4],[-101.002645,41.162721,893.8],[-100.996575,41.162726,893.6],[-100.990613,41.162735,893.2],[-100.984656,41.162743,892.0],[-100.978636,41.162746,891.0],[-100.97252,41.162754,889.6],[-100.966658,41.162746,888.6],[-100.960638,41.16275,887.4],[-100.95472,41.162724,886.4],[-100.948729,41.162746,885.8],[-100.942687,41.162722,885.2],[-100.936697,41.162659,885.0],[-100.930802,41.16258,884.6],[-100.924864,41.162521,883.6],[-100.919226,41.162445,883.4],[-100.913719,41.162415,882.6],[-100.908526,41.162416,882.4],[-100.902857,41.162417,882.2],[-100.897062,41.162399,882.0],[-100.891572,41.162415,882.2],[-100.885946,41.162411,881.0],[-100.880191,41.162418,880.4],[-100.874187,41.162411,879.0],[-100.868372,41.162403,877.4],[-100.862526,41.162399,876.8],[-100.856751,41.162399,876.6],[-100.851014,41.162396,876.0],[-100.84522,41.162385,875.2],[-100.839551,41.162388,875.2],[-100.833926,41.16238,875.0],[-100.828168,41.162398,874.0],[-100.822294,41.162448,873.2],[-100.817257,41.160552,873.0],[-100.814124,41.157429,873.0],[-100.810993,41.154281,872.6],[-100.806818,41.151895,872.0],[-100.801173,41.150556,871.4],[-100.79587,41.149286,870.6],[-100.790418,41.148206,870.0],[-100.784745,41.14818,868.4],[-100.779633,41.148144,867.6],[-100.77724,41.147854,867.6],[-100.772341,41.147755,867.4],[-100.76714,41.147056,866.6],[-100.762162,41.14637,866.2],[-100.757047,41.145724,865.4],[-100.751267,41.144963,864.0],[-100.745655,41.144236,863.8],[-100.740248,41.143475,862.4],[-100.735168,41.142734,863.4],[-100.73094,41.140411,865.6],[-100.729107,41.137701,871.8],[-100.726983,41.133305,861.0],[-100.72612,41.130025,859.8],[-100.725563,41.126459,860.0],[-100.725502,41.123216,860.0],[-100.725555,41.119877,859.2],[-100.72554,41.116206,859.2],[-100.725548,41.112368,860.4],[-100.72554,41.109144,863.0],[-100.722868,41.107924,859.6],[-100.723312,41.107237,860.2],[-100.721401,41.108059,859.0]]}},{"type":"Feature","properties":{"date":"2026-08-17","source_file":"14.gpx","dist_m":216539,"vert_up_m":18,"vert_down_m":13,"points":490},"geometry":{"type":"LineString","coordinates":[[-100.719986,41.108219,853.0],[-100.722097,41.107866,853.0],[-100.723343,41.107277,853.2],[-100.723565,41.107256,856.2],[-100.725452,41.108581,860.2],[-100.725464,41.113231,855.4],[-100.725456,41.118381,854.4],[-100.725441,41.123494,855.2],[-100.725785,41.128837,854.8],[-100.728613,41.132076,856.4],[-100.734208,41.132748,856.0],[-100.739378,41.133459,857.2],[-100.744729,41.134138,857.6],[-100.750039,41.134827,857.6],[-100.75541,41.135559,858.2],[-100.760594,41.136253,859.2],[-100.762928,41.137581,860.0],[-100.762901,41.137728,860.4],[-100.762874,41.13762,860.4],[-100.761187,41.136226,861.6],[-100.756269,41.135581,861.4],[-100.750749,41.134842,861.0],[-100.744963,41.134063,861.6],[-100.738993,41.133259,860.8],[-100.732898,41.132482,859.6],[-100.726969,41.131845,860.6],[-100.720693,41.132361,859.2],[-100.714602,41.133032,861.4],[-100.708216,41.133742,859.0],[-100.701742,41.134455,858.4],[-100.695348,41.135161,858.0],[-100.68901,41.134696,856.6],[-100.683894,41.132442,856.0],[-100.678805,41.130109,855.0],[-100.673804,41.127807,855.4],[-100.668924,41.125566,855.2],[-100.664037,41.123328,854.0],[-100.659247,41.121135,854.8],[-100.65449,41.118951,853.8],[-100.649752,41.116777,855.0],[-100.644984,41.114597,854.6],[-100.639711,41.112541,853.4],[-100.633959,41.110816,852.6],[-100.628301,41.109126,851.0],[-100.622613,41.107431,850.8],[-100.617238,41.105821,851.2],[-100.611831,41.104202,848.8],[-100.606361,41.102569,847.6],[-100.600752,41.100894,846.8],[-100.595271,41.099249,845.0],[-100.589933,41.09765,843.4],[-100.584513,41.096023,843.2],[-100.579199,41.094438,841.4],[-100.573835,41.092826,840.8],[-100.568525,41.091232,840.6],[-100.562938,41.089559,841.0],[-100.557467,41.087924,840.0],[-100.552,41.08624,839.2],[-100.547549,41.083961,841.8],[-100.543974,41.083826,847.8],[-100.538503,41.084013,843.8],[-100.532991,41.081472,837.6],[-100.527494,41.079791,837.4],[-100.522219,41.078214,836.4],[-100.516962,41.076619,833.6],[-100.511789,41.074987,833.2],[-100.506514,41.073404,831.6],[-100.501271,41.071825,832.2],[-100.495886,41.070215,831.2],[-100.490675,41.068643,828.8],[-100.485349,41.067044,828.4],[-100.48,41.065423,828.4],[-100.474672,41.063825,828.4],[-100.46919,41.062173,827.0],[-100.46416,41.060665,826.4],[-100.458813,41.059049,825.6],[-100.453465,41.057448,825.6],[-100.448018,41.055803,824.8],[-100.442399,41.054004,824.0],[-100.436956,41.052169,823.6],[-100.431543,41.050368,823.2],[-100.426206,41.048576,822.6],[-100.42085,41.046781,822.2],[-100.415437,41.044967,820.2],[-100.41012,41.043182,821.4],[-100.404836,41.041394,818.8],[-100.399389,41.039569,817.6],[-100.394109,41.037793,818.0],[-100.388727,41.035985,817.2],[-100.383939,41.033963,817.4],[-100.380163,41.031374,816.0],[-100.376247,41.028474,816.0],[-100.372515,41.025652,815.8],[-100.36865,41.022755,815.4],[-100.367458,41.022083,815.6],[-100.364654,41.019634,813.8],[-100.360808,41.016701,814.8],[-100.357149,41.013819,814.6],[-100.353453,41.010981,814.8],[-100.349603,41.008005,814.4],[-100.345643,41.004991,814.4],[-100.340943,41.002434,810.8],[-100.33598,41.000999,810.8],[-100.331275,41.000561,815.0],[-100.326879,41.000179,820.6],[-100.320398,40.99953,814.2],[-100.316053,40.997339,814.6],[-100.311323,40.994194,810.0],[-100.30713,40.991421,810.0],[-100.302739,40.988663,808.8],[-100.29809,40.986344,807.0],[-100.293527,40.98415,806.8],[-100.288747,40.981848,805.2],[-100.283563,40.979348,805.2],[-100.278736,40.977034,805.4],[-100.273916,40.974711,804.8],[-100.269148,40.97255,804.2],[-100.264066,40.970357,802.2],[-100.259278,40.968276,800.8],[-100.254579,40.966239,802.4],[-100.249765,40.964141,801.4],[-100.24466,40.961942,801.8],[-100.239953,40.95991,800.2],[-100.239644,40.959776,799.0],[-100.236645,40.958477,796.6],[-100.232759,40.956805,795.2],[-100.228765,40.955079,797.0],[-100.224595,40.953276,795.4],[-100.220353,40.951461,794.4],[-100.21607,40.949637,794.0],[-100.211961,40.947875,793.2],[-100.207692,40.946055,793.8],[-100.203267,40.944142,791.8],[-100.198502,40.942075,791.0],[-100.19377,40.940027,789.0],[-100.189063,40.937989,790.0],[-100.18443,40.935992,789.6],[-100.179982,40.934056,789.2],[-100.17542,40.932091,787.8],[-100.171025,40.930339,789.0],[-100.166723,40.928527,789.8],[-100.165649,40.928512,790.4],[-100.162923,40.926863,788.0],[-100.158654,40.925027,787.2],[-100.154393,40.923007,785.0],[-100.149933,40.921067,781.8],[-100.14523,40.91902,782.8],[-100.140721,40.917054,783.0],[-100.136075,40.915011,782.4],[-100.131593,40.91306,781.2],[-100.127018,40.911068,782.2],[-100.122406,40.909069,781.0],[-100.117776,40.907076,778.8],[-100.113037,40.905018,778.8],[-100.108514,40.903048,778.8],[-100.104077,40.901135,778.6],[-100.099481,40.899128,780.0],[-100.095021,40.897194,778.6],[-100.090676,40.895314,779.8],[-100.086499,40.893509,780.8],[-100.081634,40.891759,779.8],[-100.076305,40.890234,778.4],[-100.071419,40.888562,777.6],[-100.066398,40.886839,776.6],[-100.061501,40.885152,775.8],[-100.056317,40.88328,775.2],[-100.051781,40.881514,775.8],[-100.04663,40.879732,773.8],[-100.041603,40.877873,773.4],[-100.036643,40.876009,773.4],[-100.031916,40.87424,775.4],[-100.026955,40.872396,772.8],[-100.02203,40.87056,772.2],[-100.017178,40.868746,773.8],[-100.012398,40.866957,771.0],[-100.007743,40.865225,770.0],[-100.003391,40.863591,772.4],[-99.998764,40.861966,771.0],[-99.993918,40.860362,772.0],[-99.989174,40.859522,771.8],[-99.984991,40.859508,772.4],[-99.984607,40.859533,772.4],[-99.983339,40.858513,770.4],[-99.980442,40.857503,770.6],[-99.979247,40.855167,771.6],[-99.978803,40.855191,769.4],[-99.976511,40.853868,769.4],[-99.972271,40.852009,766.8],[-99.96751,40.85022,765.0],[-99.963081,40.848568,764.4],[-99.958672,40.846917,763.4],[-99.954189,40.845251,763.0],[-99.949391,40.843457,763.2],[-99.9445,40.841631,763.4],[-99.939647,40.839812,761.6],[-99.934848,40.838022,762.8],[-99.930001,40.836209,760.0],[-99.925159,40.834402,760.0],[-99.920478,40.83265,759.8],[-99.915748,40.830874,760.0],[-99.911029,40.829113,759.0],[-99.906238,40.827311,758.2],[-99.901536,40.82556,757.0],[-99.896587,40.823866,756.6],[-99.891525,40.822109,757.6],[-99.886737,40.820313,757.0],[-99.882003,40.818533,758.2],[-99.877269,40.816458,755.2],[-99.87257,40.8147,754.4],[-99.867797,40.81291,752.6],[-99.863032,40.811121,752.0],[-99.858324,40.809341,751.0],[-99.853573,40.807562,751.8],[-99.848864,40.805794,750.0],[-99.844158,40.804028,751.8],[-99.839599,40.802305,751.2],[-99.835164,40.800642,749.0],[-99.830259,40.798795,748.6],[-99.825457,40.796985,748.6],[-99.82049,40.795116,748.4],[-99.815715,40.793325,746.2],[-99.810881,40.791617,746.2],[-99.805666,40.790314,746.0],[-99.800538,40.789193,746.4],[-99.79529,40.788037,745.2],[-99.789731,40.786824,743.2],[-99.784192,40.785616,743.6],[-99.778711,40.784426,743.8],[-99.773721,40.783331,744.4],[-99.76856,40.782213,743.2],[-99.763399,40.781094,742.2],[-99.758006,40.780181,742.0],[-99.752314,40.778923,740.6],[-99.746862,40.777746,740.2],[-99.743235,40.777784,740.4],[-99.741413,40.778803,741.4],[-99.741394,40.778819,741.4],[-99.741603,40.777787,741.2],[-99.739897,40.776249,741.2],[-99.735144,40.775173,738.2],[-99.730387,40.774144,740.0],[-99.725702,40.772852,740.2],[-99.720456,40.771669,739.0],[-99.714944,40.770455,737.6],[-99.709732,40.769322,736.0],[-99.704514,40.768172,732.8],[-99.699338,40.767031,733.0],[-99.694039,40.765877,732.4],[-99.688859,40.764741,733.4],[-99.683655,40.763585,732.6],[-99.678454,40.762433,733.0],[-99.673254,40.761292,732.6],[-99.668107,40.760157,731.0],[-99.662736,40.758977,730.4],[-99.658043,40.757947,729.0],[-99.653297,40.756912,728.6],[-99.648416,40.755842,727.6],[-99.644103,40.754873,727.2],[-99.639993,40.753972,726.6],[-99.63534,40.752945,726.4],[-99.630253,40.75182,726.0],[-99.625075,40.750687,725.4],[-99.620086,40.749573,725.0],[-99.615082,40.748478,723.4],[-99.610389,40.747538,724.0],[-99.605346,40.746863,724.2],[-99.600144,40.746211,723.4],[-99.594902,40.745548,723.0],[-99.589765,40.744905,722.2],[-99.584798,40.744275,722.4],[-99.57941,40.743582,722.0],[-99.573945,40.7429,720.0],[-99.568856,40.742254,720.4],[-99.56384,40.741606,718.8],[-99.558731,40.740965,718.6],[-99.55383,40.740335,718.2],[-99.548619,40.739676,717.0],[-99.543308,40.739175,717.0],[-99.538534,40.738674,717.2],[-99.536296,40.7388,718.2],[-99.532634,40.737943,714.6],[-99.527638,40.737195,710.4],[-99.522671,40.736399,707.6],[-99.517483,40.735757,705.6],[-99.512027,40.735058,705.0],[-99.506854,40.734393,705.4],[-99.50163,40.733728,703.8],[-99.496024,40.73301,702.4],[-99.490677,40.73232,702.8],[-99.485485,40.731662,703.0],[-99.480407,40.731019,703.8],[-99.475154,40.730359,704.8],[-99.470058,40.729675,705.6],[-99.464947,40.729019,706.6],[-99.459578,40.728345,705.8],[-99.454339,40.727654,705.0],[-99.449453,40.727037,703.4],[-99.44429,40.726377,702.6],[-99.439026,40.725735,702.4],[-99.433811,40.725045,702.4],[-99.428432,40.724362,702.2],[-99.423451,40.723734,701.4],[-99.418209,40.723073,701.2],[-99.413348,40.722442,701.6],[-99.408361,40.72178,702.0],[-99.403336,40.721141,702.6],[-99.398454,40.720513,704.2],[-99.393449,40.719982,703.0],[-99.390082,40.719707,702.6],[-99.38573,40.719191,702.0],[-99.380623,40.718543,703.0],[-99.376054,40.717742,702.4],[-99.374957,40.717804,702.4],[-99.370827,40.717061,702.8],[-99.36604,40.716404,701.8],[-99.360966,40.715753,702.2],[-99.355727,40.715085,701.4],[-99.350509,40.714421,699.4],[-99.345642,40.713794,700.4],[-99.340813,40.71317,700.8],[-99.336,40.712555,699.6],[-99.331165,40.711932,699.2],[-99.326081,40.711285,699.6],[-99.321051,40.710641,699.2],[-99.316115,40.710009,697.0],[-99.310772,40.709323,696.8],[-99.305137,40.708598,695.6],[-99.299133,40.707839,692.0],[-99.293726,40.707135,691.2],[-99.288318,40.70645,691.8],[-99.282894,40.70575,691.2],[-99.277709,40.705081,690.8],[-99.272453,40.704412,690.8],[-99.267142,40.703725,690.2],[-99.261708,40.703039,690.2],[-99.256131,40.702341,690.6],[-99.250647,40.701653,689.2],[-99.245202,40.700964,689.0],[-99.239623,40.700247,686.2],[-99.234388,40.699674,686.4],[-99.228986,40.699627,685.8],[-99.223859,40.699604,685.4],[-99.218737,40.699599,684.2],[-99.213425,40.699583,683.6],[-99.208272,40.699562,685.0],[-99.203218,40.699543,685.4],[-99.197838,40.699522,684.4],[-99.192461,40.6995,684.8],[-99.187218,40.699476,684.8],[-99.181534,40.699451,684.0],[-99.176109,40.699453,684.4],[-99.170764,40.699459,681.6],[-99.164777,40.699425,680.6],[-99.159623,40.699421,681.2],[-99.155125,40.69943,688.0],[-99.150785,40.699343,685.2],[-99.145036,40.69841,683.2],[-99.139381,40.698826,682.6],[-99.134038,40.698929,682.2],[-99.128105,40.699413,680.0],[-99.123378,40.698914,678.2],[-99.123493,40.698957,678.2],[-99.119687,40.69939,677.8],[-99.114093,40.699373,675.8],[-99.10881,40.699312,675.2],[-99.102727,40.699366,670.4],[-99.096957,40.699345,672.0],[-99.091558,40.700478,670.2],[-99.085919,40.700395,668.2],[-99.080242,40.700311,666.4],[-99.074828,40.700218,665.4],[-99.069758,40.700153,664.2],[-99.064774,40.700073,664.6],[-99.059414,40.700253,662.0],[-99.053445,40.701608,660.2],[-99.047561,40.702945,659.0],[-99.042017,40.704221,659.6],[-99.036339,40.705507,659.2],[-99.030586,40.706802,659.0],[-99.025227,40.708027,658.8],[-99.019928,40.709223,657.8],[-99.014768,40.710394,656.6],[-99.009374,40.711631,655.6],[-99.004135,40.712821,657.0],[-98.998687,40.714051,657.0],[-98.993441,40.715237,656.2],[-98.988079,40.716444,655.8],[-98.983062,40.717569,655.6],[-98.977991,40.718716,657.4],[-98.972712,40.719901,656.0],[-98.967625,40.721048,655.0],[-98.962402,40.722225,653.8],[-98.957102,40.723418,652.2],[-98.951771,40.724606,651.0],[-98.94648,40.725803,650.8],[-98.941421,40.726949,650.0],[-98.936213,40.728113,651.4],[-98.930875,40.729313,649.6],[-98.925446,40.730533,648.6],[-98.920064,40.731755,647.8],[-98.914853,40.732929,647.0],[-98.909599,40.734109,646.4],[-98.904361,40.735288,644.6],[-98.899075,40.736476,644.2],[-98.893605,40.737702,643.2],[-98.888347,40.738877,643.0],[-98.883061,40.740073,641.8],[-98.877954,40.741215,642.0],[-98.872291,40.742528,641.4],[-98.866313,40.744171,641.0],[-98.860287,40.745824,640.2],[-98.854832,40.747327,639.4],[-98.849583,40.748641,639.6],[-98.844364,40.750056,637.8],[-98.839173,40.751509,638.2],[-98.834087,40.753026,638.2],[-98.828793,40.754475,637.0],[-98.823518,40.755912,637.6],[-98.818337,40.757331,636.8],[-98.813127,40.758764,635.6],[-98.80789,40.760221,634.0],[-98.802528,40.761684,633.4],[-98.797096,40.763176,632.2],[-98.791543,40.764698,631.2],[-98.786249,40.766153,630.2],[-98.781011,40.767585,629.4],[-98.775743,40.769019,629.0],[-98.770437,40.770468,628.2],[-98.764983,40.771954,628.0],[-98.759674,40.773413,627.6],[-98.754361,40.774874,627.8],[-98.74882,40.776386,627.2],[-98.743326,40.777887,626.4],[-98.737934,40.779439,626.0],[-98.732612,40.780938,625.4],[-98.731431,40.78144,625.4],[-98.727082,40.782656,625.4],[-98.722626,40.785373,624.4],[-98.717184,40.785976,624.0],[-98.711856,40.786911,622.8],[-98.70673,40.788446,621.8],[-98.701611,40.789979,621.2],[-98.696436,40.791526,621.2],[-98.691255,40.793063,621.2],[-98.686235,40.794568,620.6],[-98.680917,40.796142,620.2],[-98.675586,40.79774,619.6],[-98.670239,40.799337,619.0],[-98.665119,40.800863,617.8],[-98.659959,40.802396,617.2],[-98.654753,40.803944,616.8],[-98.649624,40.805472,616.2],[-98.644395,40.807024,615.4],[-98.639016,40.808637,614.6],[-98.633736,40.810194,614.0],[-98.628464,40.811763,613.2],[-98.624385,40.812957,612.8],[-98.619373,40.814451,611.8],[-98.614117,40.816014,611.4],[-98.608667,40.817631,610.2],[-98.603513,40.819313,609.6],[-98.602334,40.819944,609.0],[-98.59797,40.821076,609.0],[-98.592742,40.82252,608.0],[-98.5874,40.823977,606.4],[-98.582011,40.825554,605.6],[-98.576701,40.827124,605.2],[-98.571204,40.828775,604.2],[-98.565483,40.830461,603.6],[-98.560108,40.832044,603.4],[-98.554685,40.83366,603.4],[-98.549121,40.835316,603.2],[-98.543363,40.83703,601.4],[-98.537642,40.838717,600.2],[-98.531986,40.84057,600.0],[-98.526645,40.842975,598.8],[-98.521126,40.84552,598.6],[-98.515773,40.847969,597.6],[-98.510312,40.850441,596.8],[-98.504821,40.852968,595.8],[-98.499403,40.855443,594.6],[-98.494199,40.857852,594.4],[-98.488818,40.860288,592.8],[-98.483457,40.862749,592.2],[-98.478283,40.865079,592.8],[-98.473176,40.867469,592.2],[-98.467625,40.870057,590.8],[-98.463485,40.872112,590.6],[-98.463952,40.872832,590.6],[-98.463862,40.872909,591.0]]}},{"type":"Feature","properties":{"date":"2026-08-18","source_file":"15.gpx","dist_m":214471,"vert_up_m":378,"vert_down_m":530,"points":494},"geometry":{"type":"LineString","coordinates":[[-98.463669,40.872475,585.6],[-98.462341,40.872364,585.6],[-98.459702,40.873569,586.0],[-98.455742,40.875359,585.8],[-98.451614,40.877247,584.8],[-98.44738,40.879181,584.2],[-98.443138,40.881119,583.2],[-98.438919,40.883095,583.0],[-98.436073,40.885773,584.6],[-98.435028,40.890167,583.0],[-98.433548,40.894222,583.6],[-98.429596,40.897114,581.8],[-98.425087,40.897926,581.0],[-98.420143,40.897942,578.6],[-98.415039,40.897957,578.4],[-98.411011,40.899231,578.4],[-98.408997,40.902641,576.6],[-98.406754,40.905598,575.8],[-98.403236,40.906521,577.4],[-98.398552,40.906708,574.4],[-98.394608,40.908821,573.0],[-98.389984,40.910904,571.0],[-98.385735,40.912796,572.2],[-98.382744,40.91412,576.8],[-98.377319,40.915325,568.0],[-98.373817,40.915665,566.0],[-98.374046,40.916294,565.2],[-98.374069,40.916248,566.2],[-98.374069,40.916279,566.2],[-98.374153,40.916283,565.6],[-98.374138,40.916283,566.0],[-98.374123,40.916286,567.2],[-98.374084,40.916257,577.8],[-98.373866,40.916273,578.0],[-98.374046,40.916288,578.0],[-98.373743,40.915602,579.0],[-98.369127,40.915862,582.0],[-98.366008,40.915433,589.6],[-98.359806,40.916504,578.6],[-98.35746,40.91814,579.4],[-98.355231,40.915365,576.0],[-98.352873,40.912091,575.0],[-98.34813,40.913442,569.4],[-98.345756,40.912778,568.8],[-98.344179,40.911793,568.6],[-98.342209,40.909086,568.8],[-98.341333,40.906549,569.0],[-98.338937,40.906483,570.2],[-98.334232,40.906445,570.4],[-98.330879,40.906156,568.8],[-98.330935,40.903343,568.2],[-98.328874,40.903877,568.2],[-98.324507,40.903828,568.4],[-98.322222,40.903112,568.4],[-98.320821,40.902066,569.8],[-98.317145,40.901318,567.6],[-98.311915,40.901299,567.4],[-98.306864,40.90132,566.2],[-98.302155,40.901332,565.4],[-98.301727,40.898867,565.8],[-98.301727,40.896032,565.6],[-98.301727,40.893238,565.8],[-98.301758,40.890245,565.0],[-98.301717,40.887373,565.6],[-98.299601,40.886784,565.4],[-98.294489,40.886775,565.2],[-98.289653,40.885722,563.8],[-98.287213,40.882957,562.8],[-98.286168,40.879756,563.0],[-98.285123,40.87679,563.4],[-98.282694,40.874127,565.4],[-98.279682,40.871923,565.8],[-98.2753,40.869895,565.6],[-98.271671,40.869767,574.0],[-98.267299,40.870438,574.0],[-98.262874,40.871192,577.6],[-98.258377,40.872049,578.4],[-98.253762,40.872307,579.0],[-98.24879,40.872311,576.2],[-98.243002,40.872311,571.6],[-98.237493,40.872295,570.8],[-98.232183,40.872295,569.8],[-98.226892,40.872299,569.0],[-98.222052,40.87226,572.2],[-98.217249,40.872204,572.2],[-98.211793,40.872236,570.4],[-98.207015,40.872303,573.6],[-98.201849,40.872353,574.4],[-98.196932,40.87241,575.2],[-98.191701,40.872454,573.0],[-98.185956,40.8725,567.6],[-98.180764,40.872532,571.8],[-98.176028,40.87257,573.4],[-98.170752,40.872621,571.4],[-98.165751,40.872662,573.2],[-98.160332,40.872707,569.6],[-98.15456,40.872761,565.4],[-98.149068,40.872826,563.6],[-98.143598,40.872871,562.2],[-98.138408,40.872944,560.0],[-98.133235,40.872997,559.8],[-98.127818,40.872902,558.8],[-98.122935,40.872705,560.8],[-98.117771,40.872499,561.6],[-98.112809,40.872316,562.8],[-98.108088,40.87225,564.4],[-98.103283,40.872238,564.6],[-98.098181,40.872261,564.0],[-98.093073,40.872246,561.4],[-98.087738,40.872288,558.8],[-98.082415,40.872292,556.8],[-98.077645,40.872214,555.8],[-98.073357,40.872021,564.8],[-98.070162,40.872013,565.2],[-98.065873,40.872221,555.6],[-98.060376,40.872313,551.6],[-98.055262,40.872288,549.6],[-98.050157,40.872298,548.6],[-98.045206,40.872338,547.6],[-98.04004,40.872327,546.6],[-98.035047,40.872334,544.6],[-98.030778,40.872326,547.0],[-98.027098,40.872336,543.2],[-98.022867,40.872346,542.2],[-98.019076,40.872556,544.4],[-98.019606,40.872799,544.0],[-98.01668,40.872355,545.2],[-98.011693,40.872386,544.0],[-98.005699,40.87241,541.0],[-98.001073,40.872083,536.2],[-97.996711,40.872458,534.6],[-97.991216,40.872482,533.6],[-97.98587,40.872388,534.4],[-97.980392,40.872458,532.4],[-97.974537,40.872461,529.0],[-97.968512,40.872452,527.8],[-97.963585,40.872437,530.0],[-97.9586,40.872417,532.2],[-97.953096,40.872407,532.0],[-97.947677,40.872379,532.2],[-97.942329,40.872348,535.4],[-97.937297,40.87236,536.2],[-97.931394,40.87236,535.8],[-97.925644,40.872372,537.8],[-97.92034,40.872966,539.4],[-97.914708,40.873794,538.0],[-97.909014,40.874623,538.0],[-97.90348,40.875434,537.4],[-97.897361,40.876335,535.0],[-97.891972,40.877326,534.6],[-97.886418,40.878147,534.8],[-97.881139,40.87891,535.6],[-97.875283,40.879776,534.0],[-97.869185,40.880911,531.6],[-97.864791,40.883564,535.2],[-97.859868,40.886368,534.2],[-97.854019,40.886902,534.4],[-97.848331,40.88689,534.8],[-97.842752,40.886887,535.0],[-97.837082,40.8869,534.6],[-97.831207,40.886898,533.6],[-97.82548,40.886902,532.8],[-97.820336,40.886897,532.8],[-97.81544,40.886913,532.6],[-97.810131,40.88692,531.6],[-97.804761,40.88694,530.4],[-97.79933,40.886958,529.0],[-97.794318,40.887007,529.2],[-97.789049,40.88699,529.8],[-97.783635,40.886983,529.4],[-97.778359,40.886926,529.4],[-97.773532,40.886978,528.8],[-97.768176,40.887047,528.2],[-97.762532,40.887032,527.6],[-97.757154,40.887058,527.2],[-97.751683,40.887085,526.8],[-97.746488,40.887065,527.6],[-97.741162,40.887011,526.8],[-97.735496,40.887047,525.2],[-97.729537,40.887058,523.2],[-97.723785,40.887074,522.0],[-97.717905,40.887074,520.0],[-97.712163,40.887047,519.2],[-97.706382,40.887028,515.8],[-97.700895,40.887016,514.6],[-97.695597,40.886986,515.0],[-97.690876,40.886973,516.6],[-97.685467,40.886963,512.8],[-97.679858,40.886944,510.6],[-97.67527,40.886926,511.6],[-97.66984,40.886936,507.6],[-97.665708,40.886925,511.8],[-97.661062,40.88694,512.0],[-97.655281,40.886944,505.8],[-97.650297,40.886955,509.0],[-97.645852,40.886962,508.8],[-97.641175,40.88691,508.6],[-97.637037,40.886875,511.2],[-97.632064,40.886837,509.8],[-97.626885,40.886814,508.8],[-97.622269,40.88678,509.4],[-97.618072,40.886628,506.4],[-97.615275,40.885615,506.2],[-97.610853,40.886695,504.2],[-97.605875,40.886779,505.8],[-97.601551,40.886768,506.0],[-97.596473,40.88678,505.6],[-97.59236,40.886818,507.4],[-97.58859,40.886841,509.2],[-97.584164,40.886852,506.8],[-97.579743,40.88689,505.2],[-97.577972,40.888914,505.0],[-97.57798,40.892287,506.2],[-97.578003,40.895876,505.4],[-97.578028,40.899648,506.0],[-97.577062,40.901299,505.0],[-97.573324,40.901287,506.4],[-97.568786,40.901281,505.4],[-97.563816,40.901287,505.2],[-97.559181,40.901286,505.6],[-97.554831,40.901291,506.4],[-97.549607,40.901281,503.8],[-97.54404,40.901295,503.4],[-97.539767,40.900939,503.4],[-97.539764,40.901133,503.4],[-97.534699,40.901295,502.2],[-97.529248,40.901264,501.0],[-97.523658,40.901295,500.6],[-97.518399,40.901272,501.0],[-97.512786,40.901234,500.8],[-97.50716,40.901223,500.4],[-97.501697,40.901211,499.8],[-97.49574,40.901158,500.0],[-97.490067,40.901124,500.6],[-97.484111,40.901046,499.4],[-97.478249,40.901032,499.6],[-97.472221,40.901043,499.2],[-97.466204,40.901048,498.6],[-97.459892,40.901071,497.6],[-97.453594,40.901132,498.4],[-97.447297,40.901215,495.4],[-97.440856,40.901241,494.2],[-97.434711,40.901282,492.8],[-97.428224,40.901409,493.0],[-97.422225,40.901443,494.0],[-97.416125,40.901439,492.8],[-97.409772,40.901489,492.6],[-97.404062,40.901494,493.4],[-97.397964,40.901466,491.6],[-97.391505,40.901456,491.0],[-97.385045,40.901479,489.4],[-97.378464,40.901573,486.8],[-97.371783,40.90166,484.6],[-97.365258,40.901691,486.0],[-97.358607,40.901703,485.6],[-97.351779,40.901714,484.2],[-97.349225,40.901498,485.2],[-97.34373,40.901773,485.8],[-97.337307,40.901787,484.4],[-97.331012,40.901775,485.4],[-97.325067,40.901779,485.8],[-97.318772,40.901783,483.8],[-97.312012,40.901775,481.6],[-97.305283,40.90176,480.0],[-97.298479,40.901783,479.4],[-97.292096,40.901797,480.6],[-97.285599,40.901783,480.8],[-97.27908,40.901779,480.2],[-97.272583,40.901781,480.4],[-97.265955,40.901775,479.2],[-97.259512,40.901772,479.0],[-97.253051,40.901772,479.2],[-97.246144,40.901761,477.4],[-97.23936,40.901756,477.6],[-97.232282,40.901744,475.6],[-97.224192,40.901707,471.4],[-97.217759,40.9017,472.4],[-97.211023,40.901669,475.4],[-97.204257,40.901653,473.6],[-97.19735,40.901642,472.6],[-97.190445,40.901622,476.0],[-97.183726,40.901619,473.8],[-97.176512,40.901606,472.0],[-97.169403,40.901606,470.6],[-97.162084,40.901595,467.2],[-97.15513,40.901581,466.4],[-97.147468,40.90155,457.6],[-97.139191,40.901615,444.0],[-97.131597,40.901603,442.4],[-97.124732,40.901619,440.0],[-97.117732,40.901615,439.8],[-97.111697,40.903059,441.2],[-97.106705,40.905469,439.4],[-97.102339,40.906818,448.2],[-97.101397,40.908383,453.6],[-97.101405,40.911522,448.0],[-97.101395,40.912768,446.6],[-97.101443,40.915247,444.8],[-97.101468,40.916943,455.0],[-97.101537,40.920311,456.6],[-97.101532,40.924372,454.8],[-97.101591,40.928399,457.0],[-97.101587,40.932125,459.2],[-97.101509,40.936008,464.0],[-97.101471,40.939508,468.4],[-97.101456,40.943536,469.8],[-97.101402,40.947613,474.8],[-97.101334,40.951885,473.8],[-97.101282,40.956777,469.0],[-97.101227,40.96118,470.4],[-97.101212,40.965782,464.2],[-97.101196,40.970735,457.4],[-97.101191,40.974056,463.4],[-97.101189,40.976722,469.0],[-97.101212,40.979709,475.4],[-97.101227,40.983399,475.6],[-97.10125,40.98747,477.6],[-97.101257,40.991346,476.8],[-97.10125,40.995635,470.8],[-97.101242,40.999637,474.4],[-97.101259,41.003366,476.2],[-97.101265,41.007685,477.0],[-97.101303,41.011957,476.0],[-97.101318,41.016489,474.6],[-97.101334,41.020832,476.8],[-97.101311,41.025489,470.8],[-97.101318,41.029582,477.0],[-97.101311,41.033519,480.4],[-97.101275,41.038348,479.8],[-97.101239,41.042241,482.2],[-97.100545,41.046413,482.2],[-97.099846,41.050801,477.2],[-97.099859,41.055671,475.2],[-97.099869,41.059084,481.2],[-97.099907,41.062881,483.8],[-97.099945,41.067172,483.6],[-97.099985,41.070877,490.2],[-97.099976,41.074565,494.2],[-97.095331,41.075382,490.4],[-97.088804,41.075386,480.0],[-97.081147,41.075405,470.0],[-97.074717,41.075397,476.6],[-97.069912,41.075413,483.4],[-97.064058,41.075428,480.4],[-97.056471,41.075379,473.2],[-97.051448,41.075356,479.2],[-97.046529,41.075306,483.2],[-97.042276,41.075275,489.0],[-97.037162,41.075256,488.8],[-97.031226,41.075272,489.0],[-97.024992,41.075254,491.6],[-97.019921,41.07523,495.4],[-97.014628,41.075226,495.0],[-97.010268,41.075194,494.4],[-97.004023,41.075175,479.2],[-96.997091,41.07518,472.8],[-96.990256,41.07515,471.0],[-96.984526,41.075157,465.2],[-96.974028,41.075184,435.2],[-96.969439,41.07518,443.0],[-96.966476,41.075187,451.6],[-96.960241,41.075166,448.4],[-96.952258,41.075138,430.2],[-96.947797,41.075127,437.2],[-96.945288,41.075109,448.6],[-96.943154,41.0751,461.0],[-96.940169,41.075093,470.0],[-96.933684,41.075051,456.8],[-96.928096,41.075029,462.6],[-96.923371,41.07505,461.6],[-96.916937,41.075142,466.2],[-96.911303,41.075237,475.0],[-96.905644,41.075275,475.8],[-96.898767,41.075154,463.8],[-96.890979,41.075108,460.8],[-96.88258,41.075076,439.8],[-96.875139,41.075072,445.4],[-96.869236,41.075073,452.6],[-96.862451,41.074925,443.6],[-96.854384,41.075115,431.6],[-96.845009,41.074834,403.8],[-96.83785,41.07494,402.4],[-96.832662,41.074917,403.0],[-96.831741,41.077622,404.0],[-96.831823,41.08156,408.8],[-96.832032,41.081751,409.4],[-96.831835,41.077578,405.0],[-96.83168,41.073485,403.6],[-96.831963,41.06924,401.2],[-96.832008,41.064976,399.6],[-96.832049,41.060924,401.4],[-96.828024,41.060418,399.0],[-96.823453,41.060398,402.4],[-96.819793,41.060376,410.6],[-96.817013,41.060376,421.2],[-96.811481,41.060353,411.8],[-96.80651,41.060364,418.4],[-96.803485,41.060375,431.4],[-96.799755,41.060365,434.8],[-96.795992,41.060375,439.8],[-96.791707,41.060368,446.8],[-96.787615,41.060369,459.0],[-96.785658,41.060375,457.8],[-96.778791,41.060349,446.2],[-96.769955,41.060337,420.2],[-96.76201,41.060329,411.0],[-96.755486,41.060314,413.0],[-96.749769,41.060307,414.2],[-96.743161,41.060298,412.6],[-96.736348,41.060288,409.4],[-96.728841,41.060261,397.0],[-96.720317,41.060227,385.2],[-96.71274,41.060226,375.2],[-96.705404,41.060211,372.6],[-96.698621,41.060204,370.8],[-96.691915,41.060177,370.4],[-96.685146,41.060166,367.2],[-96.682018,41.060187,368.4],[-96.678827,41.060139,376.4],[-96.672667,41.060135,374.6],[-96.666446,41.060121,370.6],[-96.659648,41.060108,370.6],[-96.654948,41.060101,381.4],[-96.650234,41.060078,384.4],[-96.643839,41.060078,377.0],[-96.638783,41.059732,373.8],[-96.63591,41.060058,384.6],[-96.631259,41.060043,381.2],[-96.62463,41.06002,379.6],[-96.619248,41.060001,381.8],[-96.612332,41.059986,371.0],[-96.606929,41.059967,381.2],[-96.600347,41.05994,375.2],[-96.592395,41.059921,373.8],[-96.583922,41.059895,359.8],[-96.576398,41.059894,355.2],[-96.571432,41.059892,361.6],[-96.567196,41.059872,370.0],[-96.563895,41.059872,377.0],[-96.558663,41.059845,377.6],[-96.552862,41.059834,378.0],[-96.546292,41.059825,377.6],[-96.539694,41.0598,373.0],[-96.535533,41.059795,384.2],[-96.530865,41.059799,387.4],[-96.525293,41.05978,387.4],[-96.518609,41.059742,377.8],[-96.511644,41.059731,378.2],[-96.5062,41.059723,379.8],[-96.502237,41.057731,381.2],[-96.502211,41.054397,383.2],[-96.502197,41.049539,377.8],[-96.49919,41.045197,363.6],[-96.495628,41.0452,373.0],[-96.491354,41.045197,374.4],[-96.48437,41.045162,370.4],[-96.480508,41.045136,378.0],[-96.474922,41.045132,379.0],[-96.467796,41.04509,373.4],[-96.461285,41.045089,372.8],[-96.454223,41.045086,366.0],[-96.447868,41.04509,369.8],[-96.44039,41.045086,359.2],[-96.431988,41.045078,344.2],[-96.425136,41.04509,342.0],[-96.418507,41.045101,341.2],[-96.412202,41.045096,341.8],[-96.406341,41.045101,341.4],[-96.401042,41.045111,348.4],[-96.395504,41.045116,343.2],[-96.389538,41.045099,341.2],[-96.382823,41.045097,339.6],[-96.375799,41.045078,334.4],[-96.369094,41.04504,331.6],[-96.368414,41.041824,335.8],[-96.368289,41.039154,337.2],[-96.362899,41.039073,331.4],[-96.358049,41.038619,333.6],[-96.357792,41.038536,335.4],[-96.354575,41.040669,337.6],[-96.354446,41.041292,337.6],[-96.354454,41.041294,339.8],[-96.356133,41.039686,337.8],[-96.357239,41.039279,336.8],[-96.35724,41.039279,340.2],[-96.357269,41.039253,337.0],[-96.354358,41.04083,337.2],[-96.350606,41.043557,337.6],[-96.346621,41.045713,345.4],[-96.342521,41.048275,345.2],[-96.337782,41.052305,330.2],[-96.338776,41.052156,327.8],[-96.339329,41.052077,327.0],[-96.339081,41.05212,328.8]]}},{"type":"Feature","properties":{"date":"2026-08-19","source_file":"16.gpx","dist_m":223837,"vert_up_m":1052,"vert_down_m":1155,"points":583},"geometry":{"type":"LineString","coordinates":[[-96.338112,41.052345,327.4],[-96.335912,41.054032,328.2],[-96.332583,41.056888,329.8],[-96.328963,41.059448,331.2],[-96.325034,41.06185,331.8],[-96.320714,41.064537,328.2],[-96.316545,41.066994,328.4],[-96.312624,41.069313,328.2],[-96.308451,41.071781,328.0],[-96.304543,41.074114,328.0],[-96.300706,41.076383,328.6],[-96.29679,41.078708,329.0],[-96.292499,41.081245,328.6],[-96.2886,41.083541,329.6],[-96.284467,41.085768,330.6],[-96.281068,41.087432,340.2],[-96.277791,41.089112,345.2],[-96.275097,41.090436,353.4],[-96.273307,41.091327,364.8],[-96.270653,41.092663,370.0],[-96.267685,41.094157,381.4],[-96.264611,41.095692,388.2],[-96.259748,41.098169,376.4],[-96.255674,41.09951,382.4],[-96.253692,41.099593,385.0],[-96.253309,41.10424,371.4],[-96.253273,41.10751,377.2],[-96.253275,41.110779,379.0],[-96.253202,41.115031,377.0],[-96.251825,41.117841,380.0],[-96.24849,41.117863,389.8],[-96.243659,41.117868,381.6],[-96.238365,41.118047,375.2],[-96.23838,41.120262,380.4],[-96.237278,41.1226,384.2],[-96.237253,41.124951,391.4],[-96.236215,41.126979,394.6],[-96.234138,41.130385,380.8],[-96.234131,41.132823,393.2],[-96.234116,41.135448,399.6],[-96.234154,41.139255,398.0],[-96.234138,41.14284,402.8],[-96.234173,41.146784,399.8],[-96.234055,41.146927,399.2],[-96.231988,41.148463,396.6],[-96.229405,41.151892,394.8],[-96.22407,41.15364,380.8],[-96.221371,41.154208,390.2],[-96.218867,41.154175,396.4],[-96.215713,41.154359,397.0],[-96.215652,41.1584,393.0],[-96.215673,41.162973,386.6],[-96.214473,41.167934,370.2],[-96.210076,41.171421,361.2],[-96.205517,41.172126,360.8],[-96.203492,41.172138,360.4],[-96.20064,41.172158,366.2],[-96.197574,41.172614,370.0],[-96.194954,41.175706,363.8],[-96.190008,41.176034,364.6],[-96.182765,41.176075,349.4],[-96.180099,41.176075,360.4],[-96.17783,41.176081,369.2],[-96.176796,41.17608,368.4],[-96.172893,41.176109,372.0],[-96.167182,41.176128,366.4],[-96.161562,41.176163,365.4],[-96.156771,41.176186,356.0],[-96.148561,41.176208,331.6],[-96.143165,41.176228,333.2],[-96.139665,41.176284,333.0],[-96.134319,41.176242,331.6],[-96.128806,41.176178,331.2],[-96.123057,41.176089,324.6],[-96.119482,41.176091,324.4],[-96.115058,41.176078,324.2],[-96.11098,41.176072,328.2],[-96.106274,41.176113,324.8],[-96.102725,41.177884,328.0],[-96.098392,41.176473,326.4],[-96.091576,41.176766,318.4],[-96.085394,41.176186,318.0],[-96.081108,41.176886,316.8],[-96.079027,41.178889,324.4],[-96.076851,41.179428,330.0],[-96.076654,41.179806,331.6],[-96.074089,41.18011,339.6],[-96.070695,41.181436,325.8],[-96.068647,41.183409,334.4],[-96.066993,41.1851,339.6],[-96.064308,41.186301,341.6],[-96.062165,41.185725,353.0],[-96.058951,41.186775,353.6],[-96.057002,41.187611,362.6],[-96.051568,41.18708,351.4],[-96.049133,41.189069,353.8],[-96.046954,41.190701,353.6],[-96.043271,41.190769,349.4],[-96.039737,41.1942,336.2],[-96.03373,41.197122,321.6],[-96.032635,41.197638,316.2],[-96.027667,41.198128,312.4],[-96.024432,41.201153,308.4],[-96.023985,41.203636,308.8],[-96.02422,41.205533,309.8],[-96.024259,41.205761,310.4],[-96.023924,41.205159,309.8],[-96.018482,41.205185,307.2],[-96.016169,41.20643,307.0],[-96.013501,41.209833,306.0],[-96.011924,41.213885,304.4],[-96.011795,41.217984,305.6],[-96.011124,41.22053,306.8],[-96.007678,41.220871,312.2],[-96.005268,41.21966,319.2],[-96.003301,41.216777,323.4],[-95.999212,41.215579,327.6],[-95.994594,41.215756,331.8],[-95.990583,41.215908,336.0],[-95.986214,41.216086,339.2],[-95.982084,41.217429,342.4],[-95.980295,41.219758,351.2],[-95.978075,41.221593,357.2],[-95.974159,41.222216,350.8],[-95.969278,41.221886,347.4],[-95.967092,41.221874,355.0],[-95.966278,41.224263,358.0],[-95.966217,41.227822,351.6],[-95.962782,41.22949,344.6],[-95.960834,41.229417,357.8],[-95.958442,41.229416,367.0],[-95.955674,41.229543,368.8],[-95.949684,41.229519,360.2],[-95.947134,41.229364,363.4],[-95.942719,41.230175,361.8],[-95.939279,41.233622,360.0],[-95.93734,41.23701,352.6],[-95.93733,41.24018,354.4],[-95.937325,41.245204,340.8],[-95.937302,41.250554,329.0],[-95.933435,41.252298,308.2],[-95.932128,41.25436,313.8],[-95.929153,41.255575,311.4],[-95.929131,41.257421,312.8],[-95.929192,41.260326,311.2],[-95.92924,41.265594,299.2],[-95.927341,41.265884,302.4],[-95.924643,41.265723,307.6],[-95.921113,41.265416,310.0],[-95.917217,41.263159,301.2],[-95.917174,41.263113,301.2],[-95.913669,41.262646,298.6],[-95.910271,41.262122,299.2],[-95.907075,41.262676,298.4],[-95.904828,41.262806,299.2],[-95.903225,41.262029,299.8],[-95.907006,41.262101,299.0],[-95.911008,41.262303,299.4],[-95.912501,41.261293,299.8],[-95.914297,41.260386,300.4],[-95.914213,41.260425,300.8],[-95.912537,41.262579,298.0],[-95.90858,41.262091,297.2],[-95.905019,41.262798,298.0],[-95.899791,41.262798,297.4],[-95.894468,41.262825,296.2],[-95.889157,41.262817,296.2],[-95.88399,41.262829,297.0],[-95.878658,41.262786,296.8],[-95.87348,41.262748,297.0],[-95.868176,41.262702,296.6],[-95.864982,41.262636,297.4],[-95.863032,41.262161,298.4],[-95.862976,41.26302,298.6],[-95.861771,41.262147,299.0],[-95.861978,41.2598,298.6],[-95.866049,41.260401,298.4],[-95.867004,41.261784,298.6],[-95.867305,41.262038,298.8],[-95.864063,41.262012,304.2],[-95.861041,41.261948,311.2],[-95.856171,41.261972,300.8],[-95.85479,41.262014,302.0],[-95.851571,41.262187,303.8],[-95.848378,41.263152,307.8],[-95.844126,41.264827,308.4],[-95.840744,41.266094,311.4],[-95.839578,41.266172,311.0],[-95.836887,41.268663,312.2],[-95.834446,41.269946,315.8],[-95.831796,41.27087,324.0],[-95.830781,41.27127,327.6],[-95.828482,41.272151,338.8],[-95.826898,41.273761,347.8],[-95.824548,41.27477,359.2],[-95.821805,41.277611,353.4],[-95.812263,41.279284,319.8],[-95.807095,41.280647,311.2],[-95.803677,41.284389,304.6],[-95.801092,41.28755,305.4],[-95.796671,41.288836,308.2],[-95.793024,41.291164,306.4],[-95.789336,41.294353,306.4],[-95.785718,41.297475,306.4],[-95.782172,41.300547,309.2],[-95.778853,41.303552,307.8],[-95.775613,41.30652,307.8],[-95.772221,41.309643,308.4],[-95.768787,41.312792,309.8],[-95.765787,41.315537,311.2],[-95.762427,41.318635,310.8],[-95.758979,41.321799,310.0],[-95.7561,41.324438,317.2],[-95.753377,41.326945,317.6],[-95.749823,41.330474,313.2],[-95.746589,41.333465,313.8],[-95.742988,41.336469,313.6],[-95.73976,41.339409,317.4],[-95.735587,41.342024,315.0],[-95.730535,41.343876,315.2],[-95.725789,41.34548,318.4],[-95.72113,41.347068,320.0],[-95.715902,41.348845,318.4],[-95.710875,41.350589,321.0],[-95.706616,41.35298,321.2],[-95.702944,41.356137,321.4],[-95.699889,41.359256,322.8],[-95.698448,41.361093,322.6],[-95.695868,41.364199,322.2],[-95.692931,41.367786,322.2],[-95.690243,41.371087,324.6],[-95.687641,41.374288,328.4],[-95.685955,41.376784,326.0],[-95.682408,41.376186,324.6],[-95.679148,41.375705,324.6],[-95.678994,41.375741,324.6],[-95.676672,41.376228,334.8],[-95.674518,41.376236,345.8],[-95.672265,41.376245,356.0],[-95.667297,41.376241,343.4],[-95.66146,41.376247,345.4],[-95.658364,41.376247,355.4],[-95.655973,41.376241,369.8],[-95.653154,41.376228,379.2],[-95.64697,41.37619,372.2],[-95.640646,41.376152,368.2],[-95.638126,41.376161,379.0],[-95.635271,41.376172,385.8],[-95.628935,41.376303,378.2],[-95.625443,41.377066,386.6],[-95.620559,41.377038,384.4],[-95.614238,41.376726,376.8],[-95.606462,41.375917,351.0],[-95.60008,41.376031,346.4],[-95.596163,41.376096,354.2],[-95.59172,41.376168,354.8],[-95.587513,41.376239,360.2],[-95.585331,41.376198,372.0],[-95.582294,41.376174,376.8],[-95.578451,41.376122,382.2],[-95.57567,41.376122,392.4],[-95.570362,41.376125,393.8],[-95.567534,41.376133,402.8],[-95.566577,41.376137,403.2],[-95.561016,41.376152,391.0],[-95.5563,41.376919,401.0],[-95.555756,41.379642,404.2],[-95.55491,41.383122,405.0],[-95.549815,41.383419,401.4],[-95.542746,41.383415,394.4],[-95.537533,41.383423,393.0],[-95.536438,41.385681,393.2],[-95.536476,41.389746,391.0],[-95.536438,41.392524,402.2],[-95.536459,41.395786,406.6],[-95.53643,41.399307,407.6],[-95.536476,41.402968,409.4],[-95.534395,41.405215,408.6],[-95.528548,41.405212,408.6],[-95.522481,41.405193,401.6],[-95.514512,41.405104,384.6],[-95.506914,41.404888,375.8],[-95.500368,41.404711,371.8],[-95.497704,41.404663,385.8],[-95.496974,41.404649,387.6],[-95.493374,41.404702,394.2],[-95.490253,41.404743,405.2],[-95.483574,41.404823,390.6],[-95.477129,41.40485,383.4],[-95.469623,41.40485,379.8],[-95.46576,41.404846,389.0],[-95.461149,41.404767,391.0],[-95.461258,41.398659,370.2],[-95.461296,41.395903,383.0],[-95.460509,41.390738,377.2],[-95.452473,41.390331,356.4],[-95.447509,41.390316,360.0],[-95.44318,41.390305,373.2],[-95.440489,41.39029,381.8],[-95.437221,41.390282,389.6],[-95.43138,41.39024,385.8],[-95.427632,41.390244,393.4],[-95.421889,41.390217,398.2],[-95.420413,41.39027,398.4],[-95.416678,41.390252,396.4],[-95.409596,41.390282,380.4],[-95.405612,41.39032,376.0],[-95.402134,41.390292,383.6],[-95.39711,41.390244,380.2],[-95.388138,41.390129,350.0],[-95.38145,41.390076,349.6],[-95.374862,41.390034,343.6],[-95.368992,41.390008,343.4],[-95.363572,41.389997,344.2],[-95.359205,41.389968,348.4],[-95.354686,41.389973,355.6],[-95.3499,41.38995,357.8],[-95.345411,41.389957,366.8],[-95.342675,41.389932,378.2],[-95.338049,41.389934,377.8],[-95.333227,41.389912,379.8],[-95.329171,41.389912,388.8],[-95.325278,41.389921,392.6],[-95.320987,41.389976,402.0],[-95.315721,41.389949,395.2],[-95.309421,41.389915,387.2],[-95.305914,41.389893,398.8],[-95.30184,41.389851,396.0],[-95.29728,41.389847,401.8],[-95.294635,41.389829,414.8],[-95.290424,41.38982,419.0],[-95.284475,41.38985,401.6],[-95.279429,41.389913,409.6],[-95.275131,41.389877,409.0],[-95.268103,41.389837,391.6],[-95.264746,41.389832,401.0],[-95.263687,41.389843,398.0],[-95.258941,41.389834,394.0],[-95.255042,41.389828,400.2],[-95.251873,41.389805,405.4],[-95.248007,41.38982,409.8],[-95.243351,41.389805,404.8],[-95.23905,41.389801,411.2],[-95.235823,41.38983,416.6],[-95.235441,41.389872,416.0],[-95.23209,41.389839,414.2],[-95.226294,41.389881,412.4],[-95.220732,41.389915,405.2],[-95.214825,41.389976,398.8],[-95.213069,41.389999,392.8],[-95.212718,41.392859,394.8],[-95.21273,41.395158,406.0],[-95.212715,41.398175,406.4],[-95.2127,41.402608,393.6],[-95.209641,41.404469,391.8],[-95.206413,41.404425,398.6],[-95.198566,41.404354,375.2],[-95.192838,41.404318,378.2],[-95.189845,41.404308,391.6],[-95.187376,41.404301,400.0],[-95.181317,41.404326,389.4],[-95.176754,41.404368,403.2],[-95.170136,41.404326,385.8],[-95.162359,41.40416,390.0],[-95.154857,41.403979,371.8],[-95.149179,41.403856,376.4],[-95.146118,41.40382,386.6],[-95.137919,41.403812,354.0],[-95.131481,41.403831,352.4],[-95.126671,41.403857,354.2],[-95.123848,41.403857,365.6],[-95.12099,41.403866,374.0],[-95.117193,41.4039,378.0],[-95.113732,41.403908,386.8],[-95.110767,41.403893,397.8],[-95.1055,41.403927,389.6],[-95.099658,41.403929,384.6],[-95.094829,41.403995,387.2],[-95.090384,41.404072,386.4],[-95.084822,41.404149,386.0],[-95.081446,41.404191,396.4],[-95.08049,41.404208,400.0],[-95.076023,41.404261,395.6],[-95.068588,41.404204,372.6],[-95.063167,41.403912,377.6],[-95.056989,41.403778,363.8],[-95.051207,41.405605,357.6],[-95.05098,41.409176,360.8],[-95.046638,41.410938,358.4],[-95.040893,41.410912,356.8],[-95.03556,41.410957,358.4],[-95.032584,41.409832,360.6],[-95.027232,41.408868,357.0],[-95.027054,41.40855,357.2],[-95.027374,41.405037,355.2],[-95.028559,41.401929,356.4],[-95.028533,41.401922,356.6],[-95.025144,41.403887,357.6],[-95.021017,41.403994,363.4],[-95.016626,41.403968,369.2],[-95.013135,41.403099,373.2],[-95.009626,41.402944,374.6],[-95.007833,41.402973,383.0],[-95.005064,41.402935,388.4],[-95.000358,41.402901,379.2],[-94.996396,41.403296,372.2],[-94.991572,41.403805,366.0],[-94.987315,41.403821,371.4],[-94.983761,41.403831,377.6],[-94.977986,41.403797,372.2],[-94.973165,41.40377,378.0],[-94.969826,41.403751,384.6],[-94.969356,41.403744,384.4],[-94.964177,41.40374,380.2],[-94.96061,41.403724,388.6],[-94.956215,41.403717,386.8],[-94.950601,41.403782,384.2],[-94.946587,41.403784,392.2],[-94.942017,41.403723,393.0],[-94.936317,41.40358,393.2],[-94.931488,41.403587,396.6],[-94.925288,41.403571,384.8],[-94.91854,41.403521,375.4],[-94.915001,41.403496,388.0],[-94.912603,41.403477,396.4],[-94.908432,41.403488,398.4],[-94.901365,41.403549,382.6],[-94.895453,41.403553,385.2],[-94.89033,41.403559,384.6],[-94.882941,41.403652,369.6],[-94.877027,41.405276,365.0],[-94.872872,41.407475,366.6],[-94.868452,41.409246,367.6],[-94.86368,41.41081,368.0],[-94.859207,41.412268,371.0],[-94.854441,41.413829,369.8],[-94.849744,41.415372,371.6],[-94.844846,41.416965,371.8],[-94.839831,41.418607,371.8],[-94.834923,41.420215,373.6],[-94.830134,41.421778,375.4],[-94.825465,41.4233,377.6],[-94.820513,41.424913,378.2],[-94.815691,41.42649,378.6],[-94.810825,41.428078,378.2],[-94.806051,41.42963,379.4],[-94.801227,41.431207,380.0],[-94.79673,41.432658,381.0],[-94.791822,41.433882,381.6],[-94.787203,41.435031,382.2],[-94.782607,41.43618,382.6],[-94.777711,41.43742,386.8],[-94.776699,41.43921,395.2],[-94.772522,41.441026,389.4],[-94.768634,41.443154,388.2],[-94.764798,41.445131,390.4],[-94.760796,41.447248,386.4],[-94.756856,41.449283,390.0],[-94.753874,41.451631,395.6],[-94.751167,41.454011,396.0],[-94.748302,41.457116,394.2],[-94.745476,41.460061,395.0],[-94.742218,41.460852,404.6],[-94.736366,41.461419,391.2],[-94.730622,41.461571,391.2],[-94.725395,41.461716,393.2],[-94.720935,41.461847,395.6],[-94.716106,41.462891,395.4],[-94.711209,41.464172,397.4],[-94.705762,41.464986,397.4],[-94.701426,41.466762,400.0],[-94.697492,41.469529,398.6],[-94.693775,41.472135,398.0],[-94.690275,41.4746,401.2],[-94.6869,41.476968,402.4],[-94.683398,41.479431,404.8],[-94.679934,41.481887,404.0],[-94.675642,41.483538,402.6],[-94.670942,41.484173,404.4],[-94.667008,41.486139,407.6],[-94.663012,41.488674,408.2],[-94.662605,41.491393,416.6],[-94.66259,41.493244,428.4],[-94.661825,41.495475,435.2],[-94.65788,41.496783,439.6],[-94.653075,41.49768,437.8],[-94.647476,41.497784,438.2],[-94.643595,41.497875,444.2],[-94.642779,41.500637,447.2],[-94.641228,41.50274,441.8],[-94.642576,41.50369,445.6],[-94.642624,41.502408,447.0],[-94.642611,41.502312,447.0],[-94.643349,41.503332,447.4],[-94.643402,41.505522,442.6],[-94.643415,41.509707,445.2],[-94.643384,41.514319,432.4],[-94.640203,41.51835,420.8],[-94.634528,41.518429,414.0],[-94.627711,41.518439,408.0],[-94.622583,41.518422,414.0],[-94.617838,41.518421,420.0],[-94.613418,41.518431,424.6],[-94.606727,41.518392,413.0],[-94.600616,41.518349,412.0],[-94.593255,41.518307,401.2],[-94.585474,41.518304,384.8],[-94.580393,41.518312,391.4],[-94.574499,41.518322,385.4],[-94.567581,41.518336,381.2],[-94.561611,41.518432,380.4],[-94.555935,41.51687,379.4],[-94.550509,41.515048,382.2],[-94.544812,41.513139,378.2],[-94.538914,41.511153,376.2],[-94.533939,41.509485,379.2],[-94.527914,41.507451,376.0],[-94.522645,41.505845,376.0],[-94.518677,41.505118,380.2],[-94.513478,41.504636,377.6],[-94.508026,41.505177,377.8],[-94.504916,41.505681,380.0],[-94.501223,41.50761,382.2],[-94.498845,41.511936,373.4],[-94.495533,41.515077,376.0],[-94.491831,41.516702,383.2],[-94.48913,41.517858,396.0],[-94.485954,41.518246,406.6],[-94.48068,41.51823,407.4],[-94.474301,41.518232,406.2],[-94.467673,41.518242,398.0],[-94.461113,41.518237,400.6],[-94.455484,41.518217,395.0],[-94.450121,41.518237,397.6],[-94.449962,41.518224,397.4],[-94.443332,41.51826,377.8],[-94.43786,41.518263,387.8],[-94.434005,41.518265,393.6],[-94.427492,41.518246,388.0],[-94.420583,41.518204,381.8],[-94.413595,41.518178,372.0],[-94.408104,41.518195,380.2],[-94.40315,41.518219,383.0],[-94.39705,41.518162,383.8],[-94.39087,41.51814,380.2],[-94.38376,41.518124,375.0],[-94.37702,41.518103,370.6],[-94.370261,41.517639,372.0],[-94.364449,41.517589,377.0],[-94.360138,41.514217,378.8],[-94.35395,41.511917,374.6],[-94.347585,41.510547,375.4],[-94.341424,41.509016,374.4],[-94.335833,41.506409,374.0],[-94.330314,41.504026,371.4],[-94.323378,41.503602,369.2],[-94.317263,41.503632,369.2],[-94.316193,41.503754,368.2],[-94.317548,41.50494,369.6],[-94.317467,41.5048,369.6],[-94.31739,41.50477,369.8],[-94.317449,41.504732,370.4],[-94.317444,41.504654,370.4],[-94.317459,41.504646,370.8],[-94.317513,41.504765,368.8],[-94.316451,41.503647,368.4],[-94.310258,41.503658,367.0],[-94.303985,41.503666,367.0],[-94.296517,41.503658,357.0],[-94.288764,41.503663,347.8],[-94.282844,41.503661,350.2],[-94.277969,41.503685,350.2],[-94.2726,41.504733,354.2],[-94.268789,41.50815,354.2],[-94.264121,41.511334,354.4],[-94.258533,41.512972,352.8],[-94.252501,41.514711,348.8],[-94.246005,41.516555,345.8],[-94.240593,41.518036,348.4],[-94.235207,41.51814,349.4],[-94.229278,41.51812,348.4],[-94.22774,41.51847,347.8],[-94.227829,41.518608,348.0]]}},{"type":"Feature","properties":{"date":"2026-08-20","source_file":"17.gpx","dist_m":241327,"vert_up_m":855,"vert_down_m":1008,"points":581},"geometry":{"type":"LineString","coordinates":[[-94.227913,41.518425,355.8],[-94.224905,41.518082,356.2],[-94.22009,41.518027,354.6],[-94.2137,41.517975,346.8],[-94.208753,41.517948,349.6],[-94.203023,41.517914,343.6],[-94.19698,41.517902,336.6],[-94.194864,41.520391,336.8],[-94.194606,41.525094,323.2],[-94.194595,41.53019,317.2],[-94.194603,41.533114,325.4],[-94.194611,41.535604,334.6],[-94.194618,41.538289,340.4],[-94.191655,41.541759,334.0],[-94.189774,41.545261,338.0],[-94.189766,41.549429,338.2],[-94.189761,41.55389,335.4],[-94.189781,41.558536,331.0],[-94.189754,41.563417,326.8],[-94.192229,41.570122,286.6],[-94.192359,41.574931,288.0],[-94.193474,41.57754,294.6],[-94.195156,41.581531,292.4],[-94.194626,41.585628,291.6],[-94.189951,41.588073,291.2],[-94.18531,41.590173,292.0],[-94.180623,41.592291,294.6],[-94.175798,41.594456,294.4],[-94.17018,41.595886,292.4],[-94.165021,41.596977,293.8],[-94.160019,41.597027,298.4],[-94.155502,41.597071,300.2],[-94.155722,41.597143,300.2],[-94.1558,41.598959,296.2],[-94.153254,41.600062,294.6],[-94.148095,41.601263,293.2],[-94.143507,41.602302,294.2],[-94.138222,41.60351,293.6],[-94.133217,41.604634,293.4],[-94.128216,41.605779,294.4],[-94.123545,41.60685,293.8],[-94.11816,41.608108,292.2],[-94.112675,41.609344,289.2],[-94.107202,41.610649,287.6],[-94.101536,41.61193,283.4],[-94.096061,41.613171,283.6],[-94.091093,41.614317,284.6],[-94.08668,41.615325,286.6],[-94.082138,41.616371,288.8],[-94.077686,41.617446,292.6],[-94.073222,41.618447,295.4],[-94.068112,41.619326,296.6],[-94.062659,41.619249,296.6],[-94.0573,41.618199,297.0],[-94.051656,41.61692,295.0],[-94.046231,41.615749,293.2],[-94.043497,41.615211,293.8],[-94.038741,41.615195,291.4],[-94.034108,41.615259,291.0],[-94.029206,41.615285,289.8],[-94.024019,41.615279,286.6],[-94.019635,41.615309,284.4],[-94.015573,41.61543,282.8],[-94.010526,41.615419,283.2],[-94.005429,41.616218,285.2],[-94.000182,41.616258,286.8],[-93.99654,41.614293,293.0],[-93.993054,41.613151,297.8],[-93.988904,41.613354,302.2],[-93.984919,41.614451,308.8],[-93.981799,41.616124,313.8],[-93.977986,41.616871,317.4],[-93.973703,41.616466,322.0],[-93.969001,41.616654,325.4],[-93.964125,41.615721,328.4],[-93.95999,41.615128,330.6],[-93.955249,41.615069,330.2],[-93.949993,41.615019,331.4],[-93.94455,41.614983,330.0],[-93.939182,41.614935,330.4],[-93.934359,41.61491,333.8],[-93.929191,41.614929,333.0],[-93.92384,41.614956,333.6],[-93.918132,41.614975,331.8],[-93.912564,41.614998,331.4],[-93.90777,41.615017,333.8],[-93.902253,41.61503,334.4],[-93.896865,41.61526,335.0],[-93.891918,41.61518,335.0],[-93.888003,41.615185,335.6],[-93.884831,41.616583,332.2],[-93.880127,41.615859,330.6],[-93.876294,41.615143,332.2],[-93.872367,41.615106,333.0],[-93.868387,41.615154,336.6],[-93.866236,41.615149,337.6],[-93.862788,41.615147,338.2],[-93.858174,41.615177,340.4],[-93.853272,41.615252,337.2],[-93.853173,41.615271,336.4],[-93.84837,41.615186,333.6],[-93.843992,41.615189,331.8],[-93.839415,41.615181,333.0],[-93.834656,41.615017,334.8],[-93.830633,41.614956,330.8],[-93.825807,41.614975,324.2],[-93.821096,41.614967,321.6],[-93.815396,41.615082,312.8],[-93.810414,41.615106,302.8],[-93.80454,41.615135,300.2],[-93.798853,41.615175,294.8],[-93.79464,41.615229,287.8],[-93.792163,41.615149,295.6],[-93.791816,41.615187,297.0],[-93.788674,41.615141,306.0],[-93.784434,41.615125,308.6],[-93.781887,41.615108,302.8],[-93.779493,41.61545,303.4],[-93.778445,41.615372,301.2],[-93.777483,41.615331,300.0],[-93.77689,41.615,299.8],[-93.775782,41.615012,298.2],[-93.772253,41.61501,300.8],[-93.771622,41.614937,301.0],[-93.772364,41.613299,293.2],[-93.775032,41.610526,293.2],[-93.77459,41.609561,290.2],[-93.772002,41.609989,290.2],[-93.76711,41.610161,284.0],[-93.761899,41.609631,282.6],[-93.757323,41.609583,280.6],[-93.753138,41.608558,279.4],[-93.748648,41.607814,277.8],[-93.744857,41.608586,278.0],[-93.741069,41.606545,275.2],[-93.737785,41.604034,277.4],[-93.735042,41.601659,274.8],[-93.73287,41.601587,274.8],[-93.728952,41.600618,274.8],[-93.723985,41.600146,275.0],[-93.72045,41.599035,270.2],[-93.717428,41.597231,272.8],[-93.71373,41.595094,274.2],[-93.71014,41.592486,272.8],[-93.707221,41.590599,271.8],[-93.703876,41.58749,269.6],[-93.701362,41.586003,269.6],[-93.698777,41.586297,279.4],[-93.695811,41.587069,286.4],[-93.693001,41.5863,292.4],[-93.689158,41.586262,299.6],[-93.685833,41.586288,311.4],[-93.682558,41.586311,318.0],[-93.681373,41.586337,319.4],[-93.677202,41.586304,320.2],[-93.674453,41.586304,324.4],[-93.669822,41.586273,320.4],[-93.662106,41.586346,309.8],[-93.659514,41.58622,304.4],[-93.655286,41.585761,296.2],[-93.648762,41.585695,291.6],[-93.641708,41.58567,283.2],[-93.639436,41.585724,284.8],[-93.636833,41.585093,281.2],[-93.634844,41.585028,281.0],[-93.634211,41.584976,281.2],[-93.630654,41.58566,280.6],[-93.626542,41.586616,280.0],[-93.622797,41.587403,276.4],[-93.620178,41.587731,275.2],[-93.620189,41.587785,275.4],[-93.617428,41.588337,278.8],[-93.61447,41.587079,275.4],[-93.611356,41.586681,272.0],[-93.611219,41.586788,272.2],[-93.611168,41.586767,272.6],[-93.61116,41.58675,272.4],[-93.611227,41.586753,272.8],[-93.610739,41.584125,272.2],[-93.609893,41.582248,272.6],[-93.604936,41.583136,269.6],[-93.599502,41.584268,269.6],[-93.59442,41.584855,269.2],[-93.589073,41.585175,269.8],[-93.58386,41.585129,271.0],[-93.579787,41.585175,280.4],[-93.574794,41.58448,271.4],[-93.569576,41.582941,269.6],[-93.566783,41.584074,270.4],[-93.561464,41.584171,270.4],[-93.558006,41.584194,269.2],[-93.552657,41.584015,266.4],[-93.547661,41.583825,268.0],[-93.541751,41.58362,263.6],[-93.536715,41.583427,266.0],[-93.531686,41.583102,265.8],[-93.526924,41.582482,265.8],[-93.522153,41.581867,269.8],[-93.517415,41.581022,269.4],[-93.512704,41.580769,272.2],[-93.509457,41.582224,279.6],[-93.50584,41.582199,289.4],[-93.502983,41.58211,301.4],[-93.498466,41.581946,299.2],[-93.493262,41.581705,300.8],[-93.487197,41.581471,295.6],[-93.48208,41.581268,303.0],[-93.476759,41.581061,300.4],[-93.472245,41.58087,306.4],[-93.466013,41.580624,293.2],[-93.459896,41.580401,298.2],[-93.452822,41.580233,279.4],[-93.447015,41.580097,278.0],[-93.440805,41.579975,272.4],[-93.436686,41.579918,280.8],[-93.434135,41.579895,292.4],[-93.430233,41.579853,295.4],[-93.425652,41.579798,299.6],[-93.421344,41.579803,303.6],[-93.416345,41.57981,308.2],[-93.410833,41.578844,308.0],[-93.404861,41.579807,291.6],[-93.396258,41.579784,272.8],[-93.392974,41.579784,283.4],[-93.390643,41.579813,296.0],[-93.383794,41.579834,282.4],[-93.378653,41.57988,286.0],[-93.374322,41.579897,287.2],[-93.370859,41.579909,297.2],[-93.367118,41.579926,303.8],[-93.366038,41.582703,300.0],[-93.36745,41.587295,301.0],[-93.367386,41.592069,293.8],[-93.367172,41.596152,296.0],[-93.365674,41.600552,278.0],[-93.360273,41.600552,278.2],[-93.35671,41.600555,290.0],[-93.352623,41.600629,288.2],[-93.348989,41.600687,298.0],[-93.345543,41.600689,306.4],[-93.341002,41.600727,308.4],[-93.335145,41.600814,310.2],[-93.328818,41.600923,307.8],[-93.323419,41.601018,308.6],[-93.317986,41.60112,310.4],[-93.312257,41.601217,309.2],[-93.30547,41.601192,300.4],[-93.298128,41.601135,289.0],[-93.291964,41.601183,291.2],[-93.288603,41.601179,299.8],[-93.283905,41.601172,305.2],[-93.278205,41.601162,303.6],[-93.271593,41.601035,297.4],[-93.271926,41.601053,296.8],[-93.270273,41.601459,298.8],[-93.267259,41.60112,307.0],[-93.262719,41.601202,306.6],[-93.257929,41.599164,304.8],[-93.253071,41.597631,306.6],[-93.247918,41.596599,306.6],[-93.247387,41.596172,307.4],[-93.24363,41.59649,308.2],[-93.24198,41.597431,307.8],[-93.237387,41.59789,309.2],[-93.233801,41.597509,308.6],[-93.228362,41.597582,306.6],[-93.222602,41.597439,307.6],[-93.217135,41.596211,307.8],[-93.212245,41.594387,305.8],[-93.207469,41.59258,307.0],[-93.20253,41.590739,308.4],[-93.197372,41.588795,305.0],[-93.19241,41.586947,307.2],[-93.187538,41.584886,305.6],[-93.183048,41.582057,306.2],[-93.179454,41.58025,310.0],[-93.173929,41.580624,307.2],[-93.168121,41.580612,307.0],[-93.162727,41.580641,307.2],[-93.156996,41.580647,306.6],[-93.150643,41.580631,302.8],[-93.144703,41.580647,304.6],[-93.139301,41.580682,305.2],[-93.133027,41.580689,304.6],[-93.126912,41.580689,302.2],[-93.11994,41.580696,294.6],[-93.113539,41.580704,294.8],[-93.107793,41.580712,291.0],[-93.100302,41.580723,280.4],[-93.097339,41.580681,291.2],[-93.097137,41.577612,297.0],[-93.097076,41.574282,300.8],[-93.091876,41.573517,296.2],[-93.085255,41.573559,294.8],[-93.077173,41.573542,276.6],[-93.074099,41.573523,288.0],[-93.071134,41.573494,296.6],[-93.064726,41.573469,285.2],[-93.058414,41.573441,281.4],[-93.052225,41.573457,279.2],[-93.049458,41.573457,291.8],[-93.043395,41.573463,279.2],[-93.03597,41.575274,263.6],[-93.029769,41.577019,262.8],[-93.023622,41.577033,264.0],[-93.020371,41.578018,266.0],[-93.017989,41.5792,268.2],[-93.015525,41.580744,277.4],[-93.012524,41.580753,291.0],[-93.008242,41.580776,297.4],[-93.00359,41.580753,299.4],[-92.997933,41.580658,293.4],[-92.992593,41.580652,293.2],[-92.986149,41.580669,292.2],[-92.980926,41.580693,295.4],[-92.977936,41.5807,303.8],[-92.973118,41.580715,303.4],[-92.965757,41.580757,286.8],[-92.963161,41.580761,299.6],[-92.957996,41.580763,296.0],[-92.952875,41.580751,299.4],[-92.948993,41.577755,293.8],[-92.948982,41.57454,303.2],[-92.947687,41.573492,301.0],[-92.942933,41.573564,298.6],[-92.935109,41.573569,274.4],[-92.928698,41.573608,266.2],[-92.927806,41.573624,266.4],[-92.926187,41.573505,262.6],[-92.925172,41.573606,266.6],[-92.921127,41.573643,271.4],[-92.917749,41.573635,278.6],[-92.913902,41.57365,287.6],[-92.911063,41.574662,298.2],[-92.90782,41.577189,298.2],[-92.902403,41.578014,296.4],[-92.898151,41.58086,300.8],[-92.89287,41.580972,294.2],[-92.88527,41.580965,281.8],[-92.880502,41.580952,287.8],[-92.87616,41.580925,292.4],[-92.87297,41.580914,305.8],[-92.868696,41.580936,309.6],[-92.862607,41.580978,308.2],[-92.856756,41.581009,310.0],[-92.851171,41.581043,312.6],[-92.844556,41.581111,309.2],[-92.844137,41.581313,310.8],[-92.844023,41.581245,310.8],[-92.839095,41.581043,308.0],[-92.83375,41.581056,307.8],[-92.8255,41.580568,288.4],[-92.823241,41.579589,299.0],[-92.817497,41.578576,286.2],[-92.813529,41.577977,300.4],[-92.808996,41.577402,302.8],[-92.803586,41.577435,302.6],[-92.796759,41.577471,292.2],[-92.791048,41.577503,295.2],[-92.786075,41.577039,294.2],[-92.783094,41.575363,281.8],[-92.778185,41.574,268.8],[-92.771778,41.573986,267.4],[-92.766025,41.573978,271.6],[-92.760872,41.573971,273.0],[-92.756197,41.574005,281.6],[-92.751871,41.573974,288.8],[-92.747785,41.573936,296.4],[-92.739786,41.573952,269.4],[-92.735217,41.573967,279.0],[-92.732864,41.573975,290.8],[-92.727849,41.574005,291.2],[-92.723355,41.573984,307.2],[-92.718042,41.574028,306.0],[-92.710932,41.574089,293.6],[-92.705149,41.574127,293.6],[-92.69801,41.574173,290.4],[-92.694271,41.574216,299.8],[-92.690086,41.574296,306.2],[-92.682252,41.574408,290.6],[-92.677407,41.574429,300.0],[-92.672162,41.574444,302.8],[-92.665434,41.57448,296.2],[-92.658344,41.573934,289.6],[-92.651694,41.574501,280.6],[-92.645476,41.574573,278.8],[-92.641779,41.57528,289.2],[-92.639601,41.576425,299.8],[-92.635925,41.577993,303.8],[-92.630391,41.577506,306.8],[-92.624954,41.576564,313.6],[-92.618826,41.575764,314.2],[-92.611938,41.576082,298.4],[-92.605327,41.576371,294.2],[-92.602259,41.576528,306.2],[-92.597678,41.576718,306.8],[-92.593958,41.576852,317.2],[-92.589036,41.577233,310.2],[-92.581809,41.578717,295.2],[-92.579087,41.579283,295.4],[-92.576529,41.579799,307.4],[-92.574214,41.580249,315.8],[-92.5699,41.581073,319.4],[-92.563446,41.581406,308.4],[-92.55664,41.581444,301.6],[-92.554049,41.581448,307.8],[-92.550517,41.581857,315.0],[-92.546208,41.584225,320.4],[-92.541128,41.585325,320.0],[-92.535027,41.585388,320.0],[-92.52939,41.585323,319.2],[-92.526776,41.585156,322.2],[-92.523166,41.585304,323.6],[-92.518,41.585149,320.6],[-92.512757,41.585087,321.4],[-92.507019,41.585075,321.0],[-92.501217,41.585064,318.4],[-92.495332,41.585065,320.0],[-92.489506,41.585113,322.8],[-92.48361,41.585156,323.8],[-92.477582,41.585201,322.6],[-92.471037,41.585232,316.8],[-92.464562,41.585205,316.2],[-92.458665,41.585203,321.2],[-92.452482,41.585262,319.8],[-92.446458,41.585371,316.4],[-92.43988,41.58547,311.8],[-92.433844,41.585571,312.0],[-92.428746,41.585617,316.2],[-92.422376,41.585587,307.8],[-92.415403,41.585548,303.2],[-92.408915,41.585504,298.0],[-92.404724,41.585517,307.2],[-92.400465,41.587925,304.4],[-92.395373,41.589166,309.0],[-92.389574,41.589036,306.8],[-92.384103,41.587257,298.0],[-92.376541,41.585618,283.0],[-92.374368,41.583971,297.4],[-92.373549,41.582069,308.0],[-92.370758,41.581534,306.8],[-92.370108,41.578895,299.6],[-92.366103,41.577476,307.6],[-92.360151,41.577519,304.4],[-92.357369,41.577545,304.0],[-92.353293,41.577632,305.6],[-92.347818,41.579201,296.2],[-92.342513,41.57991,299.2],[-92.33787,41.580025,301.2],[-92.331563,41.58,297.8],[-92.325005,41.579987,297.4],[-92.319023,41.580669,301.6],[-92.313188,41.581531,299.0],[-92.3078,41.580644,300.4],[-92.301978,41.578613,296.4],[-92.297522,41.575499,299.6],[-92.291784,41.574827,296.0],[-92.285626,41.574827,298.2],[-92.279669,41.574909,298.6],[-92.277196,41.575069,301.0],[-92.273534,41.575001,299.4],[-92.266599,41.575067,293.2],[-92.26068,41.575172,296.0],[-92.254534,41.575195,298.2],[-92.248048,41.575233,290.2],[-92.241508,41.575256,294.2],[-92.236072,41.576094,292.6],[-92.230233,41.577758,296.0],[-92.223816,41.578758,290.2],[-92.217319,41.578717,294.8],[-92.211865,41.578672,295.8],[-92.205535,41.578947,286.4],[-92.199025,41.582186,280.0],[-92.193389,41.5823,287.4],[-92.187696,41.582195,288.8],[-92.181784,41.582092,292.2],[-92.17553,41.582086,292.2],[-92.168495,41.58225,277.6],[-92.162727,41.582334,288.4],[-92.157399,41.582371,290.6],[-92.151885,41.58398,288.2],[-92.146076,41.585743,290.0],[-92.13986,41.58753,289.6],[-92.133883,41.589227,287.2],[-92.127826,41.589643,290.0],[-92.120439,41.589725,276.4],[-92.115525,41.58971,282.8],[-92.109548,41.589658,271.6],[-92.101967,41.589289,254.4],[-92.095093,41.587696,249.0],[-92.089135,41.587955,250.0],[-92.083884,41.589278,250.2],[-92.07964,41.589813,260.0],[-92.076875,41.589834,269.4],[-92.070586,41.589905,258.2],[-92.066193,41.589985,269.4],[-92.065399,41.586424,257.0],[-92.06491,41.582697,262.6],[-92.061601,41.582771,272.8],[-92.057867,41.58283,278.6],[-92.051407,41.58297,267.8],[-92.047193,41.583027,277.6],[-92.042671,41.582853,278.2],[-92.035306,41.582788,261.8],[-92.030795,41.582892,271.6],[-92.027452,41.582947,280.4],[-92.022831,41.582947,282.2],[-92.017058,41.582951,280.8],[-92.011405,41.582962,284.2],[-92.006045,41.582964,284.8],[-92.006184,41.582991,285.2],[-92.003418,41.583107,289.0],[-92.003326,41.583113,289.8],[-92.004303,41.585422,287.4],[-92.000632,41.586681,291.8],[-91.995125,41.586727,291.8],[-91.990883,41.58675,285.8],[-91.984385,41.586798,272.8],[-91.979535,41.586807,280.0],[-91.974047,41.586851,280.2],[-91.967985,41.586927,281.4],[-91.96422,41.590209,281.0],[-91.958612,41.590561,282.2],[-91.953862,41.593343,280.2],[-91.948357,41.594476,283.0],[-91.942607,41.596531,277.8],[-91.935995,41.597907,269.4],[-91.928827,41.598015,257.6],[-91.925643,41.596025,269.0],[-91.923504,41.593856,277.6],[-91.920412,41.591084,280.0],[-91.915125,41.589834,280.2],[-91.909193,41.590349,273.6],[-91.903658,41.590992,277.2],[-91.898333,41.591617,277.2],[-91.892008,41.592916,273.8],[-91.885318,41.594728,261.2],[-91.880189,41.595568,269.8],[-91.876711,41.595703,279.4],[-91.872202,41.595507,286.8],[-91.867022,41.593251,282.4],[-91.860491,41.591074,273.2],[-91.854488,41.59154,271.8],[-91.850312,41.593896,279.8],[-91.843004,41.595932,256.8],[-91.836066,41.598816,249.6],[-91.831094,41.601319,248.0],[-91.828938,41.605658,247.0],[-91.824002,41.607952,248.6],[-91.818637,41.608639,252.2],[-91.812902,41.609115,253.4],[-91.806202,41.609599,248.2],[-91.800397,41.609926,253.2],[-91.793848,41.609985,248.6],[-91.787943,41.609926,250.4],[-91.78182,41.609722,249.2],[-91.775957,41.60948,252.6],[-91.770815,41.609276,255.2],[-91.764639,41.609091,253.8],[-91.757921,41.608881,250.6],[-91.751648,41.608809,249.2],[-91.745295,41.60882,249.0],[-91.739321,41.607949,249.8],[-91.733187,41.606789,247.8],[-91.727324,41.606188,248.6],[-91.721178,41.606615,250.2],[-91.714849,41.607639,248.2],[-91.709289,41.610159,242.4],[-91.706738,41.614235,243.2],[-91.700531,41.615345,240.4],[-91.694241,41.615725,239.6],[-91.688615,41.614722,242.8],[-91.682627,41.61397,240.4],[-91.67615,41.614219,241.6],[-91.670137,41.615041,241.0],[-91.664751,41.617078,240.0],[-91.659204,41.618496,240.8],[-91.653686,41.618519,240.4],[-91.64851,41.619325,244.0],[-91.647922,41.619116,243.4],[-91.648045,41.618483,242.8]]}},{"type":"Feature","properties":{"date":"2026-08-21","source_file":"18.gpx","dist_m":242173,"vert_up_m":460,"vert_down_m":494,"points":557},"geometry":{"type":"LineString","coordinates":[[-91.647863,41.618331,204.2],[-91.648055,41.618513,204.2],[-91.64798,41.619067,205.4],[-91.64803,41.619541,208.2],[-91.647949,41.6196,208.2],[-91.647842,41.621385,212.6],[-91.647745,41.62374,222.2],[-91.647697,41.626503,228.0],[-91.645124,41.628483,225.6],[-91.640364,41.628438,226.4],[-91.635731,41.629321,232.0],[-91.632056,41.631046,231.6],[-91.626799,41.632331,229.8],[-91.62004,41.635034,212.0],[-91.617904,41.635747,227.4],[-91.614658,41.637202,228.2],[-91.611026,41.639014,229.8],[-91.606937,41.640925,233.0],[-91.602828,41.642673,236.8],[-91.597381,41.644001,233.8],[-91.59183,41.645028,232.8],[-91.586138,41.646131,232.2],[-91.579552,41.646092,227.6],[-91.574031,41.646648,222.2],[-91.571588,41.649628,207.8],[-91.566694,41.649605,216.6],[-91.563461,41.649659,229.0],[-91.559599,41.650457,227.8],[-91.55954,41.654145,234.4],[-91.558863,41.655914,234.0],[-91.552687,41.65685,222.4],[-91.546781,41.656811,215.0],[-91.542265,41.658061,200.6],[-91.538011,41.657906,197.0],[-91.536665,41.66013,204.0],[-91.5345,41.66113,208.4],[-91.530745,41.662415,204.2],[-91.526323,41.662418,202.6],[-91.52117,41.662363,201.2],[-91.519183,41.663917,207.8],[-91.514916,41.663898,207.8],[-91.510781,41.663857,213.2],[-91.508043,41.663663,224.6],[-91.505389,41.66458,232.6],[-91.502968,41.665698,236.0],[-91.502973,41.665742,234.0],[-91.502996,41.665738,234.6],[-91.501645,41.666364,238.2],[-91.496583,41.667643,239.8],[-91.4919,41.666565,243.8],[-91.486753,41.667879,247.4],[-91.482116,41.669032,245.8],[-91.476631,41.670288,249.6],[-91.470153,41.671052,245.0],[-91.462838,41.670979,238.2],[-91.457885,41.671001,246.0],[-91.453232,41.670968,251.6],[-91.445965,41.670958,238.0],[-91.440151,41.671528,238.6],[-91.435596,41.671001,241.0],[-91.431159,41.670968,249.2],[-91.425218,41.670948,242.6],[-91.418742,41.670921,242.2],[-91.410586,41.670952,229.2],[-91.404628,41.671005,232.8],[-91.399771,41.670996,237.6],[-91.399794,41.670721,235.0],[-91.3997,41.671104,238.2],[-91.395686,41.671123,237.0],[-91.387569,41.671097,222.2],[-91.382774,41.671074,234.4],[-91.378696,41.670335,241.4],[-91.37229,41.671009,237.0],[-91.365897,41.671143,236.8],[-91.36349,41.671284,227.2],[-91.356764,41.671375,219.2],[-91.351188,41.671421,226.0],[-91.345712,41.671402,216.0],[-91.340314,41.67136,219.2],[-91.335758,41.671322,229.4],[-91.331066,41.671277,233.0],[-91.323287,41.671165,220.4],[-91.317748,41.671176,232.6],[-91.311246,41.671219,230.0],[-91.306311,41.671139,238.0],[-91.300067,41.671043,234.2],[-91.291877,41.670948,217.4],[-91.285763,41.670872,222.4],[-91.279772,41.670845,220.2],[-91.274086,41.67083,225.2],[-91.268614,41.670815,232.6],[-91.263054,41.670643,233.4],[-91.257461,41.670612,238.4],[-91.250299,41.670635,228.6],[-91.245114,41.670532,231.8],[-91.238676,41.670438,234.8],[-91.230686,41.670316,222.2],[-91.225589,41.670254,233.0],[-91.218325,41.67031,229.6],[-91.212918,41.670273,233.6],[-91.205922,41.670253,229.6],[-91.198241,41.670486,220.2],[-91.192139,41.670099,230.8],[-91.187913,41.66974,237.4],[-91.181665,41.66959,234.8],[-91.174493,41.669206,230.2],[-91.165876,41.668671,220.4],[-91.156986,41.669452,201.6],[-91.14982,41.670326,200.8],[-91.146953,41.670213,204.0],[-91.143721,41.668431,200.0],[-91.141644,41.666602,203.6],[-91.139555,41.665714,215.2],[-91.136675,41.66442,222.0],[-91.13311,41.66303,223.6],[-91.130951,41.663096,220.8],[-91.12727,41.659724,216.6],[-91.123024,41.655634,211.0],[-91.119523,41.651398,203.4],[-91.116094,41.648235,205.4],[-91.115214,41.647907,207.6],[-91.11546,41.646517,208.6],[-91.112996,41.643583,210.6],[-91.108991,41.640606,209.8],[-91.105475,41.638066,212.6],[-91.103189,41.635576,218.2],[-91.103241,41.632075,220.4],[-91.103302,41.628568,221.4],[-91.103348,41.624738,217.6],[-91.103371,41.620425,213.8],[-91.103409,41.615963,209.6],[-91.103447,41.611412,202.4],[-91.103516,41.607355,202.8],[-91.102028,41.603692,200.2],[-91.099158,41.600364,200.8],[-91.096238,41.598215,209.6],[-91.09291,41.595987,215.4],[-91.089781,41.59275,213.6],[-91.087356,41.5882,202.8],[-91.084831,41.583506,195.8],[-91.083112,41.579343,195.8],[-91.082488,41.575445,196.2],[-91.079674,41.574821,195.0],[-91.076609,41.574101,194.6],[-91.070882,41.574093,194.8],[-91.064809,41.574389,195.6],[-91.059233,41.576208,193.8],[-91.057442,41.57998,194.8],[-91.057365,41.583664,201.6],[-91.054807,41.586269,206.6],[-91.048784,41.586651,205.4],[-91.042119,41.587819,204.6],[-91.038195,41.588722,211.8],[-91.034789,41.590296,212.2],[-91.027871,41.590044,205.6],[-91.021925,41.58987,210.2],[-91.016838,41.589779,208.0],[-91.011,41.589858,207.8],[-91.004891,41.590196,204.0],[-90.998483,41.59137,203.2],[-90.992903,41.592408,206.0],[-90.987219,41.593477,206.4],[-90.982108,41.594406,208.2],[-90.981981,41.594429,208.2],[-90.977024,41.595363,207.4],[-90.970736,41.596519,202.4],[-90.965864,41.597445,206.0],[-90.960212,41.598493,207.0],[-90.954497,41.599561,207.0],[-90.94862,41.600641,207.0],[-90.942102,41.601842,206.2],[-90.936484,41.602895,207.6],[-90.930154,41.603375,206.2],[-90.92481,41.602693,209.4],[-90.919317,41.602048,210.0],[-90.914281,41.601233,215.2],[-90.909376,41.600409,217.6],[-90.903704,41.599502,216.4],[-90.897924,41.598232,211.2],[-90.891774,41.597218,208.4],[-90.885601,41.596856,209.6],[-90.879836,41.596852,209.8],[-90.873678,41.596821,211.6],[-90.869755,41.596799,219.2],[-90.863636,41.59676,212.0],[-90.857323,41.596729,213.0],[-90.851294,41.596699,215.6],[-90.845618,41.596687,218.4],[-90.83921,41.596673,217.6],[-90.832768,41.596645,214.2],[-90.826466,41.596611,214.6],[-90.820154,41.596595,215.8],[-90.813781,41.596569,216.6],[-90.807723,41.596539,220.2],[-90.801262,41.596527,217.8],[-90.795741,41.596508,224.2],[-90.789871,41.596516,225.0],[-90.783135,41.5965,220.0],[-90.776856,41.596481,218.2],[-90.770592,41.596468,218.8],[-90.764336,41.596443,217.6],[-90.758396,41.596442,219.6],[-90.752053,41.596446,218.8],[-90.746373,41.596436,222.0],[-90.740166,41.596424,222.6],[-90.734166,41.596409,227.2],[-90.727518,41.596409,225.6],[-90.720734,41.596393,225.6],[-90.714279,41.596386,226.8],[-90.707569,41.596378,226.6],[-90.701444,41.59639,227.8],[-90.694762,41.596398,227.6],[-90.687802,41.59641,224.2],[-90.68202,41.59454,226.0],[-90.677627,41.592381,231.8],[-90.673661,41.590477,231.2],[-90.669215,41.587203,225.2],[-90.665694,41.584078,227.6],[-90.661911,41.580799,228.4],[-90.657644,41.578233,229.0],[-90.652597,41.575776,229.0],[-90.647229,41.573517,225.0],[-90.642763,41.571282,227.6],[-90.638741,41.56784,225.8],[-90.634598,41.563754,220.8],[-90.632281,41.561817,221.8],[-90.630789,41.558355,211.0],[-90.627507,41.556038,205.0],[-90.622279,41.552981,202.2],[-90.617906,41.550443,205.8],[-90.614571,41.548399,211.8],[-90.611197,41.545881,216.0],[-90.610519,41.545351,217.0],[-90.606807,41.542587,217.4],[-90.603335,41.539935,222.4],[-90.601251,41.538332,222.4],[-90.598765,41.536861,222.6],[-90.596291,41.535294,222.2],[-90.596359,41.531512,222.4],[-90.596055,41.530083,219.2],[-90.592694,41.528896,201.2],[-90.592515,41.525033,183.8],[-90.589363,41.524636,184.0],[-90.585731,41.524634,184.8],[-90.582333,41.52465,185.8],[-90.582154,41.5247,187.0],[-90.58214,41.52478,188.8],[-90.581483,41.52437,186.8],[-90.58035,41.522484,182.4],[-90.581492,41.522472,181.4],[-90.584203,41.522351,178.8],[-90.583672,41.520833,181.0],[-90.583672,41.520716,182.0],[-90.583167,41.517848,193.6],[-90.581433,41.514614,197.0],[-90.579363,41.510145,179.0],[-90.579575,41.510689,181.4],[-90.578069,41.511668,179.0],[-90.57263,41.512348,178.8],[-90.567454,41.511786,182.4],[-90.562294,41.510812,182.8],[-90.558706,41.510552,180.2],[-90.552862,41.510247,181.4],[-90.546986,41.509889,181.8],[-90.54139,41.510209,182.0],[-90.535918,41.510546,178.0],[-90.532118,41.509569,179.0],[-90.526783,41.509189,180.6],[-90.521524,41.508438,181.4],[-90.517571,41.50972,180.4],[-90.516619,41.509441,179.8],[-90.514232,41.509319,180.8],[-90.511682,41.510522,180.4],[-90.510164,41.511109,181.0],[-90.508043,41.511833,181.6],[-90.502797,41.513563,180.8],[-90.497677,41.514129,179.4],[-90.492184,41.514786,179.2],[-90.487044,41.514997,179.8],[-90.481128,41.514954,179.2],[-90.475692,41.515533,178.0],[-90.470095,41.515277,179.6],[-90.465451,41.516269,178.0],[-90.460464,41.518388,181.0],[-90.456035,41.521616,181.4],[-90.450359,41.524467,181.6],[-90.44526,41.527393,181.6],[-90.440139,41.529969,181.2],[-90.43399,41.531711,181.4],[-90.427928,41.533662,180.6],[-90.42464,41.537454,176.6],[-90.420981,41.5401,175.8],[-90.419074,41.543836,176.0],[-90.418333,41.546781,176.0],[-90.416706,41.550717,177.0],[-90.414897,41.554707,176.8],[-90.412886,41.558051,176.4],[-90.410786,41.5577,179.2],[-90.409884,41.558201,179.2],[-90.407553,41.560013,181.0],[-90.403616,41.56248,181.4],[-90.401218,41.565333,177.6],[-90.397156,41.566367,179.8],[-90.39268,41.568349,180.2],[-90.387488,41.569326,180.0],[-90.382555,41.570177,180.6],[-90.377991,41.571504,181.8],[-90.373308,41.572924,180.8],[-90.368333,41.574361,180.8],[-90.363131,41.575978,178.2],[-90.358275,41.577422,180.8],[-90.353639,41.578755,182.2],[-90.348954,41.580134,181.0],[-90.346054,41.580946,181.2],[-90.345529,41.578708,184.2],[-90.343141,41.578892,192.8],[-90.342767,41.57755,209.6],[-90.341805,41.575656,216.8],[-90.338128,41.573275,217.0],[-90.334422,41.570644,217.4],[-90.328707,41.57069,217.8],[-90.32272,41.570758,214.6],[-90.31794,41.5701,214.2],[-90.317947,41.565884,216.0],[-90.316229,41.562132,216.4],[-90.312521,41.558612,213.8],[-90.31166,41.553845,206.6],[-90.309738,41.550658,192.8],[-90.304017,41.552448,193.6],[-90.298632,41.554823,195.8],[-90.293032,41.557691,193.8],[-90.287004,41.558075,197.0],[-90.280527,41.558353,196.8],[-90.273541,41.557701,187.8],[-90.265691,41.556599,185.6],[-90.258437,41.556672,184.0],[-90.251425,41.556737,183.4],[-90.244573,41.556782,186.0],[-90.239484,41.556834,187.6],[-90.231845,41.556923,182.0],[-90.225755,41.556995,182.6],[-90.223856,41.556995,183.8],[-90.223303,41.557007,184.0],[-90.217539,41.557049,182.6],[-90.211392,41.557129,182.2],[-90.205279,41.55719,182.0],[-90.199306,41.55684,181.6],[-90.193354,41.556401,180.0],[-90.187813,41.556184,182.0],[-90.185511,41.556011,183.4],[-90.180685,41.555657,180.0],[-90.174647,41.555489,179.6],[-90.168826,41.555431,178.4],[-90.162937,41.555382,177.6],[-90.156924,41.555279,177.8],[-90.151293,41.55526,176.8],[-90.14581,41.555195,177.2],[-90.140216,41.555147,177.0],[-90.134507,41.555085,177.0],[-90.128981,41.555023,177.6],[-90.122962,41.554974,177.6],[-90.117865,41.554912,181.6],[-90.114158,41.554886,188.6],[-90.109163,41.554821,187.6],[-90.10351,41.554775,186.6],[-90.097945,41.554711,187.2],[-90.092735,41.554653,191.4],[-90.087238,41.554592,192.4],[-90.080688,41.554528,187.4],[-90.074641,41.554462,188.0],[-90.068797,41.554412,189.2],[-90.063113,41.554364,189.2],[-90.057047,41.554284,188.8],[-90.051073,41.554214,189.8],[-90.045207,41.554169,190.6],[-90.038771,41.554085,188.4],[-90.032968,41.55402,189.4],[-90.027119,41.553951,190.2],[-90.021768,41.553894,193.2],[-90.016657,41.553886,193.2],[-90.010629,41.553955,192.2],[-90.00516,41.554016,192.6],[-89.998833,41.554085,190.6],[-89.992931,41.554138,190.8],[-89.987183,41.554203,191.0],[-89.981058,41.554256,189.8],[-89.975229,41.554039,190.4],[-89.969499,41.553936,189.4],[-89.963454,41.55402,188.6],[-89.957429,41.554107,188.4],[-89.951597,41.554221,188.8],[-89.945949,41.554329,190.6],[-89.940419,41.554389,191.2],[-89.937253,41.556336,193.0],[-89.937592,41.561241,192.2],[-89.937835,41.566276,192.4],[-89.934427,41.568577,193.6],[-89.928574,41.568615,193.6],[-89.923027,41.568691,196.8],[-89.919001,41.568729,195.6],[-89.914125,41.568768,196.0],[-89.908714,41.568802,195.0],[-89.903337,41.56887,196.6],[-89.897751,41.568901,196.0],[-89.892046,41.568966,193.8],[-89.886337,41.569023,193.8],[-89.880633,41.569077,193.6],[-89.874916,41.569126,193.6],[-89.86895,41.56918,194.0],[-89.863337,41.569229,194.8],[-89.857811,41.569271,198.6],[-89.852067,41.569328,197.8],[-89.846331,41.569496,196.4],[-89.840379,41.569565,195.6],[-89.834383,41.569531,195.6],[-89.828546,41.569477,195.8],[-89.822747,41.56942,195.2],[-89.81701,41.569378,195.6],[-89.811151,41.569332,195.4],[-89.805109,41.569279,195.4],[-89.799151,41.56923,195.6],[-89.793139,41.569172,196.2],[-89.787563,41.569122,197.4],[-89.782396,41.569069,196.2],[-89.776445,41.569076,196.0],[-89.770433,41.569103,195.4],[-89.764853,41.569099,196.0],[-89.758846,41.56913,195.6],[-89.752996,41.569168,196.6],[-89.747321,41.568851,198.0],[-89.74418,41.56546,197.0],[-89.739313,41.562952,196.0],[-89.733569,41.561761,196.4],[-89.728075,41.561787,197.8],[-89.722281,41.561806,199.2],[-89.716159,41.56184,194.0],[-89.709868,41.561885,193.2],[-89.70378,41.561901,193.2],[-89.698068,41.561943,195.2],[-89.692195,41.561985,195.4],[-89.686388,41.561985,194.6],[-89.680321,41.562035,193.6],[-89.674402,41.562061,193.2],[-89.668465,41.562084,193.6],[-89.662906,41.562118,196.4],[-89.65693,41.562145,195.8],[-89.6512,41.562183,198.0],[-89.645403,41.562217,197.0],[-89.639671,41.562241,199.6],[-89.634165,41.562275,202.2],[-89.62809,41.562209,202.4],[-89.622297,41.56201,203.0],[-89.616921,41.561837,205.4],[-89.611611,41.561657,208.8],[-89.605897,41.560956,209.2],[-89.603409,41.560131,209.6],[-89.603222,41.560237,209.6],[-89.598917,41.560075,210.2],[-89.595544,41.559885,218.0],[-89.591726,41.560001,224.0],[-89.587194,41.559994,229.4],[-89.582647,41.559115,233.6],[-89.578955,41.557748,242.2],[-89.573676,41.557549,241.2],[-89.567948,41.557476,240.4],[-89.562105,41.557377,240.6],[-89.556234,41.557297,242.2],[-89.551917,41.557224,250.6],[-89.546541,41.557137,252.0],[-89.541043,41.556992,255.0],[-89.535257,41.556763,258.8],[-89.529832,41.556576,260.6],[-89.523927,41.556519,259.0],[-89.518706,41.556465,265.2],[-89.51333,41.556427,263.8],[-89.507615,41.556362,264.8],[-89.502124,41.555706,261.6],[-89.49684,41.553294,260.2],[-89.491554,41.552933,262.8],[-89.486992,41.552929,270.4],[-89.48233,41.552914,275.4],[-89.477045,41.552906,273.8],[-89.470879,41.552898,271.8],[-89.464935,41.552898,270.2],[-89.459018,41.55296,265.6],[-89.452974,41.553005,264.6],[-89.446884,41.553028,265.8],[-89.440257,41.553062,258.6],[-89.433429,41.553085,250.4],[-89.427347,41.553108,252.8],[-89.420496,41.553086,249.6],[-89.413767,41.552994,243.2],[-89.407105,41.552979,243.0],[-89.401179,41.552956,245.8],[-89.395698,41.552944,248.6],[-89.389857,41.553546,249.6],[-89.383028,41.553635,242.8],[-89.376546,41.553698,243.8],[-89.37041,41.553741,240.8],[-89.364326,41.553753,245.2],[-89.359361,41.553768,247.4],[-89.353393,41.553734,250.4],[-89.348024,41.55373,252.4],[-89.342004,41.553726,253.8],[-89.335573,41.553703,249.8],[-89.328837,41.553703,247.4],[-89.323379,41.553707,252.8],[-89.317757,41.553676,256.2],[-89.312271,41.553616,258.8],[-89.307159,41.550978,253.8],[-89.302727,41.547115,246.2],[-89.297995,41.543009,239.8],[-89.294646,41.540214,245.4],[-89.289863,41.539082,248.8],[-89.283586,41.538933,244.0],[-89.277702,41.538769,249.6],[-89.271341,41.538769,246.6],[-89.264893,41.53881,245.0],[-89.258141,41.538837,243.4],[-89.252304,41.538857,244.6],[-89.247182,41.538883,249.0],[-89.241433,41.538906,250.4],[-89.235185,41.538932,247.6],[-89.230016,41.540149,253.2],[-89.224709,41.542633,254.0],[-89.218584,41.54266,254.0],[-89.211627,41.542713,249.4],[-89.204631,41.542778,247.6],[-89.198311,41.54282,250.2],[-89.192964,41.542862,256.8],[-89.186785,41.5429,252.4],[-89.179569,41.542949,243.4],[-89.172736,41.543991,244.6],[-89.167405,41.54692,243.8],[-89.161447,41.548725,246.8],[-89.155328,41.548607,242.0],[-89.148553,41.548462,238.0],[-89.141793,41.548317,235.4],[-89.135429,41.548225,234.8],[-89.129404,41.548187,233.8],[-89.128031,41.548431,233.6],[-89.127488,41.549097,233.6],[-89.127396,41.549068,233.4],[-89.12735,41.549068,233.6],[-89.127365,41.549102,233.2],[-89.127343,41.549068,234.4],[-89.127562,41.549084,235.4],[-89.127824,41.549238,236.4],[-89.125951,41.549183,234.8],[-89.122584,41.549152,231.2],[-89.118618,41.549103,232.6],[-89.117844,41.549825,231.4],[-89.117882,41.549835,230.8],[-89.117752,41.549747,227.8],[-89.117874,41.549865,228.8],[-89.117814,41.549741,233.4],[-89.117798,41.549755,236.2]]}},{"type":"Feature","properties":{"date":"2026-08-22","source_file":"19.gpx","dist_m":240950,"vert_up_m":202,"vert_down_m":201,"points":559},"geometry":{"type":"LineString","coordinates":[[-89.119781,41.546997,227.8],[-89.11982,41.547053,227.8],[-89.118628,41.547573,229.4],[-89.113966,41.547627,227.2],[-89.109,41.547699,224.4],[-89.103188,41.547641,218.0],[-89.097297,41.547507,219.6],[-89.094816,41.544289,222.0],[-89.094358,41.539502,219.4],[-89.093079,41.534569,217.4],[-89.091546,41.529641,214.4],[-89.090121,41.524838,211.6],[-89.087624,41.521237,208.6],[-89.081199,41.520592,207.6],[-89.07576,41.519843,210.8],[-89.069997,41.518734,209.8],[-89.064604,41.515996,208.6],[-89.059727,41.512839,206.8],[-89.059423,41.508298,206.4],[-89.054583,41.505613,203.0],[-89.050054,41.504219,209.0],[-89.042844,41.50245,196.4],[-89.036934,41.501042,196.2],[-89.031296,41.498989,196.8],[-89.026105,41.498641,201.2],[-89.020348,41.498573,201.6],[-89.014351,41.498474,200.0],[-89.010498,41.498428,200.8],[-89.004893,41.498336,202.0],[-88.998487,41.498207,200.0],[-88.992534,41.498116,203.8],[-88.987934,41.498111,209.2],[-88.98183,41.498088,209.6],[-88.975204,41.498,207.4],[-88.968385,41.497959,204.2],[-88.961895,41.497943,203.8],[-88.955432,41.497917,204.6],[-88.949083,41.497882,207.0],[-88.942914,41.497863,207.6],[-88.936635,41.497821,206.4],[-88.932778,41.497911,205.4],[-88.931117,41.497902,205.8],[-88.925229,41.49796,206.6],[-88.918835,41.49802,205.4],[-88.912723,41.498108,206.2],[-88.90653,41.49827,206.2],[-88.900118,41.498473,202.6],[-88.894455,41.498627,204.8],[-88.888659,41.498745,205.8],[-88.885262,41.496466,204.0],[-88.883713,41.491717,200.2],[-88.882417,41.48782,204.0],[-88.879959,41.484367,203.8],[-88.873851,41.484472,203.2],[-88.867417,41.48457,201.8],[-88.861328,41.484632,201.4],[-88.855299,41.484723,200.8],[-88.848997,41.48481,199.6],[-88.843455,41.484903,197.8],[-88.837639,41.484982,197.4],[-88.831718,41.485142,196.6],[-88.825599,41.485357,196.4],[-88.819608,41.485555,196.4],[-88.814262,41.485242,196.4],[-88.807829,41.485271,196.4],[-88.801506,41.485275,194.8],[-88.79529,41.485284,194.6],[-88.789323,41.485283,193.6],[-88.783839,41.485275,193.4],[-88.7782,41.485241,193.0],[-88.77167,41.485156,183.8],[-88.767328,41.485127,191.6],[-88.76206,41.4851,191.4],[-88.756355,41.485077,190.0],[-88.750587,41.485053,189.8],[-88.745025,41.485058,189.4],[-88.740922,41.486352,190.0],[-88.7387,41.489873,190.2],[-88.738327,41.490584,190.6],[-88.736637,41.493636,191.4],[-88.734579,41.497195,192.0],[-88.73252,41.500695,191.0],[-88.730304,41.504286,191.2],[-88.728087,41.507844,190.6],[-88.725768,41.511556,190.6],[-88.723598,41.515169,190.6],[-88.721594,41.518885,190.0],[-88.719534,41.522747,190.6],[-88.717734,41.526329,192.4],[-88.71478,41.528802,192.4],[-88.709043,41.528843,190.8],[-88.702684,41.528913,188.8],[-88.695148,41.53018,165.2],[-88.689777,41.5301,169.6],[-88.684311,41.529934,171.6],[-88.681544,41.52992,175.2],[-88.68178,41.530172,175.6],[-88.681766,41.530148,175.6],[-88.68021,41.531067,178.8],[-88.677451,41.529964,179.2],[-88.671953,41.529835,175.6],[-88.667243,41.529348,183.6],[-88.662243,41.528549,184.2],[-88.656908,41.527918,185.8],[-88.651603,41.529361,185.8],[-88.645362,41.529409,185.2],[-88.639111,41.529449,185.2],[-88.632358,41.529515,182.0],[-88.626061,41.529598,183.2],[-88.619698,41.530166,178.8],[-88.613621,41.531765,177.2],[-88.608665,41.531646,184.0],[-88.603322,41.530618,187.0],[-88.596686,41.529323,185.6],[-88.593247,41.529778,188.4],[-88.589034,41.531886,190.4],[-88.585139,41.533282,198.0],[-88.580964,41.534286,205.4],[-88.575464,41.535448,200.8],[-88.571645,41.537463,205.8],[-88.568742,41.537178,211.0],[-88.564322,41.537243,214.8],[-88.560673,41.537277,222.0],[-88.556512,41.537309,228.0],[-88.551802,41.537353,229.0],[-88.545493,41.537388,227.0],[-88.538965,41.537435,224.8],[-88.532327,41.537472,220.0],[-88.525526,41.537506,217.0],[-88.519035,41.537518,215.8],[-88.512516,41.537553,216.0],[-88.506152,41.537594,214.6],[-88.499792,41.537632,213.6],[-88.493327,41.537682,211.0],[-88.486795,41.537712,209.6],[-88.480061,41.537788,208.2],[-88.473485,41.537954,208.0],[-88.466669,41.538141,204.2],[-88.460003,41.53833,203.0],[-88.453793,41.538523,203.0],[-88.44763,41.53867,201.6],[-88.441197,41.538846,199.2],[-88.43493,41.539021,199.8],[-88.433451,41.541769,202.0],[-88.433487,41.545492,200.8],[-88.433744,41.548748,201.0],[-88.434021,41.552292,200.2],[-88.434151,41.555781,200.4],[-88.434313,41.559325,198.0],[-88.43105,41.560936,197.0],[-88.424925,41.561052,196.8],[-88.418568,41.561202,197.2],[-88.412375,41.561345,196.8],[-88.40629,41.561337,193.8],[-88.399891,41.561658,192.4],[-88.394415,41.561822,193.0],[-88.388055,41.561986,192.2],[-88.381433,41.562158,189.8],[-88.374541,41.562337,184.8],[-88.367992,41.562529,184.8],[-88.362001,41.562611,183.6],[-88.355979,41.562695,183.6],[-88.350377,41.562814,182.0],[-88.343982,41.562939,179.0],[-88.337917,41.563042,181.0],[-88.331536,41.563161,178.6],[-88.32454,41.563276,177.6],[-88.318425,41.563378,176.4],[-88.312147,41.563477,177.0],[-88.306126,41.563583,178.8],[-88.300047,41.563676,178.6],[-88.29403,41.563755,181.0],[-88.288944,41.563816,186.4],[-88.284354,41.563892,195.4],[-88.278624,41.563997,198.0],[-88.272098,41.564134,198.2],[-88.26608,41.564292,195.8],[-88.260211,41.564409,190.4],[-88.253714,41.564492,189.2],[-88.246853,41.564552,189.2],[-88.239761,41.564622,186.6],[-88.232571,41.564705,185.2],[-88.228785,41.564684,184.4],[-88.223852,41.564804,184.4],[-88.217744,41.564857,184.4],[-88.210772,41.564919,184.0],[-88.204669,41.564964,184.0],[-88.200626,41.56501,180.0],[-88.193797,41.565105,179.4],[-88.190754,41.565155,177.0],[-88.1842,41.565194,176.4],[-88.178379,41.565275,180.2],[-88.171144,41.565366,175.8],[-88.164707,41.565446,180.0],[-88.161728,41.563446,177.2],[-88.161591,41.559793,180.2],[-88.160923,41.55515,177.2],[-88.158269,41.55396,179.4],[-88.156388,41.55214,176.0],[-88.152674,41.550964,174.0],[-88.14805,41.551002,173.8],[-88.14587,41.551039,173.0],[-88.140725,41.551141,172.0],[-88.135461,41.551315,174.2],[-88.130253,41.551473,180.6],[-88.125982,41.551554,186.6],[-88.121135,41.551668,186.0],[-88.118599,41.54934,192.4],[-88.116239,41.547079,194.6],[-88.11337,41.545048,195.8],[-88.111234,41.544711,194.4],[-88.107488,41.542056,197.4],[-88.102596,41.53857,193.0],[-88.097838,41.535208,191.2],[-88.09359,41.533482,189.0],[-88.087813,41.53243,170.0],[-88.084076,41.531074,157.0],[-88.083117,41.528359,157.2],[-88.082827,41.526801,158.2],[-88.08046,41.52684,159.0],[-88.078733,41.525747,157.4],[-88.077825,41.52408,156.4],[-88.077235,41.523582,155.6],[-88.075811,41.524132,158.0],[-88.07287,41.52409,159.8],[-88.068245,41.524296,158.6],[-88.064563,41.524303,159.8],[-88.063103,41.524181,160.8],[-88.059591,41.52352,164.4],[-88.054823,41.52302,165.4],[-88.054439,41.523845,161.4],[-88.051926,41.523706,164.6],[-88.047361,41.523645,167.0],[-88.042672,41.524091,168.2],[-88.038481,41.524565,171.6],[-88.034237,41.525057,173.0],[-88.030106,41.52551,176.2],[-88.025602,41.525761,179.6],[-88.021533,41.525354,183.0],[-88.016399,41.523977,183.4],[-88.011928,41.522433,183.0],[-88.006661,41.520662,181.2],[-88.002294,41.519194,184.6],[-87.997686,41.517662,190.4],[-87.993207,41.516136,195.4],[-87.988874,41.514685,198.8],[-87.985324,41.513479,203.0],[-87.981239,41.512007,199.8],[-87.977178,41.510713,203.4],[-87.972862,41.509243,205.4],[-87.968297,41.507717,206.8],[-87.965464,41.506737,209.2],[-87.961304,41.505342,211.8],[-87.957145,41.503905,214.6],[-87.952573,41.502324,217.4],[-87.947885,41.500801,217.4],[-87.942945,41.499118,215.4],[-87.938005,41.498091,216.6],[-87.932386,41.498011,216.6],[-87.927027,41.498058,219.2],[-87.92233,41.498127,221.0],[-87.916896,41.49818,221.8],[-87.911418,41.498213,226.2],[-87.906328,41.498311,227.6],[-87.900957,41.498394,226.8],[-87.898045,41.498421,225.6],[-87.892789,41.498466,227.0],[-87.887209,41.498542,226.6],[-87.881721,41.498643,227.8],[-87.876871,41.498681,229.2],[-87.871368,41.498767,229.4],[-87.866013,41.498803,229.6],[-87.86098,41.498863,233.8],[-87.855242,41.498949,231.6],[-87.853788,41.498932,231.2],[-87.851123,41.498962,233.8],[-87.849086,41.498959,233.8],[-87.846761,41.498987,232.2],[-87.843178,41.49897,229.8],[-87.838761,41.498979,228.8],[-87.833135,41.498971,227.6],[-87.829051,41.49898,223.8],[-87.824717,41.49891,221.4],[-87.817948,41.499017,214.2],[-87.812055,41.498994,217.6],[-87.806589,41.49897,218.4],[-87.800299,41.499037,213.6],[-87.794015,41.499016,215.0],[-87.790329,41.499002,213.6],[-87.785466,41.499011,213.6],[-87.77995,41.49902,212.4],[-87.774439,41.499034,216.8],[-87.771044,41.498993,215.4],[-87.766992,41.499001,213.8],[-87.761565,41.499031,214.8],[-87.756434,41.499032,216.0],[-87.751521,41.499011,218.2],[-87.749331,41.499013,219.6],[-87.744304,41.499027,222.8],[-87.738221,41.499023,221.8],[-87.73318,41.49872,221.0],[-87.732935,41.498646,221.2],[-87.732844,41.497194,220.4],[-87.734327,41.496341,223.4],[-87.734225,41.496342,223.4],[-87.734128,41.496369,223.2],[-87.732132,41.497419,219.2],[-87.729667,41.499054,218.2],[-87.724055,41.498998,212.8],[-87.718983,41.499041,212.8],[-87.713731,41.49904,210.4],[-87.708779,41.499077,213.4],[-87.703397,41.499054,214.0],[-87.698375,41.499095,214.4],[-87.693625,41.499123,215.6],[-87.688539,41.499104,214.6],[-87.684693,41.498388,213.8],[-87.682829,41.497063,214.4],[-87.68252,41.493262,218.6],[-87.67716,41.492528,215.8],[-87.674423,41.491516,220.4],[-87.6702,41.491509,220.4],[-87.663715,41.491473,218.8],[-87.657247,41.491499,211.8],[-87.651781,41.491516,214.6],[-87.649956,41.49102,216.8],[-87.64484,41.491538,216.6],[-87.639624,41.491485,214.8],[-87.634844,41.49155,212.0],[-87.629001,41.491596,208.8],[-87.622969,41.491613,207.8],[-87.617563,41.491603,209.6],[-87.616205,41.488534,209.2],[-87.616112,41.484279,206.2],[-87.6135,41.483258,204.4],[-87.606824,41.484786,205.8],[-87.59929,41.48571,199.0],[-87.59318,41.485892,202.4],[-87.586008,41.486438,200.0],[-87.579373,41.486884,200.8],[-87.575923,41.487254,204.0],[-87.571083,41.488037,201.8],[-87.564899,41.489033,201.0],[-87.55873,41.491035,198.6],[-87.552351,41.491803,197.0],[-87.545863,41.493028,192.2],[-87.54114,41.495684,194.4],[-87.535232,41.495646,193.2],[-87.528647,41.495214,191.6],[-87.522299,41.494078,194.0],[-87.519846,41.493637,193.8],[-87.512051,41.493063,194.2],[-87.506525,41.492584,195.4],[-87.500651,41.491779,195.4],[-87.492985,41.49124,196.6],[-87.485825,41.490979,197.6],[-87.478489,41.49069,197.6],[-87.474895,41.491491,196.2],[-87.474779,41.491205,197.8],[-87.47551,41.490937,199.6],[-87.471343,41.490637,202.6],[-87.464521,41.49054,202.0],[-87.460078,41.490863,205.0],[-87.453913,41.491874,203.2],[-87.448114,41.492338,201.8],[-87.442403,41.492878,200.0],[-87.436708,41.493204,198.4],[-87.432212,41.492393,197.4],[-87.432259,41.496632,194.6],[-87.431994,41.498067,193.4],[-87.432224,41.497867,195.4],[-87.432353,41.501525,197.6],[-87.432414,41.505648,199.0],[-87.42956,41.507642,198.0],[-87.424404,41.507675,198.6],[-87.41907,41.507617,197.8],[-87.418363,41.510807,197.8],[-87.416127,41.513817,198.4],[-87.411559,41.51224,193.4],[-87.406218,41.511399,192.6],[-87.400708,41.511546,192.8],[-87.399182,41.511582,192.8],[-87.397242,41.51161,191.0],[-87.393896,41.5124,189.2],[-87.393683,41.515936,189.8],[-87.392024,41.518264,188.0],[-87.38945,41.520263,187.2],[-87.3877,41.522585,191.2],[-87.38355,41.52278,192.4],[-87.379832,41.523694,190.8],[-87.375709,41.524156,194.4],[-87.371213,41.524176,194.2],[-87.366256,41.524143,195.2],[-87.361198,41.524139,195.8],[-87.357482,41.524117,196.2],[-87.353027,41.524076,191.2],[-87.347747,41.524045,192.2],[-87.343381,41.524052,194.8],[-87.338543,41.524015,194.2],[-87.333223,41.524,195.8],[-87.3285,41.523972,198.6],[-87.324224,41.52393,199.0],[-87.319198,41.523891,198.6],[-87.314102,41.523935,198.6],[-87.308823,41.523869,198.2],[-87.303803,41.523871,197.6],[-87.298068,41.523822,196.8],[-87.292082,41.5238,193.6],[-87.286447,41.523764,191.2],[-87.28117,41.523735,192.0],[-87.276221,41.523731,192.2],[-87.271483,41.523726,191.2],[-87.26666,41.523673,191.6],[-87.261028,41.523677,191.2],[-87.256426,41.524969,192.2],[-87.25326,41.527073,193.6],[-87.250278,41.529335,193.8],[-87.247612,41.530714,193.4],[-87.246988,41.53366,194.0],[-87.246459,41.534381,196.4],[-87.24279,41.534816,195.0],[-87.240187,41.536702,195.8],[-87.239182,41.536163,195.6],[-87.237707,41.536186,194.6],[-87.232449,41.536125,195.8],[-87.226592,41.536114,197.2],[-87.221006,41.536098,198.8],[-87.215162,41.53609,197.6],[-87.209554,41.536087,195.8],[-87.203848,41.536064,198.6],[-87.198795,41.536057,200.4],[-87.192986,41.536037,202.4],[-87.187023,41.53603,199.8],[-87.181245,41.536015,199.6],[-87.175692,41.536001,198.6],[-87.17047,41.535999,204.2],[-87.164789,41.536013,203.4],[-87.159337,41.535938,208.6],[-87.153811,41.535978,211.8],[-87.14744,41.535858,206.6],[-87.141134,41.535787,206.0],[-87.134828,41.535767,203.4],[-87.128289,41.535724,201.0],[-87.124195,41.535686,195.0],[-87.119607,41.535667,196.8],[-87.11601,41.535651,203.0],[-87.111388,41.535643,205.2],[-87.106133,41.535622,208.8],[-87.101039,41.535629,209.0],[-87.095167,41.535629,209.4],[-87.090302,41.535553,212.4],[-87.084452,41.535519,212.8],[-87.079756,41.535503,221.6],[-87.076059,41.535471,224.2],[-87.070687,41.535433,224.6],[-87.066273,41.535417,226.8],[-87.062422,41.535427,235.0],[-87.058861,41.535412,243.6],[-87.054822,41.535419,253.6],[-87.050927,41.535416,260.8],[-87.046327,41.535404,264.6],[-87.039757,41.535348,259.2],[-87.036931,41.53429,265.0],[-87.035101,41.530615,269.0],[-87.033863,41.526251,266.0],[-87.035397,41.521822,266.8],[-87.031177,41.52069,266.8],[-87.027208,41.521109,264.2],[-87.021984,41.520538,261.2],[-87.015957,41.520447,257.8],[-87.009514,41.520343,256.4],[-87.004256,41.52026,257.0],[-86.999686,41.520206,261.2],[-86.992935,41.520091,254.0],[-86.988036,41.519999,254.0],[-86.981662,41.519909,246.2],[-86.973788,41.519782,237.6],[-86.970095,41.519698,247.8],[-86.965816,41.5196,251.4],[-86.959753,41.519484,248.6],[-86.953415,41.519377,246.2],[-86.947406,41.519254,240.2],[-86.94287,41.519681,242.2],[-86.940272,41.523206,238.4],[-86.93668,41.526729,238.4],[-86.932868,41.529557,240.2],[-86.931018,41.531048,238.4],[-86.926103,41.533982,238.8],[-86.921846,41.536524,242.2],[-86.916715,41.538552,242.6],[-86.915306,41.539606,242.8],[-86.913171,41.540667,243.0],[-86.91291,41.541196,242.8],[-86.912848,41.541132,242.6],[-86.91251,41.541125,242.0],[-86.909284,41.541616,240.2],[-86.904855,41.541782,242.8],[-86.90155,41.543258,242.8],[-86.899225,41.544953,245.4],[-86.896526,41.546428,250.0],[-86.896606,41.54628,250.8],[-86.896919,41.549582,247.2],[-86.892854,41.550718,250.6],[-86.88736,41.551713,249.6],[-86.881652,41.552465,250.8],[-86.877253,41.553674,250.0],[-86.873896,41.555571,250.8],[-86.867222,41.555595,244.2],[-86.860994,41.555615,244.0],[-86.855331,41.555658,246.6],[-86.851327,41.555668,249.6],[-86.845135,41.555706,244.2],[-86.839042,41.554436,242.8],[-86.833743,41.556169,244.2],[-86.828748,41.557695,243.4],[-86.823304,41.559371,248.6],[-86.821756,41.555785,244.8],[-86.821477,41.550767,243.6],[-86.819585,41.546782,236.4],[-86.81318,41.546641,236.8],[-86.806895,41.546659,239.0],[-86.800208,41.54666,238.0],[-86.794458,41.546822,236.8],[-86.787293,41.547089,235.0],[-86.781376,41.547318,239.4],[-86.774747,41.547352,236.2],[-86.771659,41.547283,241.2],[-86.766352,41.547186,240.6],[-86.760125,41.547114,239.6],[-86.754071,41.546982,237.6],[-86.747346,41.546847,234.8],[-86.741117,41.546725,235.8],[-86.73551,41.546781,235.2],[-86.72901,41.546886,231.0],[-86.722752,41.546952,231.0],[-86.716556,41.54697,232.6],[-86.710231,41.546921,230.0],[-86.703714,41.546864,230.8],[-86.69924,41.546246,231.2],[-86.692873,41.546457,232.2],[-86.686574,41.546654,231.2],[-86.679887,41.546837,226.0],[-86.673603,41.547002,227.4],[-86.66732,41.547134,229.0],[-86.661232,41.547268,228.6],[-86.655099,41.547388,229.0],[-86.648673,41.547498,225.8],[-86.642584,41.547619,226.0],[-86.636828,41.547731,229.0],[-86.630182,41.547852,226.0],[-86.624321,41.547962,227.6],[-86.618143,41.548077,226.6],[-86.611822,41.548264,224.6],[-86.610771,41.551627,221.8],[-86.609443,41.553859,223.0],[-86.604598,41.555375,225.4],[-86.602753,41.55509,225.8],[-86.602624,41.555045,226.4],[-86.602896,41.554965,226.0]]}},{"type":"Feature","properties":{"date":"2026-08-23","source_file":"20.gpx","dist_m":268394,"vert_up_m":309,"vert_down_m":250,"points":579},"geometry":{"type":"LineString","coordinates":[[-86.602882,41.555077,226.0],[-86.602524,41.555258,226.0],[-86.600167,41.554286,225.8],[-86.596157,41.552386,224.0],[-86.591274,41.550373,220.6],[-86.586563,41.548256,222.0],[-86.581965,41.54547,217.4],[-86.577249,41.54322,215.8],[-86.572677,41.541173,217.4],[-86.568148,41.538879,214.4],[-86.56348,41.536174,214.0],[-86.559045,41.533863,214.2],[-86.553903,41.532391,213.8],[-86.549071,41.531578,212.8],[-86.544972,41.531582,213.0],[-86.541007,41.531612,213.0],[-86.536142,41.531647,213.8],[-86.530634,41.531673,210.6],[-86.525344,41.531707,211.2],[-86.520076,41.531708,211.0],[-86.515077,41.531715,211.0],[-86.51018,41.531754,211.2],[-86.505291,41.531908,212.0],[-86.503502,41.534443,210.8],[-86.498,41.534439,209.4],[-86.495748,41.534468,208.2],[-86.492112,41.534467,210.4],[-86.487502,41.534467,209.6],[-86.482681,41.534485,213.6],[-86.47736,41.534537,213.2],[-86.472008,41.534574,211.6],[-86.467406,41.534596,213.0],[-86.46261,41.534616,215.0],[-86.457404,41.534618,212.8],[-86.451248,41.534574,207.0],[-86.446856,41.534597,209.2],[-86.441264,41.534603,208.2],[-86.436405,41.534596,207.2],[-86.430976,41.534635,205.0],[-86.426843,41.534645,204.8],[-86.421492,41.534668,202.6],[-86.416027,41.534659,202.0],[-86.410825,41.534687,203.2],[-86.405624,41.534681,204.4],[-86.400115,41.534701,206.4],[-86.3948,41.534724,211.2],[-86.389463,41.53479,213.0],[-86.383645,41.534742,222.4],[-86.378798,41.534838,238.6],[-86.373408,41.534843,245.4],[-86.36833,41.534863,252.2],[-86.363976,41.53487,256.8],[-86.359001,41.534908,257.4],[-86.353385,41.534927,255.2],[-86.347798,41.534924,257.0],[-86.341256,41.534958,248.4],[-86.334851,41.53497,246.4],[-86.329103,41.534988,247.4],[-86.32506,41.535019,253.6],[-86.320974,41.535061,261.2],[-86.317222,41.535088,267.8],[-86.312538,41.535145,271.0],[-86.307055,41.535216,270.0],[-86.300914,41.535308,266.8],[-86.294225,41.535352,259.8],[-86.289186,41.535374,262.6],[-86.283807,41.535408,262.2],[-86.278638,41.535423,262.2],[-86.277377,41.532768,257.6],[-86.277372,41.528939,255.6],[-86.277344,41.524784,252.8],[-86.273941,41.524791,251.8],[-86.272072,41.52358,250.8],[-86.271928,41.520043,247.8],[-86.26821,41.518264,249.6],[-86.266199,41.514502,248.4],[-86.262284,41.512006,247.4],[-86.258775,41.509055,244.4],[-86.254063,41.50763,241.6],[-86.250347,41.505944,247.0],[-86.246034,41.504103,243.8],[-86.241219,41.503382,244.6],[-86.240446,41.499726,243.2],[-86.237458,41.496649,247.4],[-86.235302,41.493497,246.4],[-86.229947,41.493369,246.8],[-86.224448,41.493366,248.4],[-86.218578,41.493351,247.8],[-86.213099,41.493343,246.8],[-86.207653,41.49337,244.8],[-86.202061,41.493412,245.8],[-86.196452,41.49343,251.0],[-86.19403,41.493449,255.6],[-86.188767,41.493499,251.8],[-86.182888,41.493538,250.0],[-86.17736,41.493491,250.4],[-86.171258,41.493563,247.4],[-86.165627,41.493609,249.2],[-86.160502,41.493639,250.6],[-86.155555,41.493699,256.0],[-86.150314,41.493725,254.0],[-86.145154,41.493759,256.2],[-86.139673,41.493771,256.2],[-86.134015,41.493755,254.2],[-86.128702,41.493755,253.6],[-86.123402,41.49366,251.6],[-86.118225,41.493538,254.8],[-86.112978,41.493565,251.0],[-86.107419,41.49358,255.4],[-86.101964,41.493595,251.2],[-86.096215,41.493587,255.8],[-86.090513,41.49357,252.2],[-86.084809,41.493595,254.6],[-86.078962,41.493602,258.0],[-86.072917,41.493587,257.4],[-86.066941,41.493574,258.6],[-86.06126,41.493586,253.8],[-86.055591,41.49353,252.8],[-86.049918,41.49352,254.4],[-86.04399,41.493507,253.8],[-86.038016,41.493505,252.4],[-86.032717,41.4935,253.6],[-86.027789,41.493511,257.2],[-86.022884,41.493524,255.8],[-86.017388,41.493477,262.0],[-86.011407,41.493375,262.4],[-86.005989,41.493314,263.8],[-85.999977,41.493328,265.2],[-85.993683,41.49338,260.6],[-85.987677,41.493441,265.2],[-85.982407,41.493492,268.8],[-85.977027,41.493534,273.4],[-85.971451,41.493591,275.4],[-85.965524,41.493671,275.0],[-85.959595,41.493687,275.0],[-85.95351,41.493713,273.0],[-85.947346,41.493725,274.4],[-85.941125,41.493751,271.6],[-85.934717,41.493806,260.6],[-85.928913,41.493835,254.6],[-85.925965,41.493848,257.0],[-85.921906,41.493872,258.6],[-85.916572,41.493858,255.8],[-85.910845,41.493852,254.6],[-85.905558,41.49382,253.6],[-85.900751,41.493737,255.8],[-85.895946,41.493662,254.8],[-85.89031,41.493542,253.8],[-85.884351,41.493317,251.6],[-85.878586,41.49337,249.4],[-85.872947,41.493378,249.6],[-85.867286,41.493385,247.0],[-85.861528,41.493312,248.6],[-85.855899,41.493188,247.8],[-85.849405,41.493061,242.4],[-85.843312,41.493046,236.2],[-85.838026,41.493089,242.2],[-85.834536,41.494245,243.4],[-85.833758,41.498054,242.6],[-85.831865,41.500476,247.8],[-85.830989,41.500434,248.2],[-85.826252,41.500502,252.6],[-85.820616,41.500563,252.0],[-85.815436,41.500576,253.8],[-85.80951,41.500641,251.6],[-85.803444,41.500608,254.0],[-85.797469,41.500471,245.2],[-85.792789,41.498668,247.0],[-85.787152,41.498073,247.6],[-85.78185,41.497216,250.8],[-85.775998,41.496634,251.0],[-85.770071,41.496571,249.4],[-85.765163,41.495879,255.0],[-85.760968,41.492871,257.6],[-85.756053,41.49038,258.0],[-85.75178,41.489164,254.2],[-85.748922,41.487797,255.8],[-85.746736,41.487814,253.8],[-85.742677,41.487864,260.4],[-85.737192,41.487885,258.0],[-85.731816,41.487907,260.8],[-85.726179,41.487995,257.4],[-85.720763,41.487572,263.2],[-85.716896,41.488897,267.2],[-85.713574,41.487609,268.4],[-85.709824,41.4883,267.4],[-85.704726,41.488309,271.6],[-85.698479,41.488319,268.6],[-85.691967,41.488288,267.2],[-85.685278,41.488194,265.8],[-85.679679,41.48812,267.6],[-85.673817,41.488033,267.4],[-85.667535,41.487941,266.8],[-85.661436,41.487823,272.2],[-85.655116,41.487775,270.8],[-85.649753,41.487942,270.6],[-85.644412,41.487995,264.6],[-85.6392,41.48801,268.6],[-85.634756,41.48759,257.2],[-85.634697,41.483498,260.2],[-85.632631,41.480754,258.0],[-85.625959,41.48083,258.0],[-85.619527,41.480873,260.8],[-85.613927,41.48096,259.2],[-85.608752,41.481068,264.6],[-85.604186,41.481176,271.0],[-85.598954,41.481258,271.4],[-85.593105,41.481316,277.0],[-85.587808,41.481293,275.2],[-85.582093,41.481334,275.2],[-85.576822,41.481368,277.6],[-85.570676,41.481392,276.0],[-85.564946,41.481438,282.2],[-85.559855,41.481457,285.2],[-85.554231,41.481452,289.2],[-85.547976,41.481429,289.4],[-85.541261,41.481382,287.8],[-85.533935,41.481692,280.6],[-85.526813,41.481753,277.4],[-85.520459,41.481789,277.8],[-85.513482,41.481792,275.6],[-85.506034,41.481781,273.4],[-85.498799,41.481781,273.4],[-85.492555,41.481852,278.4],[-85.486204,41.481834,273.8],[-85.47956,41.481827,270.4],[-85.472832,41.48189,272.4],[-85.466678,41.481934,277.6],[-85.460451,41.482012,277.4],[-85.45383,41.482025,275.6],[-85.447996,41.482052,276.2],[-85.441506,41.482044,279.6],[-85.435215,41.48202,279.0],[-85.429233,41.48201,279.6],[-85.423053,41.482139,281.0],[-85.416617,41.482324,279.2],[-85.411348,41.482254,282.8],[-85.409904,41.478645,281.0],[-85.408271,41.474918,281.0],[-85.401624,41.474903,278.2],[-85.395205,41.47488,279.8],[-85.388415,41.474857,275.2],[-85.381524,41.47479,270.0],[-85.376585,41.474773,274.2],[-85.37251,41.474731,282.8],[-85.371254,41.471603,283.0],[-85.37065,41.467412,278.8],[-85.365328,41.467365,281.6],[-85.360823,41.467331,292.4],[-85.355081,41.46729,283.0],[-85.349361,41.467232,287.6],[-85.344123,41.467181,289.6],[-85.338462,41.467094,295.0],[-85.332559,41.467045,294.0],[-85.327149,41.465455,282.0],[-85.322152,41.462754,275.8],[-85.318054,41.459853,277.2],[-85.313931,41.45725,277.8],[-85.311893,41.459694,277.2],[-85.308243,41.459472,279.8],[-85.307414,41.456195,280.8],[-85.301997,41.455917,279.4],[-85.296253,41.455614,280.0],[-85.291128,41.455347,281.0],[-85.285916,41.45508,284.8],[-85.279927,41.454806,284.6],[-85.2744,41.454164,286.0],[-85.270709,41.454197,294.0],[-85.268029,41.454507,296.8],[-85.26683,41.452371,299.4],[-85.265892,41.451412,300.6],[-85.262957,41.450063,303.4],[-85.260508,41.447472,301.2],[-85.255562,41.446878,300.2],[-85.248933,41.446455,295.6],[-85.246338,41.448889,298.2],[-85.246054,41.450996,301.8],[-85.246468,41.450947,303.6],[-85.246551,41.45095,303.6],[-85.246429,41.450186,303.0],[-85.247042,41.446427,301.6],[-85.244278,41.444897,304.8],[-85.239042,41.444855,311.8],[-85.233871,41.444837,314.6],[-85.231837,41.441627,310.8],[-85.232076,41.436651,310.2],[-85.232351,41.431935,307.8],[-85.229617,41.430616,312.2],[-85.223034,41.430611,308.0],[-85.216853,41.430584,301.0],[-85.211278,41.430553,303.8],[-85.205906,41.430477,306.4],[-85.201846,41.430431,312.4],[-85.195534,41.430437,301.8],[-85.193461,41.428182,302.8],[-85.193436,41.42674,307.0],[-85.192885,41.423751,293.6],[-85.18637,41.423906,284.4],[-85.181214,41.423935,283.4],[-85.176575,41.424014,288.8],[-85.17092,41.424167,287.4],[-85.163927,41.424408,273.2],[-85.158737,41.424541,278.8],[-85.154436,41.424671,280.0],[-85.148924,41.424731,283.6],[-85.143389,41.424713,278.8],[-85.137666,41.424647,277.6],[-85.13231,41.424629,283.2],[-85.126668,41.424561,282.0],[-85.120643,41.424409,282.4],[-85.113873,41.424593,279.8],[-85.108411,41.42488,286.0],[-85.101953,41.425235,283.0],[-85.0966,41.425346,282.6],[-85.090224,41.425243,281.8],[-85.083711,41.42486,279.2],[-85.077368,41.424973,279.6],[-85.070778,41.42511,276.6],[-85.064138,41.425258,279.2],[-85.05787,41.425384,273.0],[-85.051359,41.425551,275.2],[-85.043999,41.425765,271.0],[-85.037447,41.425948,268.4],[-85.031076,41.426195,268.8],[-85.02554,41.42647,269.4],[-85.021084,41.426562,274.8],[-85.016323,41.426556,271.4],[-85.009634,41.426325,262.4],[-85.004017,41.426209,263.6],[-84.998446,41.426455,262.4],[-84.99308,41.426774,267.8],[-84.987088,41.427207,266.0],[-84.981581,41.427139,272.0],[-84.974737,41.427067,266.2],[-84.968332,41.427195,271.8],[-84.963253,41.427695,270.4],[-84.957371,41.427795,267.6],[-84.951313,41.427916,268.2],[-84.946203,41.427976,270.4],[-84.941108,41.428035,267.2],[-84.936922,41.428177,273.8],[-84.933033,41.428411,269.8],[-84.926711,41.428344,266.6],[-84.919889,41.428542,265.6],[-84.913345,41.428771,264.8],[-84.906499,41.429029,263.8],[-84.900183,41.42921,264.8],[-84.893682,41.42939,263.4],[-84.889606,41.429935,263.8],[-84.889496,41.429904,263.4],[-84.885783,41.429504,263.8],[-84.879849,41.429572,262.2],[-84.87314,41.429652,258.2],[-84.870061,41.429687,259.2],[-84.864199,41.429733,258.0],[-84.858371,41.429726,257.4],[-84.852414,41.429658,250.0],[-84.846215,41.429774,247.6],[-84.840524,41.429985,246.0],[-84.83497,41.430162,244.8],[-84.829208,41.430286,241.6],[-84.823261,41.430289,243.0],[-84.816935,41.430124,239.2],[-84.812493,41.427962,235.2],[-84.807439,41.426833,240.4],[-84.8041,41.426089,235.6],[-84.804022,41.426052,234.6],[-84.799366,41.426029,234.0],[-84.793094,41.426056,230.6],[-84.786499,41.426076,229.0],[-84.779965,41.426097,226.8],[-84.774487,41.42477,225.0],[-84.770919,41.422168,222.8],[-84.764941,41.421445,226.8],[-84.75956,41.420725,232.4],[-84.753067,41.422227,224.8],[-84.748441,41.423677,230.0],[-84.742916,41.425611,228.8],[-84.736433,41.426193,226.0],[-84.730739,41.426202,233.2],[-84.724668,41.426231,232.8],[-84.718216,41.426266,234.4],[-84.712476,41.426303,242.0],[-84.705991,41.426353,237.6],[-84.699232,41.426385,239.8],[-84.691263,41.426449,233.4],[-84.68382,41.427072,227.2],[-84.678019,41.429228,226.8],[-84.672263,41.429053,230.2],[-84.666559,41.429399,231.2],[-84.66004,41.428202,224.4],[-84.653474,41.426697,222.2],[-84.646315,41.426726,223.6],[-84.639734,41.426742,223.4],[-84.63289,41.426769,219.6],[-84.625848,41.426765,216.6],[-84.618871,41.426785,217.0],[-84.61253,41.426781,217.8],[-84.606403,41.426792,209.6],[-84.600173,41.426838,207.8],[-84.593547,41.426867,205.8],[-84.587302,41.426883,204.8],[-84.580837,41.426914,204.0],[-84.574253,41.426936,203.6],[-84.567693,41.426949,204.2],[-84.560799,41.426963,203.6],[-84.554129,41.426938,200.0],[-84.549369,41.426998,204.2],[-84.542771,41.427036,201.4],[-84.53592,41.427078,199.8],[-84.528848,41.427105,199.0],[-84.522078,41.427127,197.6],[-84.515078,41.427142,196.8],[-84.507549,41.427147,195.6],[-84.499744,41.427151,195.4],[-84.491856,41.427157,196.4],[-84.483915,41.427144,191.4],[-84.477237,41.427132,195.8],[-84.470901,41.427151,193.8],[-84.464377,41.427167,193.8],[-84.457776,41.427187,194.0],[-84.45145,41.427204,196.8],[-84.445269,41.427204,193.8],[-84.439063,41.427223,192.0],[-84.435061,41.427238,192.8],[-84.431035,41.427254,190.2],[-84.427855,41.426734,189.6],[-84.425032,41.424059,185.4],[-84.420593,41.423483,191.6],[-84.416158,41.422516,192.6],[-84.412819,41.424187,191.0],[-84.408816,41.425555,193.2],[-84.404544,41.426878,188.4],[-84.400055,41.427399,190.0],[-84.396838,41.426227,188.8],[-84.39221,41.426556,186.2],[-84.387441,41.427455,192.8],[-84.380874,41.427503,189.4],[-84.375247,41.427539,193.6],[-84.368526,41.427555,193.4],[-84.362145,41.427574,195.2],[-84.357903,41.427563,195.0],[-84.35229,41.427563,197.4],[-84.34573,41.427559,196.2],[-84.338838,41.427573,197.8],[-84.331946,41.427593,199.0],[-84.32547,41.427622,201.4],[-84.319342,41.427606,202.8],[-84.312157,41.427605,203.4],[-84.305221,41.427612,203.2],[-84.298479,41.427635,202.2],[-84.291661,41.427666,200.6],[-84.284747,41.427691,200.4],[-84.277735,41.427711,200.4],[-84.270989,41.427737,199.2],[-84.265096,41.427769,198.6],[-84.258386,41.427788,197.4],[-84.251748,41.427815,200.2],[-84.244743,41.427823,197.0],[-84.237567,41.427834,196.4],[-84.230781,41.427826,194.0],[-84.228447,41.42551,193.4],[-84.228378,41.420942,192.2],[-84.228294,41.416184,192.0],[-84.226214,41.413254,191.4],[-84.219638,41.413325,190.2],[-84.212851,41.41341,188.8],[-84.205885,41.413483,188.8],[-84.199271,41.413502,187.8],[-84.192138,41.413529,186.6],[-84.185951,41.413555,185.2],[-84.181231,41.41143,183.8],[-84.175517,41.408279,185.6],[-84.169286,41.405594,187.4],[-84.162601,41.402714,187.6],[-84.156084,41.399913,186.4],[-84.150105,41.397236,190.0],[-84.143538,41.395027,187.6],[-84.137326,41.39374,186.4],[-84.131273,41.392434,188.2],[-84.127541,41.391645,188.0],[-84.124588,41.390681,190.2],[-84.12297,41.388292,187.8],[-84.121012,41.385383,188.2],[-84.117486,41.385071,189.0],[-84.114504,41.385215,189.8],[-84.10988,41.385204,186.8],[-84.104452,41.385205,184.8],[-84.09853,41.385193,185.6],[-84.092301,41.385193,185.2],[-84.085946,41.385212,182.2],[-84.079358,41.385262,182.8],[-84.073185,41.385247,182.6],[-84.066615,41.385242,181.8],[-84.060099,41.385262,182.8],[-84.053609,41.385281,180.8],[-84.049201,41.38529,180.0],[-84.04331,41.385314,182.6],[-84.037687,41.385307,183.0],[-84.032213,41.385315,183.6],[-84.02568,41.385342,183.2],[-84.019158,41.385375,183.0],[-84.012669,41.385384,180.0],[-84.006693,41.385395,181.4],[-84.000904,41.385468,181.0],[-84.001568,41.385427,180.8],[-84.001154,41.385469,180.8],[-84.001434,41.385432,180.2],[-83.996118,41.385589,176.6],[-83.991615,41.38583,181.0],[-83.985765,41.38583,180.2],[-83.979924,41.385834,181.4],[-83.973571,41.385872,181.4],[-83.967113,41.385918,182.0],[-83.961189,41.385956,180.0],[-83.955304,41.385975,180.4],[-83.949407,41.38599,181.0],[-83.943582,41.386028,179.0],[-83.938777,41.386039,181.0],[-83.932736,41.386087,180.0],[-83.926696,41.386115,182.0],[-83.92005,41.386154,180.8],[-83.913413,41.386143,182.0],[-83.907065,41.386166,183.8],[-83.900687,41.386169,181.4],[-83.894368,41.386188,182.2],[-83.888355,41.386224,181.6],[-83.88286,41.386241,183.0],[-83.876956,41.386313,182.2],[-83.870345,41.386326,182.2],[-83.863903,41.386334,182.8],[-83.857976,41.386391,177.4],[-83.852473,41.386423,179.2],[-83.846949,41.38648,178.0],[-83.842254,41.385105,180.6],[-83.83624,41.383998,181.6],[-83.832503,41.381813,181.0],[-83.82586,41.381889,181.0],[-83.820402,41.383627,177.4],[-83.814461,41.384836,179.0],[-83.81049,41.386631,178.6],[-83.805021,41.38667,181.2],[-83.798869,41.386691,180.8],[-83.792563,41.386737,179.8],[-83.786463,41.386742,180.8],[-83.780667,41.386776,179.2],[-83.774448,41.386817,178.4],[-83.768186,41.386856,179.6],[-83.761864,41.386875,180.0],[-83.75555,41.386829,179.2],[-83.74906,41.386795,179.8],[-83.742034,41.386765,180.4],[-83.735077,41.386773,180.6],[-83.728109,41.386758,180.6],[-83.721751,41.386683,180.6],[-83.715266,41.386669,180.6],[-83.70931,41.386669,180.6],[-83.703207,41.386642,180.0],[-83.69638,41.386532,179.8],[-83.689579,41.386342,179.6],[-83.682456,41.386297,179.2],[-83.674949,41.386238,179.4],[-83.668066,41.385679,179.2],[-83.667253,41.384274,180.4],[-83.667028,41.384226,180.2],[-83.664198,41.380364,181.6],[-83.658674,41.378711,181.2],[-83.652895,41.378146,183.4],[-83.650518,41.376372,185.0],[-83.650583,41.374911,186.6],[-83.650515,41.374739,187.4],[-83.650486,41.374639,184.0],[-83.650591,41.3747,201.4],[-83.65049,41.371646,200.8],[-83.650503,41.367211,198.4],[-83.650475,41.363178,198.8],[-83.6511,41.360634,198.0],[-83.65122,41.360673,197.6],[-83.651955,41.36066,192.6]]}},{"type":"Feature","properties":{"date":"2026-08-24","source_file":"21.gpx","dist_m":215020,"vert_up_m":460,"vert_down_m":440,"points":499},"geometry":{"type":"LineString","coordinates":[[-83.651039,41.360615,220.0],[-83.650757,41.360443,220.0],[-83.650429,41.357224,222.8],[-83.646645,41.35659,225.2],[-83.641541,41.356487,224.4],[-83.636391,41.356384,221.0],[-83.63105,41.356293,219.4],[-83.625114,41.3563,212.8],[-83.620338,41.356304,217.8],[-83.614624,41.356293,211.2],[-83.609619,41.356297,211.4],[-83.604706,41.356224,211.0],[-83.599869,41.356201,210.2],[-83.594978,41.356152,210.8],[-83.591263,41.355503,209.4],[-83.591431,41.35228,209.4],[-83.591583,41.349037,211.4],[-83.587044,41.348766,211.8],[-83.581802,41.348675,212.2],[-83.576653,41.348587,211.8],[-83.571831,41.348492,210.8],[-83.571655,41.348492,210.6],[-83.567558,41.348541,211.6],[-83.562462,41.348549,212.0],[-83.557404,41.348579,212.2],[-83.552063,41.348618,213.2],[-83.546562,41.348606,213.0],[-83.541008,41.348579,213.2],[-83.535515,41.348919,213.4],[-83.533852,41.346409,212.2],[-83.533844,41.346138,212.6],[-83.533936,41.342918,215.4],[-83.531395,41.341064,215.8],[-83.526161,41.340935,216.0],[-83.520691,41.340786,217.8],[-83.51519,41.340645,217.8],[-83.509712,41.34058,216.2],[-83.504211,41.340591,214.0],[-83.499138,41.340599,214.6],[-83.494507,41.340645,214.4],[-83.489265,41.340717,212.4],[-83.484291,41.340725,212.4],[-83.479294,41.340828,212.4],[-83.474045,41.340828,213.0],[-83.468468,41.340923,212.8],[-83.462852,41.340961,212.4],[-83.457237,41.341011,213.2],[-83.45591,41.33823,214.2],[-83.456032,41.334473,215.0],[-83.456123,41.330788,218.6],[-83.456215,41.327198,217.0],[-83.451866,41.326397,219.4],[-83.446289,41.326447,220.2],[-83.440987,41.326492,220.4],[-83.438683,41.324593,224.6],[-83.437035,41.322884,226.4],[-83.43293,41.322899,228.8],[-83.428619,41.322948,228.6],[-83.427505,41.321121,224.8],[-83.427589,41.318192,228.8],[-83.427742,41.314678,226.2],[-83.426308,41.312107,224.6],[-83.420845,41.31213,226.8],[-83.41584,41.312019,229.0],[-83.410522,41.312145,228.8],[-83.404953,41.312275,228.6],[-83.399353,41.312389,229.8],[-83.393532,41.312523,228.2],[-83.387878,41.312622,229.8],[-83.382416,41.312717,230.0],[-83.37661,41.312836,229.4],[-83.37011,41.312965,229.2],[-83.363976,41.313084,228.4],[-83.358315,41.313156,227.2],[-83.352448,41.313202,228.2],[-83.346336,41.313255,228.4],[-83.339973,41.313263,226.8],[-83.333633,41.313209,229.0],[-83.327087,41.313141,227.4],[-83.320709,41.313038,226.6],[-83.31443,41.312912,224.6],[-83.308235,41.312733,224.8],[-83.302177,41.31234,225.2],[-83.296272,41.311977,224.8],[-83.289619,41.311954,223.8],[-83.283287,41.311939,222.2],[-83.277611,41.312737,223.8],[-83.271812,41.314331,221.4],[-83.265617,41.316105,217.6],[-83.259331,41.317886,215.6],[-83.253586,41.319546,217.0],[-83.247627,41.321289,216.2],[-83.2416,41.323143,216.4],[-83.23558,41.324978,215.8],[-83.229622,41.325958,216.4],[-83.223213,41.326069,213.2],[-83.216934,41.326286,214.0],[-83.210968,41.326496,216.0],[-83.204994,41.326748,213.6],[-83.199226,41.327038,218.2],[-83.193222,41.32737,214.8],[-83.186325,41.327766,211.2],[-83.179634,41.328156,207.8],[-83.173531,41.327923,209.8],[-83.168106,41.327835,211.0],[-83.1623,41.327873,210.8],[-83.156624,41.327919,209.0],[-83.15078,41.327976,206.8],[-83.145927,41.330215,209.2],[-83.140892,41.332722,208.6],[-83.135208,41.33625,197.4],[-83.130882,41.339085,195.4],[-83.127403,41.341351,202.2],[-83.12281,41.342083,201.8],[-83.117439,41.342247,198.6],[-83.11364,41.342205,192.0],[-83.113556,41.345245,194.4],[-83.113503,41.345833,196.8],[-83.114311,41.343243,192.6],[-83.117073,41.343265,196.8],[-83.115501,41.341438,193.2],[-83.111519,41.339657,191.2],[-83.107521,41.33791,187.2],[-83.103882,41.336319,192.6],[-83.099632,41.33469,194.6],[-83.094711,41.333065,195.8],[-83.09066,41.331947,193.8],[-83.086044,41.330833,193.8],[-83.081116,41.329742,195.8],[-83.076286,41.328674,197.8],[-83.07119,41.327507,195.6],[-83.066597,41.326473,196.6],[-83.061562,41.32534,197.0],[-83.056068,41.324112,198.0],[-83.05217,41.323273,199.6],[-83.047447,41.322201,199.8],[-83.042625,41.321106,200.0],[-83.037743,41.320019,200.2],[-83.032631,41.318844,201.4],[-83.027649,41.317707,203.0],[-83.022072,41.316475,204.6],[-83.016457,41.315212,205.8],[-83.01088,41.31395,207.2],[-83.005722,41.312801,209.4],[-82.999725,41.311462,209.4],[-82.993866,41.310146,210.6],[-82.988464,41.308949,213.2],[-82.983421,41.307812,214.2],[-82.979469,41.306797,220.4],[-82.97551,41.305988,222.6],[-82.971634,41.305168,225.4],[-82.966446,41.303814,226.6],[-82.961189,41.302353,228.8],[-82.955688,41.300884,228.4],[-82.951576,41.299778,227.6],[-82.94651,41.298416,228.0],[-82.942078,41.29726,229.8],[-82.936981,41.295879,231.2],[-82.931587,41.294437,233.4],[-82.925865,41.292908,236.6],[-82.920372,41.291447,236.4],[-82.914986,41.290001,238.8],[-82.909821,41.28862,239.2],[-82.904633,41.287243,236.6],[-82.899399,41.28582,236.0],[-82.895668,41.284832,239.8],[-82.890938,41.283573,243.8],[-82.887787,41.283016,245.6],[-82.88298,41.283607,245.0],[-82.877869,41.283653,249.2],[-82.871895,41.282047,247.0],[-82.865639,41.280365,247.4],[-82.859642,41.278744,248.4],[-82.854965,41.27721,244.8],[-82.855141,41.277122,244.6],[-82.851883,41.276607,246.0],[-82.846924,41.275284,247.0],[-82.84111,41.273678,249.0],[-82.834824,41.272808,245.2],[-82.828499,41.272396,255.2],[-82.822639,41.271656,256.0],[-82.817268,41.273186,254.6],[-82.811737,41.274883,254.4],[-82.805634,41.276287,251.4],[-82.80024,41.277721,250.8],[-82.795021,41.279892,249.4],[-82.790123,41.282017,250.2],[-82.786392,41.283665,253.0],[-82.781456,41.286201,250.6],[-82.776428,41.289295,244.0],[-82.771507,41.291573,248.8],[-82.76516,41.29187,249.6],[-82.757698,41.291454,245.4],[-82.750359,41.290104,243.2],[-82.743324,41.288357,241.6],[-82.736809,41.287727,240.6],[-82.729233,41.287605,240.8],[-82.722488,41.287552,240.6],[-82.715187,41.287457,237.6],[-82.708305,41.28735,235.4],[-82.701355,41.287266,233.4],[-82.694679,41.287182,231.4],[-82.687485,41.287102,230.6],[-82.679947,41.287148,225.8],[-82.674332,41.290169,222.4],[-82.667976,41.291809,223.0],[-82.661598,41.293331,222.2],[-82.655228,41.294949,222.8],[-82.64904,41.295971,224.4],[-82.642792,41.296158,220.8],[-82.636375,41.297646,219.2],[-82.63015,41.298603,221.6],[-82.623573,41.300102,219.6],[-82.616989,41.301693,218.8],[-82.610046,41.303329,210.0],[-82.609673,41.301247,201.4],[-82.610283,41.298748,208.4],[-82.609581,41.296341,216.6],[-82.607452,41.296787,221.8],[-82.605385,41.295021,224.0],[-82.60331,41.292496,225.0],[-82.601547,41.29229,224.2],[-82.59845,41.292759,223.8],[-82.59861,41.293346,225.8],[-82.597298,41.294422,225.2],[-82.597206,41.294323,225.2],[-82.598755,41.293301,225.0],[-82.595222,41.291962,215.4],[-82.591438,41.290535,223.8],[-82.587151,41.289238,223.2],[-82.582123,41.28838,224.0],[-82.577156,41.287556,220.6],[-82.573883,41.285767,222.2],[-82.570259,41.284256,225.8],[-82.566643,41.282585,230.6],[-82.562973,41.280582,233.4],[-82.559441,41.278641,238.2],[-82.556618,41.278526,246.8],[-82.552536,41.278942,253.0],[-82.548187,41.279442,258.4],[-82.543373,41.28117,256.0],[-82.537971,41.28083,260.0],[-82.532799,41.280697,264.0],[-82.526993,41.280548,264.6],[-82.522034,41.280415,271.6],[-82.516533,41.280293,265.8],[-82.510498,41.280151,267.0],[-82.504532,41.280014,269.6],[-82.49791,41.279858,273.2],[-82.492134,41.279717,276.0],[-82.491791,41.276245,280.2],[-82.488655,41.274265,276.0],[-82.4832,41.274155,281.4],[-82.477608,41.274025,279.6],[-82.472122,41.273891,280.2],[-82.46653,41.273781,283.6],[-82.460991,41.273682,281.0],[-82.454857,41.273544,279.2],[-82.44899,41.273426,281.6],[-82.443481,41.273312,280.4],[-82.442429,41.273167,278.0],[-82.442451,41.269867,273.8],[-82.442429,41.266209,280.0],[-82.44239,41.262482,279.2],[-82.437798,41.262047,275.0],[-82.432877,41.262051,279.0],[-82.431061,41.262043,279.6],[-82.430784,41.26202,263.0],[-82.426316,41.262032,264.4],[-82.420749,41.262029,260.8],[-82.415262,41.26083,265.4],[-82.409636,41.258918,263.2],[-82.406733,41.255696,263.6],[-82.402064,41.254661,263.0],[-82.40184,41.254582,262.0],[-82.401854,41.25458,261.8],[-82.401855,41.254587,262.0],[-82.401993,41.254702,262.2],[-82.401434,41.254779,261.0],[-82.397339,41.255185,259.6],[-82.395409,41.255527,265.8],[-82.392368,41.255686,267.8],[-82.388601,41.254903,266.6],[-82.382641,41.254951,266.4],[-82.377275,41.255028,264.6],[-82.371638,41.255058,263.8],[-82.366026,41.25509,261.6],[-82.360366,41.255119,261.8],[-82.354873,41.255124,263.6],[-82.348639,41.255146,258.4],[-82.343494,41.256502,261.6],[-82.341743,41.25993,260.4],[-82.339447,41.262599,258.4],[-82.333859,41.263343,257.4],[-82.328502,41.264102,257.6],[-82.32306,41.26482,255.8],[-82.317119,41.265654,251.2],[-82.312102,41.266338,251.6],[-82.306961,41.267036,255.8],[-82.301699,41.267988,257.4],[-82.296743,41.269023,251.0],[-82.291328,41.270135,253.2],[-82.286135,41.271202,251.6],[-82.28086,41.272305,250.8],[-82.275614,41.273359,250.4],[-82.270485,41.274385,251.4],[-82.264886,41.27546,249.6],[-82.259546,41.276623,251.2],[-82.254172,41.277701,245.4],[-82.248369,41.278876,247.6],[-82.242807,41.279725,246.8],[-82.238304,41.280972,249.6],[-82.232766,41.282082,247.0],[-82.227288,41.283213,245.2],[-82.221678,41.284172,245.4],[-82.218264,41.284568,248.8],[-82.214902,41.284819,245.6],[-82.211237,41.284462,248.0],[-82.205508,41.283901,243.0],[-82.199471,41.283285,241.8],[-82.193721,41.282667,241.8],[-82.187627,41.282033,240.2],[-82.181766,41.281436,240.0],[-82.174561,41.280675,236.4],[-82.168142,41.279992,233.2],[-82.162093,41.279364,229.4],[-82.161738,41.27535,225.4],[-82.157158,41.27466,232.0],[-82.151342,41.274671,233.0],[-82.145184,41.274684,236.6],[-82.138759,41.274689,235.2],[-82.131765,41.274685,232.2],[-82.125799,41.274684,238.0],[-82.119682,41.274693,236.6],[-82.115048,41.274685,236.8],[-82.10937,41.274704,240.2],[-82.103328,41.274722,238.6],[-82.097435,41.274739,240.2],[-82.091905,41.274742,239.0],[-82.085904,41.274761,239.0],[-82.079624,41.274788,238.6],[-82.073959,41.274837,239.4],[-82.068437,41.274341,238.4],[-82.06174,41.275008,238.2],[-82.057999,41.274068,242.0],[-82.053968,41.272306,245.4],[-82.050638,41.268947,243.4],[-82.048473,41.264403,245.4],[-82.042396,41.262791,247.4],[-82.037147,41.26038,251.0],[-82.031115,41.26033,252.8],[-82.024463,41.260288,247.6],[-82.018958,41.260245,249.4],[-82.013702,41.260189,255.8],[-82.007739,41.260138,252.4],[-82.001653,41.26009,255.2],[-81.996038,41.260036,255.2],[-81.990041,41.259956,255.8],[-81.983592,41.259869,255.4],[-81.977676,41.259839,258.4],[-81.971728,41.260549,254.6],[-81.965654,41.26049,257.2],[-81.959227,41.260429,253.6],[-81.953973,41.260365,255.4],[-81.951702,41.260349,256.0],[-81.946953,41.260315,258.4],[-81.940721,41.260259,255.2],[-81.932838,41.260231,238.8],[-81.927605,41.259795,241.0],[-81.927526,41.25554,239.8],[-81.926176,41.251538,242.2],[-81.925878,41.247123,242.4],[-81.924852,41.24265,243.0],[-81.92284,41.238786,246.0],[-81.92246,41.23559,255.6],[-81.922218,41.232339,256.8],[-81.921331,41.227623,244.8],[-81.918971,41.223727,249.2],[-81.914747,41.221725,253.6],[-81.910533,41.219794,251.8],[-81.906036,41.217124,252.6],[-81.902967,41.213683,253.4],[-81.89817,41.211429,252.8],[-81.895095,41.20864,262.2],[-81.892616,41.205,267.2],[-81.88868,41.201326,263.4],[-81.886895,41.197421,267.6],[-81.881795,41.198399,266.0],[-81.877443,41.196427,268.0],[-81.873706,41.194601,268.4],[-81.867988,41.192516,268.0],[-81.86341,41.192551,277.0],[-81.858284,41.192574,276.4],[-81.852446,41.192593,273.6],[-81.845339,41.192593,277.8],[-81.841355,41.192569,286.0],[-81.83677,41.192632,286.4],[-81.833915,41.192629,301.4],[-81.831345,41.192653,317.4],[-81.826576,41.19267,320.8],[-81.821589,41.192684,326.8],[-81.816739,41.192695,334.2],[-81.810543,41.192715,330.6],[-81.805543,41.18824,308.4],[-81.80033,41.185545,303.0],[-81.799123,41.183482,313.8],[-81.795219,41.182954,302.8],[-81.793696,41.180781,315.0],[-81.791815,41.179367,324.0],[-81.789749,41.177326,328.0],[-81.78949,41.174911,332.6],[-81.78949,41.172919,343.8],[-81.789543,41.170785,354.0],[-81.787157,41.16899,347.0],[-81.778712,41.168994,327.6],[-81.774032,41.168983,333.2],[-81.769715,41.168926,336.4],[-81.765417,41.168858,343.4],[-81.761706,41.168835,348.0],[-81.756015,41.16877,344.6],[-81.749202,41.168704,336.8],[-81.7426,41.168711,332.0],[-81.740035,41.164026,322.8],[-81.737171,41.160649,326.0],[-81.735916,41.156453,323.4],[-81.732099,41.15564,330.6],[-81.727784,41.155707,333.4],[-81.721779,41.155773,322.8],[-81.715294,41.155769,324.8],[-81.710335,41.155727,329.0],[-81.703334,41.155655,322.8],[-81.695925,41.155609,315.6],[-81.688524,41.155684,303.8],[-81.683881,41.156325,305.2],[-81.679007,41.155572,304.2],[-81.674736,41.155584,309.6],[-81.671029,41.155449,321.0],[-81.668153,41.155566,332.0],[-81.659756,41.155603,301.2],[-81.656928,41.152958,298.4],[-81.657135,41.149909,305.6],[-81.657236,41.145324,302.0],[-81.657318,41.141912,304.4],[-81.657404,41.138049,307.8],[-81.655304,41.13588,312.8],[-81.647682,41.135847,308.8],[-81.646277,41.135384,308.8],[-81.648482,41.132079,306.4],[-81.64856,41.128277,308.6],[-81.64825,41.125609,317.0],[-81.644538,41.125603,307.2],[-81.637942,41.125842,300.2],[-81.635119,41.126331,301.6],[-81.630156,41.126232,301.0],[-81.62458,41.126552,301.0],[-81.621212,41.125911,307.8],[-81.617803,41.127078,314.2],[-81.613144,41.125576,311.2],[-81.609772,41.125237,316.8],[-81.606243,41.12353,318.4],[-81.603754,41.120738,310.6],[-81.597376,41.120761,300.8],[-81.593626,41.120292,296.0],[-81.588535,41.117915,299.0],[-81.582788,41.115369,295.8],[-81.577576,41.113129,298.8],[-81.572057,41.110798,298.8],[-81.570984,41.110973,307.2],[-81.569221,41.109101,306.4],[-81.564904,41.105904,304.4],[-81.560941,41.103021,304.2],[-81.55787,41.100718,310.6],[-81.554677,41.09892,316.6],[-81.550977,41.098918,325.4],[-81.547197,41.098262,332.4],[-81.541389,41.095625,327.2],[-81.53325,41.092215,302.4],[-81.526305,41.091024,291.6],[-81.519149,41.091114,256.0],[-81.516338,41.08941,261.0],[-81.514088,41.088527,273.6],[-81.515448,41.087833,280.6],[-81.515383,41.088162,284.0],[-81.516088,41.090747,256.8],[-81.511712,41.090657,246.6],[-81.50769,41.089724,250.4],[-81.504652,41.088946,260.4],[-81.500598,41.089089,259.8],[-81.496694,41.088944,267.4],[-81.493284,41.087858,280.6],[-81.493168,41.087832,281.2],[-81.489143,41.087312,280.4],[-81.486508,41.086216,276.6],[-81.484092,41.086194,293.0],[-81.481969,41.087698,293.0],[-81.481035,41.088298,295.8],[-81.48148,41.088629,295.4],[-81.481974,41.088905,293.4],[-81.481902,41.088848,294.2]]}},{"type":"Feature","properties":{"date":"2026-08-25","source_file":"22.gpx","dist_m":207921,"vert_up_m":1343,"vert_down_m":1426,"points":532},"geometry":{"type":"LineString","coordinates":[[-81.481842,41.088833,309.4],[-81.481522,41.088665,309.4],[-81.481041,41.088268,314.8],[-81.480926,41.088249,315.8],[-81.479508,41.089207,320.4],[-81.477463,41.090553,325.2],[-81.474481,41.091747,328.2],[-81.474274,41.091694,328.8],[-81.471665,41.092312,329.6],[-81.468163,41.092998,331.6],[-81.464874,41.093628,333.0],[-81.461198,41.094269,334.8],[-81.457673,41.094997,337.2],[-81.454165,41.095672,339.8],[-81.450871,41.096304,341.6],[-81.447627,41.096982,343.6],[-81.443484,41.097728,345.8],[-81.440255,41.099174,348.8],[-81.437692,41.101139,349.4],[-81.436151,41.101448,349.2],[-81.432748,41.10125,357.0],[-81.430116,41.101207,367.4],[-81.428025,41.101166,378.2],[-81.424051,41.101082,378.8],[-81.418352,41.100948,371.2],[-81.414788,41.100887,364.8],[-81.40925,41.100784,362.0],[-81.404146,41.100696,363.8],[-81.398958,41.100594,364.8],[-81.393769,41.10046,360.2],[-81.387543,41.100288,357.8],[-81.385025,41.100254,351.2],[-81.378861,41.100227,348.4],[-81.373017,41.100162,348.0],[-81.367783,41.100094,345.8],[-81.36417,41.100056,347.4],[-81.359946,41.100037,352.2],[-81.354444,41.100018,348.8],[-81.349313,41.099991,349.4],[-81.346421,41.09993,347.2],[-81.341859,41.099926,350.6],[-81.337536,41.099873,354.8],[-81.333615,41.099854,359.2],[-81.32828,41.099831,356.6],[-81.32252,41.099773,353.4],[-81.317108,41.099708,353.6],[-81.310662,41.099625,347.0],[-81.304932,41.099602,342.6],[-81.299742,41.100183,340.6],[-81.295701,41.100246,343.6],[-81.291764,41.100178,350.8],[-81.28698,41.10009,352.4],[-81.281143,41.099991,346.6],[-81.273583,41.09985,331.8],[-81.268408,41.099724,335.0],[-81.263872,41.099614,338.4],[-81.2589,41.099496,338.4],[-81.253706,41.099369,341.2],[-81.249603,41.099308,344.4],[-81.24601,41.099239,347.8],[-81.242882,41.099163,349.2],[-81.237046,41.099113,342.4],[-81.231812,41.099033,346.4],[-81.228287,41.098957,353.6],[-81.2249,41.0989,363.0],[-81.220483,41.098812,363.8],[-81.214478,41.098629,361.6],[-81.209962,41.09853,365.4],[-81.205552,41.098419,370.4],[-81.199555,41.098305,361.6],[-81.193896,41.098206,356.8],[-81.185708,41.09845,345.0],[-81.180557,41.098621,348.0],[-81.177064,41.098755,354.2],[-81.172547,41.098869,355.2],[-81.167732,41.099033,360.6],[-81.163086,41.099167,362.4],[-81.158997,41.099304,368.2],[-81.154449,41.099445,369.6],[-81.149548,41.099602,372.2],[-81.145103,41.099606,377.0],[-81.139414,41.099518,379.0],[-81.132899,41.099432,370.2],[-81.126729,41.099377,361.6],[-81.119482,41.099293,348.8],[-81.113916,41.099232,351.8],[-81.107111,41.099194,336.6],[-81.102311,41.099148,342.8],[-81.097741,41.099091,345.2],[-81.093736,41.099064,349.2],[-81.089448,41.099045,355.2],[-81.08513,41.099018,360.8],[-81.081162,41.099007,368.2],[-81.077523,41.098984,375.6],[-81.072525,41.098965,375.0],[-81.064584,41.098927,348.2],[-81.056717,41.098896,342.0],[-81.050453,41.098866,333.4],[-81.04361,41.098835,323.8],[-81.037262,41.098797,321.4],[-81.031385,41.09877,318.6],[-81.02565,41.098743,319.4],[-81.019586,41.098717,315.4],[-81.013421,41.098721,309.8],[-81.008478,41.098705,309.8],[-81.003998,41.098698,313.4],[-80.998952,41.097959,313.2],[-80.993645,41.096864,313.4],[-80.988807,41.095846,313.6],[-80.983352,41.09469,308.4],[-80.977934,41.094558,311.2],[-80.974098,41.0952,311.8],[-80.975205,41.093682,317.2],[-80.973309,41.091414,319.2],[-80.971802,41.087964,318.4],[-80.968171,41.087731,325.2],[-80.963738,41.086369,320.8],[-80.959023,41.08498,319.2],[-80.955034,41.08379,323.0],[-80.951027,41.082554,326.2],[-80.947159,41.081398,326.6],[-80.942979,41.080143,330.0],[-80.938707,41.078839,332.8],[-80.934907,41.077709,338.4],[-80.931511,41.076656,341.0],[-80.927858,41.07557,346.4],[-80.923538,41.07423,348.2],[-80.919144,41.072967,350.2],[-80.914711,41.071621,355.0],[-80.910224,41.070297,354.6],[-80.905082,41.068745,354.0],[-80.900894,41.067467,358.6],[-80.895618,41.065892,356.4],[-80.889099,41.063933,346.2],[-80.8833,41.062189,341.2],[-80.877149,41.060525,335.8],[-80.872028,41.058793,335.4],[-80.866476,41.057104,331.0],[-80.86115,41.055494,331.4],[-80.856006,41.053941,327.8],[-80.851147,41.052457,329.4],[-80.847573,41.049595,326.2],[-80.841646,41.048677,309.0],[-80.835626,41.048685,307.6],[-80.830634,41.048021,308.2],[-80.824578,41.046604,299.2],[-80.820824,41.044716,306.2],[-80.817406,41.042831,310.6],[-80.815368,41.041698,320.4],[-80.811806,41.040459,327.8],[-80.80783,41.039284,329.2],[-80.804405,41.038223,341.6],[-80.801903,41.037479,349.8],[-80.798612,41.036459,355.0],[-80.796144,41.035584,366.0],[-80.792045,41.033664,362.0],[-80.787969,41.03124,367.8],[-80.787181,41.028464,372.0],[-80.78262,41.029022,365.6],[-80.778696,41.029711,358.2],[-80.777242,41.028835,361.4],[-80.775355,41.025989,365.0],[-80.773531,41.023281,369.2],[-80.771516,41.020292,372.2],[-80.769536,41.017336,371.2],[-80.767073,41.01364,369.8],[-80.765008,41.009517,366.8],[-80.764133,41.004934,359.4],[-80.763687,41.001015,361.8],[-80.763771,40.996949,363.4],[-80.76387,40.992665,359.4],[-80.763916,40.988724,358.4],[-80.759415,40.988164,358.6],[-80.758084,40.984907,365.8],[-80.75707,40.982129,374.8],[-80.7556,40.978599,375.6],[-80.75383,40.975006,381.8],[-80.752136,40.971558,385.0],[-80.750259,40.967823,383.4],[-80.748238,40.963901,385.6],[-80.745773,40.960506,386.0],[-80.743424,40.957352,389.6],[-80.740997,40.954094,392.2],[-80.738056,40.95019,385.0],[-80.73488,40.945941,375.6],[-80.732227,40.941608,369.4],[-80.728637,40.937166,364.2],[-80.725212,40.934143,367.6],[-80.722038,40.930698,370.8],[-80.719762,40.927533,375.8],[-80.718319,40.924986,386.0],[-80.716503,40.921382,379.6],[-80.713064,40.916486,370.8],[-80.709327,40.911209,356.8],[-80.704254,40.907223,344.6],[-80.69944,40.903469,333.2],[-80.69857,40.901466,342.2],[-80.698388,40.901399,343.8],[-80.697669,40.900212,348.2],[-80.695686,40.896595,355.6],[-80.694388,40.894226,362.8],[-80.69355,40.890369,368.6],[-80.693626,40.888023,366.0],[-80.693596,40.887615,365.8],[-80.690933,40.885227,355.6],[-80.686599,40.882783,356.0],[-80.683318,40.880912,358.4],[-80.679139,40.878526,358.6],[-80.674476,40.875946,359.6],[-80.671431,40.874221,366.0],[-80.667617,40.872089,371.4],[-80.664084,40.870094,376.0],[-80.658476,40.866981,361.0],[-80.654639,40.864822,372.8],[-80.65032,40.862429,375.6],[-80.644537,40.859195,361.8],[-80.638877,40.856067,361.2],[-80.633764,40.853236,353.2],[-80.627683,40.850009,346.6],[-80.619984,40.847796,335.6],[-80.612608,40.845564,326.2],[-80.610348,40.846023,339.4],[-80.608698,40.845879,357.4],[-80.606757,40.845715,369.2],[-80.604484,40.845833,386.0],[-80.59943,40.847623,367.2],[-80.596336,40.848305,379.8],[-80.58999,40.846081,355.0],[-80.58309,40.846214,346.6],[-80.578253,40.84497,348.2],[-80.571028,40.842484,326.6],[-80.566333,40.840891,326.8],[-80.561416,40.838557,325.2],[-80.557972,40.835502,319.4],[-80.552263,40.834287,317.8],[-80.547021,40.832987,316.2],[-80.54285,40.832653,322.0],[-80.54013,40.832626,325.0],[-80.536589,40.832589,330.6],[-80.532691,40.832493,336.6],[-80.527465,40.832443,335.0],[-80.525672,40.830486,342.0],[-80.523452,40.829567,353.6],[-80.521613,40.828964,370.0],[-80.519585,40.827903,380.8],[-80.516076,40.826642,368.0],[-80.513786,40.826424,384.2],[-80.508871,40.825839,375.2],[-80.502562,40.827026,361.4],[-80.498649,40.8274,366.8],[-80.495344,40.826751,372.0],[-80.491118,40.825603,373.2],[-80.4865,40.82455,367.0],[-80.479466,40.823287,350.4],[-80.472509,40.824294,316.4],[-80.468264,40.822695,314.2],[-80.464576,40.819992,313.6],[-80.460526,40.817339,311.0],[-80.456747,40.81369,303.6],[-80.454101,40.810207,306.0],[-80.450529,40.807546,301.2],[-80.443801,40.807377,292.2],[-80.438415,40.807499,295.4],[-80.433284,40.808182,293.4],[-80.428637,40.80865,292.8],[-80.425486,40.808256,295.4],[-80.422945,40.807681,292.8],[-80.422347,40.804294,297.6],[-80.417215,40.803742,294.8],[-80.413947,40.802509,301.0],[-80.410101,40.80062,295.0],[-80.407951,40.799625,309.4],[-80.407098,40.799442,315.2],[-80.40545,40.798626,328.6],[-80.403634,40.798023,339.4],[-80.401963,40.797425,355.0],[-80.400281,40.79614,362.8],[-80.396536,40.79396,363.0],[-80.394165,40.793005,369.6],[-80.390517,40.791572,375.8],[-80.38725,40.790265,378.4],[-80.38278,40.789459,381.6],[-80.378721,40.789032,381.2],[-80.373883,40.788066,377.2],[-80.368948,40.786464,373.8],[-80.362005,40.782584,343.6],[-80.359892,40.781902,360.2],[-80.356757,40.781609,369.4],[-80.352109,40.781714,369.4],[-80.346125,40.781938,368.0],[-80.345337,40.780084,345.2],[-80.344759,40.780328,357.2],[-80.338068,40.777041,315.8],[-80.332559,40.775647,283.0],[-80.330352,40.77308,279.2],[-80.328535,40.770129,276.2],[-80.32555,40.76637,269.4],[-80.321911,40.764065,264.6],[-80.319344,40.763438,263.2],[-80.319397,40.76004,268.2],[-80.319496,40.756572,272.4],[-80.319645,40.753317,273.4],[-80.319687,40.748472,258.0],[-80.320118,40.743751,250.0],[-80.319214,40.740701,258.6],[-80.315892,40.736721,254.0],[-80.312675,40.733401,252.0],[-80.310119,40.730764,251.4],[-80.3083,40.731013,253.0],[-80.306052,40.73193,266.0],[-80.302238,40.732219,259.2],[-80.30065,40.731403,274.0],[-80.299024,40.7304,290.6],[-80.296168,40.730461,301.0],[-80.293987,40.727681,294.0],[-80.292121,40.724917,307.2],[-80.290259,40.722293,309.2],[-80.28697,40.717557,291.2],[-80.286957,40.714348,291.4],[-80.286857,40.714324,292.8],[-80.284388,40.710395,281.0],[-80.284749,40.708043,288.8],[-80.286462,40.70543,276.2],[-80.286325,40.702449,258.4],[-80.283637,40.698914,256.0],[-80.281112,40.693447,240.4],[-80.279661,40.691131,241.2],[-80.275137,40.689086,242.6],[-80.274862,40.688934,242.6],[-80.270888,40.687011,244.4],[-80.266776,40.684341,247.0],[-80.26574,40.682156,257.8],[-80.26119,40.678212,251.4],[-80.259857,40.674055,249.8],[-80.259125,40.669933,253.8],[-80.257277,40.665375,252.4],[-80.254751,40.660274,244.6],[-80.251821,40.65548,237.6],[-80.249171,40.65086,236.2],[-80.246932,40.646176,236.0],[-80.246078,40.64154,237.6],[-80.245613,40.638083,247.6],[-80.244644,40.633196,243.2],[-80.244339,40.627914,243.0],[-80.243973,40.622693,240.6],[-80.24343,40.617607,237.4],[-80.2425,40.612897,237.0],[-80.242264,40.607985,236.8],[-80.242065,40.602918,237.8],[-80.241913,40.598361,242.2],[-80.241043,40.593345,241.4],[-80.237414,40.59227,250.8],[-80.231551,40.592789,246.8],[-80.227109,40.593644,250.6],[-80.225485,40.59195,254.2],[-80.224747,40.58783,257.0],[-80.224266,40.583371,256.0],[-80.221421,40.579789,245.2],[-80.220934,40.577025,245.8],[-80.219649,40.574717,253.8],[-80.215487,40.570717,244.0],[-80.211293,40.567609,243.6],[-80.20699,40.564901,244.8],[-80.204391,40.562801,247.4],[-80.201138,40.5594,241.2],[-80.196958,40.556292,237.8],[-80.19312,40.553102,237.2],[-80.189826,40.54918,244.0],[-80.187412,40.545026,250.0],[-80.183506,40.542402,253.8],[-80.180603,40.540363,253.6],[-80.177671,40.537401,254.8],[-80.173862,40.534048,250.2],[-80.168567,40.531317,250.4],[-80.163806,40.529016,253.8],[-80.158151,40.526094,239.2],[-80.151503,40.523601,242.8],[-80.146365,40.522466,255.2],[-80.141388,40.520845,255.4],[-80.13243,40.517966,241.4],[-80.124548,40.516372,246.8],[-80.117386,40.514887,242.2],[-80.110183,40.513275,243.6],[-80.104739,40.512195,256.8],[-80.103797,40.512292,263.8],[-80.102003,40.513085,273.6],[-80.098828,40.513165,275.6],[-80.095167,40.51331,279.0],[-80.090243,40.511477,271.4],[-80.085743,40.509485,272.0],[-80.081739,40.50777,278.2],[-80.078595,40.507247,288.4],[-80.07494,40.506624,290.2],[-80.073484,40.503391,281.6],[-80.071234,40.502566,294.6],[-80.068613,40.501626,298.6],[-80.065786,40.500125,302.8],[-80.062062,40.498644,304.0],[-80.058315,40.496919,301.8],[-80.055577,40.495562,305.8],[-80.051663,40.49362,305.8],[-80.047758,40.489854,289.2],[-80.04349,40.48623,286.8],[-80.041375,40.482645,284.0],[-80.041359,40.480781,286.4],[-80.040282,40.477313,287.2],[-80.037062,40.475009,263.8],[-80.036554,40.472821,233.6],[-80.040267,40.472251,229.0],[-80.043273,40.471448,223.0],[-80.041341,40.468404,224.0],[-80.038594,40.465218,226.6],[-80.035917,40.461514,226.4],[-80.034538,40.458156,229.0],[-80.032158,40.458105,234.4],[-80.031283,40.455137,235.8],[-80.031509,40.452336,235.2],[-80.030522,40.450467,226.4],[-80.026944,40.448046,229.8],[-80.022923,40.446537,232.0],[-80.018475,40.445346,231.2],[-80.014004,40.444737,228.8],[-80.009426,40.445295,231.6],[-80.004499,40.446264,230.2],[-80.001345,40.447377,233.6],[-79.997455,40.44895,231.4],[-79.993588,40.450965,231.0],[-79.990247,40.453906,232.0],[-79.986362,40.456916,231.8],[-79.982518,40.460056,228.4],[-79.979926,40.463545,227.2],[-79.980368,40.462976,227.8],[-79.97936,40.464478,243.0],[-79.977056,40.463504,254.4],[-79.973483,40.461494,250.2],[-79.97132,40.459802,239.0],[-79.968351,40.461858,242.6],[-79.967719,40.462265,244.8],[-79.96596,40.461708,258.2],[-79.963224,40.461933,270.0],[-79.960453,40.462292,282.2],[-79.957372,40.462758,293.2],[-79.952938,40.463551,295.4],[-79.950469,40.463133,303.8],[-79.948515,40.463225,306.2],[-79.945628,40.462317,308.0],[-79.940746,40.46215,309.2],[-79.935891,40.461723,305.2],[-79.930019,40.459819,286.2],[-79.926693,40.460454,286.6],[-79.924503,40.461184,290.6],[-79.922507,40.460852,293.0],[-79.919093,40.460555,292.8],[-79.915923,40.460747,292.0],[-79.913813,40.460413,295.8],[-79.908272,40.45869,288.0],[-79.906085,40.458301,288.6],[-79.904096,40.457985,284.4],[-79.899458,40.457107,289.8],[-79.895784,40.456251,293.8],[-79.890556,40.455066,292.6],[-79.885965,40.45404,298.8],[-79.881945,40.454512,302.6],[-79.879096,40.455877,310.4],[-79.876517,40.457739,313.2],[-79.874166,40.459531,328.8],[-79.872151,40.460904,341.0],[-79.869467,40.461017,354.0],[-79.867354,40.460838,362.6],[-79.866997,40.460659,365.2],[-79.86631,40.461011,366.2],[-79.865181,40.462425,357.4],[-79.865261,40.462357,357.4],[-79.862989,40.467457,303.8],[-79.858105,40.472717,272.4],[-79.85008,40.474698,257.0],[-79.84748,40.476411,255.8],[-79.846204,40.477888,273.8],[-79.843969,40.477596,288.4],[-79.841872,40.477799,302.0],[-79.839926,40.478394,318.4],[-79.838362,40.479582,335.2],[-79.835994,40.480491,347.4],[-79.830973,40.480894,345.4],[-79.82722,40.481965,353.4],[-79.823849,40.483175,361.6],[-79.820141,40.483991,373.8],[-79.816624,40.48461,385.8],[-79.81299,40.483986,393.8],[-79.809566,40.482696,380.4],[-79.804818,40.481395,385.4],[-79.800268,40.479405,383.2],[-79.795358,40.47603,381.8],[-79.789474,40.475946,373.8],[-79.784855,40.47745,368.8],[-79.782211,40.476547,380.4],[-79.773702,40.475123,351.6],[-79.769713,40.475157,372.4],[-79.763311,40.476448,344.6],[-79.759566,40.476886,316.6],[-79.758062,40.476292,334.2],[-79.755826,40.476677,355.6],[-79.752437,40.477457,357.2],[-79.748314,40.477424,355.4],[-79.742184,40.477413,349.8],[-79.738538,40.477642,357.8],[-79.736205,40.47773,376.8],[-79.734365,40.478608,394.8],[-79.726592,40.480268,354.0],[-79.723127,40.48227,362.8],[-79.721014,40.482785,383.8],[-79.714901,40.48465,363.6],[-79.714012,40.485829,373.2],[-79.714567,40.485399,371.6],[-79.713019,40.48676,385.2],[-79.711253,40.488154,397.4],[-79.706783,40.489326,396.4],[-79.701535,40.489633,389.6],[-79.697224,40.49014,397.8],[-79.693688,40.491263,403.8],[-79.688101,40.490039,397.2],[-79.679505,40.488972,355.4],[-79.675224,40.486199,346.8],[-79.674162,40.484813,360.0],[-79.670345,40.484405,362.8],[-79.663374,40.483794,350.0],[-79.661076,40.483662,363.6],[-79.658711,40.484856,374.8],[-79.654834,40.484431,382.6],[-79.654282,40.48468,377.8],[-79.654182,40.484772,376.2],[-79.654083,40.484924,375.8]]}},{"type":"Feature","properties":{"date":"2026-08-26","source_file":"23.gpx","dist_m":214683,"vert_up_m":1738,"vert_down_m":1981,"points":582},"geometry":{"type":"LineString","coordinates":[[-79.654289,40.484756,378.8],[-79.65455,40.48456,378.8],[-79.654467,40.484403,378.8],[-79.650406,40.480564,359.2],[-79.648494,40.479476,374.2],[-79.648236,40.479408,374.8],[-79.644977,40.478923,374.6],[-79.642371,40.478494,380.6],[-79.63962,40.477576,390.2],[-79.637846,40.477034,402.6],[-79.633199,40.477272,390.4],[-79.628525,40.477288,393.8],[-79.624451,40.476344,392.2],[-79.61971,40.475271,398.2],[-79.613933,40.47632,383.4],[-79.6095,40.476678,379.6],[-79.603423,40.47602,375.2],[-79.598391,40.477777,371.6],[-79.59494,40.479198,377.2],[-79.591562,40.481102,371.8],[-79.585471,40.483716,349.4],[-79.580651,40.485662,353.2],[-79.5748,40.488103,339.8],[-79.573162,40.489394,353.2],[-79.571197,40.489861,365.6],[-79.56806,40.489329,371.0],[-79.561514,40.48755,340.8],[-79.555417,40.485599,323.8],[-79.552794,40.484934,329.4],[-79.550385,40.484591,338.0],[-79.546989,40.483938,340.4],[-79.544576,40.485042,350.0],[-79.543147,40.486167,365.0],[-79.541323,40.486748,379.2],[-79.539284,40.486998,391.4],[-79.537753,40.487666,395.2],[-79.534833,40.48849,397.4],[-79.531737,40.487833,403.8],[-79.529256,40.487261,412.4],[-79.526009,40.486386,416.0],[-79.51942,40.484326,381.2],[-79.511138,40.483333,365.2],[-79.502989,40.482041,338.2],[-79.497289,40.483586,337.0],[-79.49178,40.484849,333.0],[-79.488393,40.488,327.8],[-79.486499,40.490524,334.4],[-79.484424,40.49087,344.6],[-79.482706,40.490206,358.4],[-79.478971,40.4889,350.8],[-79.469035,40.488037,303.6],[-79.463604,40.488397,305.8],[-79.459483,40.489142,307.8],[-79.459724,40.489339,308.6],[-79.459708,40.489224,308.2],[-79.454262,40.48943,289.4],[-79.454447,40.486325,267.4],[-79.451224,40.486405,268.8],[-79.449761,40.485456,277.2],[-79.448221,40.485814,291.2],[-79.446771,40.486515,303.6],[-79.444787,40.487414,313.8],[-79.442716,40.488404,321.0],[-79.439806,40.489799,323.8],[-79.438051,40.490576,339.0],[-79.436817,40.491347,353.6],[-79.43392,40.492322,347.8],[-79.426083,40.494726,318.6],[-79.423021,40.496082,325.8],[-79.42119,40.496676,337.0],[-79.41898,40.496301,343.6],[-79.417408,40.495069,352.6],[-79.415375,40.494538,362.2],[-79.41211,40.494516,364.6],[-79.408307,40.494717,360.4],[-79.407158,40.49343,374.8],[-79.404984,40.492352,382.8],[-79.399064,40.492498,368.0],[-79.394568,40.49423,367.4],[-79.391508,40.495847,356.8],[-79.387861,40.496985,367.4],[-79.384669,40.497906,375.8],[-79.379592,40.500736,367.0],[-79.37732,40.501401,379.6],[-79.373469,40.50324,378.8],[-79.371279,40.503907,392.6],[-79.368555,40.504774,397.8],[-79.364084,40.507246,395.8],[-79.362645,40.509173,406.8],[-79.359845,40.510886,405.6],[-79.354154,40.511776,395.6],[-79.352021,40.513187,403.0],[-79.350075,40.514282,415.6],[-79.345809,40.516005,416.0],[-79.341627,40.516591,422.6],[-79.33727,40.516455,423.2],[-79.335489,40.515032,436.2],[-79.331389,40.51295,424.8],[-79.327726,40.51011,424.4],[-79.323862,40.509354,418.0],[-79.320554,40.509003,411.6],[-79.316545,40.507486,409.8],[-79.313625,40.507076,411.8],[-79.305837,40.505148,359.6],[-79.303408,40.504396,373.2],[-79.300855,40.503874,378.0],[-79.294027,40.502851,338.2],[-79.293559,40.499787,313.6],[-79.293269,40.496894,310.6],[-79.290929,40.494093,309.2],[-79.289844,40.492498,319.2],[-79.287222,40.491441,324.6],[-79.284113,40.489746,323.6],[-79.281641,40.488847,335.2],[-79.278853,40.48799,341.8],[-79.274919,40.488752,317.4],[-79.272006,40.486848,323.0],[-79.27045,40.485374,331.0],[-79.269414,40.483867,344.6],[-79.269104,40.485457,353.0],[-79.269037,40.48595,355.6],[-79.266925,40.485275,366.6],[-79.26297,40.483018,361.0],[-79.257149,40.481662,328.8],[-79.255596,40.482341,337.6],[-79.254457,40.485382,335.6],[-79.252506,40.48541,352.2],[-79.250119,40.487043,357.2],[-79.246476,40.487377,361.4],[-79.244022,40.487362,373.8],[-79.241637,40.485709,369.8],[-79.234722,40.484316,314.4],[-79.232854,40.485132,329.0],[-79.23004,40.485789,336.6],[-79.227266,40.485809,341.2],[-79.224916,40.483884,351.8],[-79.222919,40.483335,368.6],[-79.220636,40.481991,378.4],[-79.218353,40.482118,374.4],[-79.215608,40.480829,377.0],[-79.212468,40.480126,354.2],[-79.207357,40.479029,349.4],[-79.20567,40.474412,317.6],[-79.20172,40.473237,318.2],[-79.197871,40.471887,319.2],[-79.195108,40.47266,322.8],[-79.192061,40.474157,316.8],[-79.18934,40.474429,318.2],[-79.185601,40.473976,319.0],[-79.181347,40.474214,319.8],[-79.178559,40.476868,320.2],[-79.174847,40.478869,321.4],[-79.17069,40.480246,319.8],[-79.167153,40.482241,320.4],[-79.165454,40.485425,322.2],[-79.16198,40.487069,323.8],[-79.157383,40.487252,326.4],[-79.154839,40.484838,328.4],[-79.155291,40.481443,330.0],[-79.151244,40.480063,332.0],[-79.146712,40.479122,338.0],[-79.143454,40.4768,342.8],[-79.139435,40.475383,349.2],[-79.135767,40.477328,352.2],[-79.13129,40.478663,354.4],[-79.12773,40.480361,359.0],[-79.124249,40.477939,363.8],[-79.121927,40.474769,366.8],[-79.117945,40.473482,372.8],[-79.113733,40.472015,378.6],[-79.109285,40.471766,383.8],[-79.105015,40.473152,385.6],[-79.100109,40.472801,389.2],[-79.095505,40.473457,393.6],[-79.09272,40.474254,394.8],[-79.089365,40.476987,397.2],[-79.086658,40.480027,398.6],[-79.082921,40.483056,398.0],[-79.079424,40.486106,398.8],[-79.075001,40.487743,399.6],[-79.070091,40.486824,399.4],[-79.064909,40.48584,400.8],[-79.059951,40.484962,402.4],[-79.055498,40.483507,407.8],[-79.051867,40.481151,412.0],[-79.047018,40.481007,413.0],[-79.042074,40.480738,413.0],[-79.037997,40.478477,415.4],[-79.033566,40.476863,415.8],[-79.028696,40.476416,419.4],[-79.025333,40.479209,417.6],[-79.020583,40.479221,418.0],[-79.01805,40.475957,418.0],[-79.014916,40.47342,418.2],[-79.013928,40.473672,420.6],[-79.010553,40.475632,416.6],[-79.005915,40.474567,416.0],[-79.002438,40.472043,419.0],[-79.000364,40.468885,421.0],[-79.00018,40.468768,422.8],[-78.998706,40.466075,420.6],[-78.995034,40.465113,421.8],[-78.990501,40.466977,424.4],[-78.985211,40.467332,427.0],[-78.980204,40.467006,425.0],[-78.974913,40.466318,421.8],[-78.970607,40.465233,423.8],[-78.968654,40.462795,425.2],[-78.966987,40.459127,423.6],[-78.963117,40.459224,424.0],[-78.960011,40.46199,425.2],[-78.9567,40.465269,426.6],[-78.954849,40.469335,425.6],[-78.950677,40.471197,427.6],[-78.946007,40.470764,423.6],[-78.942349,40.472971,427.6],[-78.943497,40.476898,425.4],[-78.943308,40.480772,424.6],[-78.940547,40.484615,426.4],[-78.935991,40.483996,428.4],[-78.931623,40.48211,429.6],[-78.92703,40.483686,430.0],[-78.922969,40.484137,432.0],[-78.921158,40.483303,432.2],[-78.917968,40.481499,433.2],[-78.913225,40.481329,435.0],[-78.90832,40.481985,437.6],[-78.905485,40.484994,444.0],[-78.901793,40.487003,444.8],[-78.897684,40.485559,451.6],[-78.893956,40.483936,453.6],[-78.890193,40.483794,458.6],[-78.88743,40.485463,463.6],[-78.883708,40.485059,468.4],[-78.880123,40.486319,474.0],[-78.876108,40.487231,481.2],[-78.871826,40.487775,487.6],[-78.868359,40.489096,495.8],[-78.865309,40.491141,503.2],[-78.86139,40.490437,511.0],[-78.857705,40.488322,514.0],[-78.854216,40.485725,519.0],[-78.84971,40.483808,523.8],[-78.845246,40.481711,524.6],[-78.842735,40.477784,524.0],[-78.841876,40.476294,523.2],[-78.838806,40.473414,523.2],[-78.835143,40.47153,526.6],[-78.833546,40.470317,524.8],[-78.830357,40.467641,525.2],[-78.827061,40.464819,526.8],[-78.822749,40.462235,524.6],[-78.81725,40.460759,525.2],[-78.812123,40.459684,530.4],[-78.807956,40.458256,533.2],[-78.803164,40.457785,536.6],[-78.798343,40.457478,544.8],[-78.793401,40.458375,549.2],[-78.78869,40.458778,552.8],[-78.785198,40.461298,558.2],[-78.781897,40.464208,563.2],[-78.779514,40.467379,570.0],[-78.780614,40.470967,571.4],[-78.77714,40.473525,577.8],[-78.772814,40.475545,581.6],[-78.77041,40.478911,587.8],[-78.767478,40.482052,589.6],[-78.764019,40.484889,595.6],[-78.759329,40.485564,600.4],[-78.754832,40.484273,604.0],[-78.750543,40.482265,611.0],[-78.745848,40.482056,615.6],[-78.74112,40.481944,618.4],[-78.736759,40.481819,624.8],[-78.732467,40.481874,628.0],[-78.728868,40.481918,629.8],[-78.725065,40.481564,632.4],[-78.724991,40.48326,654.8],[-78.723297,40.48341,647.0],[-78.721942,40.484276,644.2],[-78.718767,40.484234,638.6],[-78.713877,40.482372,608.6],[-78.709724,40.481435,618.6],[-78.706275,40.4794,620.0],[-78.702846,40.478355,628.4],[-78.699082,40.478476,633.6],[-78.69157,40.477316,594.2],[-78.689215,40.473509,602.2],[-78.68838,40.471907,615.4],[-78.685872,40.469392,607.6],[-78.675959,40.463918,522.4],[-78.671903,40.465306,538.6],[-78.669096,40.46637,543.8],[-78.666519,40.467069,558.8],[-78.664075,40.467375,568.4],[-78.660838,40.467924,577.0],[-78.658822,40.468221,595.2],[-78.656639,40.468486,606.6],[-78.653185,40.468407,615.8],[-78.649037,40.468036,617.8],[-78.644042,40.467242,619.2],[-78.639214,40.4667,619.2],[-78.636619,40.466326,631.2],[-78.632933,40.465795,633.2],[-78.627519,40.464019,627.4],[-78.624492,40.461853,634.8],[-78.620632,40.460225,631.4],[-78.614552,40.460033,624.0],[-78.609222,40.460684,627.4],[-78.605862,40.461126,638.2],[-78.601067,40.460477,633.2],[-78.595444,40.460277,620.6],[-78.595659,40.459942,621.0],[-78.595671,40.459912,621.2],[-78.593822,40.46032,620.8],[-78.591686,40.459804,619.6],[-78.589726,40.461572,619.6],[-78.587909,40.464053,625.0],[-78.586823,40.466114,637.4],[-78.58376,40.469423,632.4],[-78.581797,40.471951,645.8],[-78.579151,40.473541,647.6],[-78.576415,40.476011,647.6],[-78.573089,40.47793,648.6],[-78.567227,40.481991,614.0],[-78.565333,40.481592,624.6],[-78.56388,40.481975,641.4],[-78.562892,40.483525,653.6],[-78.560026,40.483867,660.6],[-78.556863,40.482465,662.0],[-78.553588,40.481483,656.6],[-78.551225,40.481213,663.0],[-78.549655,40.481338,684.6],[-78.548165,40.481045,700.6],[-78.54753,40.480914,708.4],[-78.545394,40.480579,713.8],[-78.541878,40.478989,712.4],[-78.53957,40.47531,711.2],[-78.531977,40.474815,645.2],[-78.524362,40.479065,620.4],[-78.513042,40.476347,546.4],[-78.503868,40.475435,509.6],[-78.494275,40.474852,474.2],[-78.486754,40.472011,451.8],[-78.479421,40.469416,433.4],[-78.472818,40.468577,426.2],[-78.465377,40.469449,413.4],[-78.456461,40.470187,387.8],[-78.448545,40.469459,372.4],[-78.440518,40.467633,356.8],[-78.438534,40.470283,361.6],[-78.437863,40.472652,376.8],[-78.436641,40.474652,386.8],[-78.431819,40.478477,364.0],[-78.428771,40.482124,363.2],[-78.425828,40.484451,366.0],[-78.422805,40.485962,369.6],[-78.421008,40.488577,375.8],[-78.41903,40.493156,369.8],[-78.417422,40.494179,372.8],[-78.415373,40.496538,367.6],[-78.411706,40.495279,362.0],[-78.408995,40.496622,360.0],[-78.406653,40.499267,359.2],[-78.404103,40.501736,361.8],[-78.402256,40.502676,366.4],[-78.400153,40.505058,372.4],[-78.398711,40.506633,382.6],[-78.397567,40.507876,388.8],[-78.395449,40.508775,397.0],[-78.393592,40.508232,407.6],[-78.391803,40.509891,414.8],[-78.389688,40.512302,411.2],[-78.386033,40.512345,392.8],[-78.382086,40.512024,370.8],[-78.379538,40.513449,368.2],[-78.377329,40.515709,369.8],[-78.37567,40.517515,373.4],[-78.37372,40.518332,377.2],[-78.373967,40.518635,376.2],[-78.372164,40.517785,384.4],[-78.37037,40.516805,394.4],[-78.368285,40.516784,413.6],[-78.366365,40.516512,428.0],[-78.364724,40.515687,441.2],[-78.363245,40.51476,454.4],[-78.362049,40.514172,461.4],[-78.36157,40.513101,470.6],[-78.359184,40.510814,472.2],[-78.357389,40.509417,480.4],[-78.355022,40.508665,489.2],[-78.352704,40.508261,498.8],[-78.350375,40.508205,516.2],[-78.347917,40.508094,528.0],[-78.345239,40.507716,534.4],[-78.342584,40.507144,546.0],[-78.338021,40.507286,547.0],[-78.334294,40.508521,554.6],[-78.329675,40.510448,553.8],[-78.322851,40.513801,538.4],[-78.314614,40.516956,506.4],[-78.305313,40.519825,484.0],[-78.300899,40.525462,457.4],[-78.29544,40.530796,433.6],[-78.29216,40.537331,412.0],[-78.290768,40.542253,410.6],[-78.287986,40.547225,408.6],[-78.284094,40.553045,391.8],[-78.279571,40.558795,374.4],[-78.27492,40.564426,358.8],[-78.271729,40.569116,361.2],[-78.268172,40.574009,355.6],[-78.26375,40.578666,345.6],[-78.256964,40.581623,337.8],[-78.250954,40.583569,332.0],[-78.245651,40.586259,327.4],[-78.240254,40.589716,324.2],[-78.233701,40.592005,316.4],[-78.227714,40.594516,309.8],[-78.221936,40.596909,302.8],[-78.215851,40.597883,296.0],[-78.211903,40.601099,293.8],[-78.205903,40.60261,289.6],[-78.202502,40.607069,282.2],[-78.198707,40.610538,281.2],[-78.193394,40.608404,278.6],[-78.188406,40.611292,273.2],[-78.182652,40.613228,268.4],[-78.176701,40.614129,264.0],[-78.172462,40.612747,270.4],[-78.1696,40.61118,271.0],[-78.168581,40.609081,282.8],[-78.165406,40.609821,271.6],[-78.160551,40.61108,248.6],[-78.154696,40.612028,245.2],[-78.151936,40.61395,257.6],[-78.146527,40.612439,244.2],[-78.141429,40.612474,241.2],[-78.13757,40.610062,239.8],[-78.133951,40.609832,246.8],[-78.134329,40.610011,251.6],[-78.133928,40.609954,250.4],[-78.13217,40.610915,255.8],[-78.13237,40.614612,245.0],[-78.131199,40.61748,250.2],[-78.127396,40.6193,246.4],[-78.123682,40.621598,246.4],[-78.119917,40.623642,251.6],[-78.116539,40.625252,257.6],[-78.113152,40.627241,262.0],[-78.110214,40.62917,263.8],[-78.107113,40.630249,269.6],[-78.106001,40.632588,262.8],[-78.105176,40.635562,266.0],[-78.10293,40.638413,264.4],[-78.099315,40.638047,269.4],[-78.096594,40.638839,274.8],[-78.095173,40.640782,280.6],[-78.093628,40.642831,285.0],[-78.090608,40.646223,278.0],[-78.087144,40.648438,281.0],[-78.084602,40.649292,291.2],[-78.083195,40.650536,299.2],[-78.082127,40.652792,304.6],[-78.081156,40.654883,309.2],[-78.081278,40.657161,315.2],[-78.081385,40.659075,324.8],[-78.080034,40.660353,332.0],[-78.078537,40.661638,338.2],[-78.07682,40.662914,347.8],[-78.074389,40.664424,350.0],[-78.069889,40.666913,339.6],[-78.065035,40.66954,330.2],[-78.061954,40.67108,339.2],[-78.059143,40.672482,342.2],[-78.056291,40.673934,346.2],[-78.052844,40.675681,347.0],[-78.049163,40.678114,343.6],[-78.045288,40.680971,343.0],[-78.042983,40.682376,346.2],[-78.038002,40.685136,334.4],[-78.032487,40.688394,325.2],[-78.028841,40.690785,323.8],[-78.02495,40.692651,318.4],[-78.021826,40.69428,322.4],[-78.019436,40.695419,330.2],[-78.017078,40.696043,337.8],[-78.014607,40.696547,344.8],[-78.011784,40.697575,348.0],[-78.009464,40.698567,357.2],[-78.006596,40.699813,357.6],[-78.003082,40.701039,362.4],[-77.998818,40.701784,359.4],[-77.995263,40.702322,359.8],[-77.991729,40.702848,364.6],[-77.987146,40.703564,359.6],[-77.981618,40.704303,352.8],[-77.978208,40.704587,356.8],[-77.975668,40.705128,361.4],[-77.97328,40.70617,368.6],[-77.970882,40.707247,369.8],[-77.96787,40.708815,371.4],[-77.964881,40.710392,376.4],[-77.961346,40.711877,374.0],[-77.95682,40.712545,371.0],[-77.952822,40.713073,371.8],[-77.949363,40.713856,375.8],[-77.945572,40.714883,378.6],[-77.941708,40.71592,378.6],[-77.937774,40.716796,380.2],[-77.934301,40.717237,381.8],[-77.930486,40.718014,378.8],[-77.926856,40.718952,381.6],[-77.923645,40.719792,386.0],[-77.920527,40.72062,388.8],[-77.917569,40.721055,390.8],[-77.914713,40.721465,393.2],[-77.911174,40.723199,389.8],[-77.907028,40.72527,384.6],[-77.903784,40.726346,389.6],[-77.900431,40.728398,388.8],[-77.897377,40.730097,392.4],[-77.895346,40.731095,398.2],[-77.892893,40.732077,403.2],[-77.889494,40.733139,405.2],[-77.88586,40.733948,406.0],[-77.8815,40.737282,389.8],[-77.879166,40.739391,373.8],[-77.876591,40.742344,370.4],[-77.871928,40.746444,359.2],[-77.869278,40.750313,351.8],[-77.870848,40.75307,358.4],[-77.872143,40.754311,368.0],[-77.873297,40.755448,375.8],[-77.874626,40.756766,383.4],[-77.876314,40.758412,389.6],[-77.877205,40.760335,393.0],[-77.872777,40.762751,385.6],[-77.868642,40.764974,385.2],[-77.864521,40.767373,378.2],[-77.860866,40.769442,378.8],[-77.859217,40.770355,381.2],[-77.855166,40.772609,375.0],[-77.851151,40.776218,363.4],[-77.845866,40.776746,365.8],[-77.840027,40.779341,348.4],[-77.835861,40.783091,336.6],[-77.833885,40.785062,326.0],[-77.831305,40.784774,337.8],[-77.829008,40.784517,346.6],[-77.826557,40.784227,355.0],[-77.821839,40.783673,352.2],[-77.818922,40.783324,364.4],[-77.815838,40.782938,366.6],[-77.809776,40.782214,353.2],[-77.803119,40.781385,337.4],[-77.797508,40.779997,333.6],[-77.797626,40.77966,332.4],[-77.79739,40.779449,334.6],[-77.797493,40.779369,337.0],[-77.797614,40.779686,337.2],[-77.798645,40.780522,337.0],[-77.799794,40.784489,337.0],[-77.799657,40.788387,336.6],[-77.798647,40.793015,325.2],[-77.798399,40.794972,326.4],[-77.798125,40.797261,343.8],[-77.794489,40.797959,353.0],[-77.788709,40.798972,352.6],[-77.784182,40.799165,361.4],[-77.780226,40.799551,372.8],[-77.774556,40.798648,364.2],[-77.767879,40.798878,357.6],[-77.762268,40.799992,355.8],[-77.757865,40.800706,360.4],[-77.751762,40.802638,356.2],[-77.746993,40.805565,352.4],[-77.743532,40.808277,354.8],[-77.740456,40.810893,363.2],[-77.736661,40.813882,355.4],[-77.735888,40.814443,355.0],[-77.735578,40.814431,355.6]]}},{"type":"Feature","properties":{"date":"2026-08-27","source_file":"24.gpx","dist_m":195685,"vert_up_m":1469,"vert_down_m":1436,"points":491},"geometry":{"type":"LineString","coordinates":[[-77.73558,40.81456,352.4],[-77.735557,40.814805,352.4],[-77.734156,40.816157,364.0],[-77.732254,40.817782,372.2],[-77.729218,40.819926,372.0],[-77.725853,40.822305,378.6],[-77.723439,40.824184,385.8],[-77.721372,40.826174,392.4],[-77.718272,40.829474,381.2],[-77.715006,40.831843,386.4],[-77.712109,40.83345,394.8],[-77.709415,40.835091,403.6],[-77.707106,40.837137,411.2],[-77.703526,40.839126,411.4],[-77.698458,40.842045,401.6],[-77.694096,40.844585,402.6],[-77.68977,40.846894,403.0],[-77.687721,40.848135,402.6],[-77.683549,40.850799,399.4],[-77.679659,40.853674,397.4],[-77.674586,40.856591,392.2],[-77.670044,40.858657,394.4],[-77.665234,40.861186,388.8],[-77.660748,40.863247,391.2],[-77.656659,40.864917,395.0],[-77.652023,40.867169,391.6],[-77.646975,40.869616,388.8],[-77.64144,40.872276,384.2],[-77.635998,40.874881,378.2],[-77.630613,40.877131,374.0],[-77.625722,40.878979,371.4],[-77.623054,40.881613,372.0],[-77.619828,40.88435,378.0],[-77.616096,40.886196,379.4],[-77.610614,40.888006,373.0],[-77.606104,40.889548,375.6],[-77.602886,40.891103,380.4],[-77.597616,40.893624,370.0],[-77.594878,40.89494,375.2],[-77.590632,40.897037,374.0],[-77.587114,40.898881,375.0],[-77.583746,40.900611,383.2],[-77.580981,40.901857,392.0],[-77.575715,40.903535,383.8],[-77.572051,40.904643,393.6],[-77.567278,40.906425,394.6],[-77.561532,40.908236,388.8],[-77.557132,40.909629,392.0],[-77.552699,40.910993,395.4],[-77.546773,40.912698,387.6],[-77.541677,40.914395,386.8],[-77.537506,40.915761,391.6],[-77.532198,40.917431,389.6],[-77.527036,40.919019,385.2],[-77.521785,40.920661,384.4],[-77.517313,40.922057,384.8],[-77.517206,40.922677,389.2],[-77.514655,40.922914,389.2],[-77.509955,40.924364,386.2],[-77.505442,40.925766,385.4],[-77.500864,40.927199,389.0],[-77.495562,40.928857,377.0],[-77.491136,40.930251,383.8],[-77.486532,40.931698,383.2],[-77.480825,40.933482,374.2],[-77.477095,40.934637,385.0],[-77.47294,40.935931,386.4],[-77.468135,40.937419,384.4],[-77.462132,40.939286,379.0],[-77.457669,40.940719,382.6],[-77.454404,40.941769,385.2],[-77.449983,40.94316,389.0],[-77.445246,40.944686,385.2],[-77.440584,40.946002,387.6],[-77.435875,40.947223,389.0],[-77.430515,40.948475,391.0],[-77.425109,40.949669,386.6],[-77.419267,40.951206,384.8],[-77.414015,40.952608,383.8],[-77.409387,40.953811,384.8],[-77.404753,40.954995,387.6],[-77.400072,40.956235,385.2],[-77.395527,40.957408,388.8],[-77.391485,40.958347,394.0],[-77.388626,40.959015,402.0],[-77.383294,40.960342,392.8],[-77.379655,40.961266,403.8],[-77.376391,40.962134,407.0],[-77.369915,40.963845,397.0],[-77.36632,40.964775,406.8],[-77.361598,40.966006,398.8],[-77.356456,40.967351,399.8],[-77.353275,40.968181,409.0],[-77.350364,40.968957,417.2],[-77.343971,40.970658,403.6],[-77.341519,40.971316,415.4],[-77.338203,40.972241,416.2],[-77.332138,40.973965,411.2],[-77.327439,40.975305,411.6],[-77.324048,40.976281,422.4],[-77.320724,40.977226,424.8],[-77.316028,40.978439,428.6],[-77.312251,40.979312,433.4],[-77.307942,40.98012,435.4],[-77.303723,40.980579,443.8],[-77.299817,40.980502,447.0],[-77.295594,40.980063,451.2],[-77.290878,40.980719,451.0],[-77.288043,40.980578,461.0],[-77.284653,40.980332,466.4],[-77.281004,40.979986,476.4],[-77.27787,40.97924,481.8],[-77.273752,40.97833,485.4],[-77.268736,40.978263,490.2],[-77.263703,40.978581,491.2],[-77.259273,40.979668,496.8],[-77.255608,40.98091,504.6],[-77.251695,40.98177,509.4],[-77.246403,40.983104,508.0],[-77.241,40.985118,504.2],[-77.234958,40.98649,498.4],[-77.228117,40.988085,491.4],[-77.222423,40.989321,493.8],[-77.216876,40.990533,493.4],[-77.209912,40.991826,487.0],[-77.202344,40.992883,475.6],[-77.195155,40.99139,459.4],[-77.189217,40.989094,445.4],[-77.186955,40.98472,436.2],[-77.182879,40.98067,423.4],[-77.17859,40.98112,428.4],[-77.174274,40.981991,429.2],[-77.168051,40.983479,415.8],[-77.159265,40.983853,381.2],[-77.150894,40.98473,359.0],[-77.144581,40.984761,351.2],[-77.140718,40.984838,348.6],[-77.13445,40.985838,330.0],[-77.127572,40.986982,316.0],[-77.121592,40.98754,310.2],[-77.115269,40.988178,299.4],[-77.108447,40.988042,291.6],[-77.102167,40.988357,285.6],[-77.095602,40.988822,278.6],[-77.088194,40.989411,264.6],[-77.081822,40.98848,257.6],[-77.074796,40.987923,241.6],[-77.070039,40.984419,234.2],[-77.064817,40.980741,222.8],[-77.058964,40.978355,216.6],[-77.053719,40.974935,203.0],[-77.050306,40.974584,213.0],[-77.048725,40.974746,212.8],[-77.04326,40.973228,204.6],[-77.038664,40.971099,201.8],[-77.032054,40.967941,179.0],[-77.025501,40.96481,166.8],[-77.020906,40.961185,157.8],[-77.01533,40.958652,153.2],[-77.011372,40.956149,152.8],[-77.007946,40.955172,156.8],[-77.005133,40.954955,163.6],[-77.002585,40.954804,179.4],[-76.998692,40.955533,179.6],[-76.992402,40.957421,170.6],[-76.986781,40.961234,148.4],[-76.981523,40.962327,157.2],[-76.976798,40.962724,159.0],[-76.970856,40.962941,155.4],[-76.965038,40.964167,150.6],[-76.95879,40.964864,144.4],[-76.95355,40.96595,146.6],[-76.949369,40.96657,155.4],[-76.946426,40.966891,165.4],[-76.939924,40.967049,154.4],[-76.933219,40.966796,149.2],[-76.927112,40.966517,147.4],[-76.920895,40.96625,143.8],[-76.914694,40.966309,142.0],[-76.90841,40.967199,139.6],[-76.903848,40.967263,138.4],[-76.898477,40.967048,141.8],[-76.89292,40.966787,136.0],[-76.891357,40.964005,134.4],[-76.890119,40.964637,134.2],[-76.887768,40.964718,136.2],[-76.885898,40.96383,140.4],[-76.885788,40.963804,141.2],[-76.883212,40.9652,141.2],[-76.879054,40.966851,143.6],[-76.873459,40.967515,135.4],[-76.867738,40.96787,132.6],[-76.862667,40.967466,136.2],[-76.862144,40.967695,137.6],[-76.858492,40.966258,135.0],[-76.853784,40.965766,135.4],[-76.849293,40.965245,136.0],[-76.844668,40.9647,138.6],[-76.840968,40.964623,145.8],[-76.837386,40.964726,151.6],[-76.831445,40.964874,141.8],[-76.82637,40.965868,146.0],[-76.821071,40.967852,143.6],[-76.814964,40.97099,135.8],[-76.809282,40.973553,131.8],[-76.803383,40.974226,132.2],[-76.797975,40.974329,134.0],[-76.793139,40.975021,137.8],[-76.787457,40.976745,134.6],[-76.782918,40.97792,138.8],[-76.778561,40.978096,143.8],[-76.774677,40.977361,153.0],[-76.770952,40.976216,160.0],[-76.766693,40.975401,163.0],[-76.760892,40.975084,157.6],[-76.754147,40.974733,149.0],[-76.749511,40.974459,158.8],[-76.745759,40.974263,166.2],[-76.741491,40.974917,171.2],[-76.735401,40.976156,165.6],[-76.730285,40.979673,156.6],[-76.726358,40.98304,157.6],[-76.72303,40.984181,162.2],[-76.720569,40.983433,173.6],[-76.717745,40.982503,182.6],[-76.712381,40.982829,181.6],[-76.70938,40.983472,193.6],[-76.705348,40.984116,195.0],[-76.698764,40.985024,189.0],[-76.69119,40.985705,175.8],[-76.684146,40.98554,171.6],[-76.677474,40.985168,171.4],[-76.671022,40.985498,170.0],[-76.664841,40.986105,168.8],[-76.659028,40.986248,172.8],[-76.655777,40.986422,181.8],[-76.648882,40.986814,169.8],[-76.643398,40.987232,169.6],[-76.635891,40.986727,151.8],[-76.629928,40.984088,145.6],[-76.625821,40.979945,147.4],[-76.622748,40.976937,156.6],[-76.618747,40.97357,156.8],[-76.61645,40.969154,151.0],[-76.616671,40.964363,142.0],[-76.616943,40.964676,142.6],[-76.616816,40.964617,142.6],[-76.61644,40.964406,143.4],[-76.61806,40.961613,146.2],[-76.618512,40.960002,153.0],[-76.61707,40.958516,149.6],[-76.613154,40.956989,151.4],[-76.609451,40.954966,146.2],[-76.606594,40.952818,145.6],[-76.603542,40.949493,145.8],[-76.599715,40.946478,144.6],[-76.596216,40.943733,144.2],[-76.590796,40.942763,142.6],[-76.585578,40.942596,140.0],[-76.581297,40.942885,144.6],[-76.577472,40.943193,151.6],[-76.571576,40.943747,146.6],[-76.565402,40.943648,144.2],[-76.559874,40.943447,146.6],[-76.55465,40.942452,143.2],[-76.549149,40.941708,146.4],[-76.543912,40.941006,149.0],[-76.538933,40.940454,151.2],[-76.533447,40.941363,149.6],[-76.528088,40.942903,148.0],[-76.523002,40.944959,146.6],[-76.519177,40.946855,152.2],[-76.513875,40.948966,146.4],[-76.509922,40.950432,150.6],[-76.504263,40.952826,144.6],[-76.499036,40.954432,147.0],[-76.494643,40.955043,150.8],[-76.48876,40.95496,149.0],[-76.483077,40.953589,146.6],[-76.47755,40.953454,147.2],[-76.472685,40.954999,148.6],[-76.469551,40.954233,152.4],[-76.464178,40.953251,148.6],[-76.461438,40.952415,158.4],[-76.460262,40.952057,162.0],[-76.458968,40.951631,167.4],[-76.456716,40.950937,179.6],[-76.454419,40.951856,188.2],[-76.451047,40.951733,188.2],[-76.446706,40.955997,172.6],[-76.442873,40.95986,161.0],[-76.437192,40.962306,161.6],[-76.43238,40.964184,160.4],[-76.42723,40.967159,146.4],[-76.424609,40.968718,161.2],[-76.420247,40.969668,159.0],[-76.416968,40.970759,164.2],[-76.414896,40.971418,168.6],[-76.409924,40.972174,162.8],[-76.406125,40.973129,171.6],[-76.40231,40.974741,172.2],[-76.396979,40.977246,164.6],[-76.39469,40.979146,176.8],[-76.389464,40.981301,160.2],[-76.38338,40.980523,157.4],[-76.378179,40.979497,159.8],[-76.374718,40.976681,162.6],[-76.373019,40.972925,163.4],[-76.372502,40.968983,164.6],[-76.372745,40.965103,167.0],[-76.36929,40.964921,167.0],[-76.364672,40.966255,169.4],[-76.360895,40.965029,174.2],[-76.357162,40.96277,170.6],[-76.355046,40.963005,190.0],[-76.353269,40.962866,209.8],[-76.351422,40.963188,224.8],[-76.349306,40.963425,237.4],[-76.347127,40.963081,253.0],[-76.346951,40.963043,253.8],[-76.34412,40.962687,254.0],[-76.338871,40.963252,246.2],[-76.334463,40.963477,245.8],[-76.330075,40.963518,247.4],[-76.325687,40.962076,238.6],[-76.323554,40.961029,256.6],[-76.322342,40.959968,271.4],[-76.320427,40.95925,285.4],[-76.318509,40.958835,299.0],[-76.315052,40.958789,299.2],[-76.309637,40.958582,295.4],[-76.306125,40.958887,300.2],[-76.302217,40.959327,299.2],[-76.297533,40.959664,294.8],[-76.292279,40.960262,285.0],[-76.287197,40.961334,285.6],[-76.282383,40.962171,278.6],[-76.277629,40.962912,281.2],[-76.273907,40.964026,285.4],[-76.270592,40.964548,294.2],[-76.26749,40.965158,298.2],[-76.263358,40.966183,301.6],[-76.259139,40.967232,300.4],[-76.25384,40.967992,289.2],[-76.247875,40.968532,288.4],[-76.24397,40.96927,296.2],[-76.239822,40.969543,294.4],[-76.235358,40.969658,296.4],[-76.231981,40.972922,290.4],[-76.229802,40.974022,300.4],[-76.226473,40.975037,306.0],[-76.222365,40.976446,307.4],[-76.218047,40.978723,305.6],[-76.213974,40.98089,310.0],[-76.208635,40.981861,305.0],[-76.203973,40.979685,301.0],[-76.197539,40.978781,291.4],[-76.188698,40.977286,250.4],[-76.182296,40.97926,247.8],[-76.178741,40.979851,255.8],[-76.175297,40.979065,264.0],[-76.171648,40.978495,270.4],[-76.168507,40.978499,287.0],[-76.165386,40.979284,296.0],[-76.16147,40.980842,292.8],[-76.153173,40.981668,265.2],[-76.150227,40.981258,282.2],[-76.147287,40.981049,290.8],[-76.142421,40.981283,285.4],[-76.138362,40.981455,290.6],[-76.134004,40.981409,298.4],[-76.130604,40.982004,306.4],[-76.12688,40.982322,312.4],[-76.120714,40.98215,300.4],[-76.114377,40.981998,288.2],[-76.11137,40.982206,301.6],[-76.109183,40.982446,315.4],[-76.106976,40.982613,328.0],[-76.104717,40.982705,340.0],[-76.102226,40.982717,350.4],[-76.099854,40.98262,362.8],[-76.094781,40.983434,345.2],[-76.084568,40.986095,302.0],[-76.078616,40.986118,305.2],[-76.073393,40.986842,300.4],[-76.068336,40.988236,305.6],[-76.065641,40.988888,299.8],[-76.065639,40.989064,299.4],[-76.06508,40.989827,297.2],[-76.060371,40.991752,281.6],[-76.057168,40.992086,281.2],[-76.053007,40.995428,270.0],[-76.051306,40.996951,283.2],[-76.049162,40.998986,288.4],[-76.044914,40.999039,292.0],[-76.039683,41.000761,289.8],[-76.03425,41.001141,291.6],[-76.031996,41.001858,304.6],[-76.028127,41.003059,308.8],[-76.023047,41.005439,306.8],[-76.018686,41.007434,310.8],[-76.015594,41.008853,320.8],[-76.011817,41.010713,322.8],[-76.006859,41.012988,321.6],[-76.004192,41.014237,333.4],[-76.000069,41.015995,328.6],[-75.994737,41.018022,325.2],[-75.990952,41.018957,332.0],[-75.986864,41.019885,339.0],[-75.98157,41.020306,335.6],[-75.976688,41.020924,341.4],[-75.970347,41.021712,332.0],[-75.965978,41.021872,339.0],[-75.963894,41.021952,352.8],[-75.962674,41.021413,358.0],[-75.960944,41.020389,370.8],[-75.959299,41.019451,382.4],[-75.95736,41.018701,395.2],[-75.955077,41.018386,406.2],[-75.952338,41.018146,416.0],[-75.949324,41.017902,425.6],[-75.946626,41.018003,433.0],[-75.944363,41.018224,448.4],[-75.942217,41.018415,462.0],[-75.940073,41.018617,475.2],[-75.937913,41.018806,488.8],[-75.935716,41.01901,502.2],[-75.933575,41.019197,516.0],[-75.931462,41.018933,530.0],[-75.929486,41.018363,543.2],[-75.9274,41.017755,557.2],[-75.924981,41.017415,571.6],[-75.922242,41.017125,578.8],[-75.917725,41.016817,576.0],[-75.917725,41.017031,576.4],[-75.91545,41.015955,585.0],[-75.911229,41.015255,584.2],[-75.903793,41.016229,568.0],[-75.896872,41.016417,556.0],[-75.896685,41.016331,555.2],[-75.894447,41.016756,549.0],[-75.889443,41.016715,547.2],[-75.885503,41.017598,556.0],[-75.880412,41.019123,555.2],[-75.873159,41.01981,533.4],[-75.864907,41.018942,509.8],[-75.856815,41.019695,492.4],[-75.850433,41.01881,481.8],[-75.84094,41.018039,437.0],[-75.831062,41.018988,404.6],[-75.825297,41.018357,404.2],[-75.820087,41.017799,403.0],[-75.814384,41.019658,396.0],[-75.810771,41.020493,410.0],[-75.806222,41.023013,405.4],[-75.801715,41.025785,409.2],[-75.796308,41.02707,408.4],[-75.791601,41.028864,391.0],[-75.786899,41.029192,395.4],[-75.781392,41.030182,395.8],[-75.776105,41.030895,394.8],[-75.768717,41.033338,367.6],[-75.762513,41.038218,330.4],[-75.758643,41.03857,331.4],[-75.756995,41.037943,351.0],[-75.755014,41.037165,364.4],[-75.748893,41.035,338.0],[-75.74155,41.03511,323.6],[-75.739468,41.034975,341.2],[-75.736487,41.035189,350.0],[-75.734348,41.034967,367.8],[-75.732948,41.033415,378.2],[-75.731585,41.031751,387.8],[-75.729179,41.029941,398.4],[-75.72704,41.028383,410.6],[-75.722865,41.025259,401.2],[-75.716738,41.021012,372.6],[-75.710563,41.0236,345.8],[-75.708652,41.02515,354.2],[-75.706105,41.025543,367.2],[-75.704179,41.025861,386.0],[-75.702178,41.026369,401.0],[-75.699418,41.026592,409.6],[-75.696405,41.026121,424.0],[-75.693736,41.026383,435.6],[-75.690586,41.026081,444.2],[-75.688551,41.025316,457.8],[-75.686645,41.024665,466.8],[-75.688749,41.024474,462.6],[-75.686801,41.024091,466.8],[-75.689941,41.022903,461.0]]}},{"type":"Feature","properties":{"date":"2026-08-28","source_file":"25.gpx","dist_m":185987,"vert_up_m":1879,"vert_down_m":2247,"points":556},"geometry":{"type":"LineString","coordinates":[[-75.689949,41.021744,459.4],[-75.68972,41.023206,459.2],[-75.687476,41.023534,466.4],[-75.686798,41.02446,468.6],[-75.684767,41.024395,476.0],[-75.682265,41.023761,485.0],[-75.679938,41.022869,494.0],[-75.67765,41.021805,503.4],[-75.675933,41.020897,516.2],[-75.67427,41.020111,530.8],[-75.67237,41.019386,542.8],[-75.670608,41.018806,557.8],[-75.668081,41.017993,564.6],[-75.663645,41.016708,558.2],[-75.656682,41.015129,537.0],[-75.650908,41.014476,541.2],[-75.644491,41.011568,521.2],[-75.637782,41.009168,502.2],[-75.632698,41.01233,492.6],[-75.631522,41.013207,508.0],[-75.629714,41.013069,520.4],[-75.627708,41.013157,530.8],[-75.625451,41.013691,540.0],[-75.62274,41.014458,543.2],[-75.618437,41.015728,540.0],[-75.614219,41.016689,538.8],[-75.609244,41.018101,530.2],[-75.604064,41.017204,527.8],[-75.599042,41.017804,525.8],[-75.59264,41.017834,506.0],[-75.587558,41.018584,508.4],[-75.583773,41.018574,514.6],[-75.581191,41.019195,521.8],[-75.578207,41.017963,525.4],[-75.576094,41.016509,532.8],[-75.574051,41.01487,539.0],[-75.572066,41.012785,543.4],[-75.568946,41.008346,525.6],[-75.566779,41.006335,531.8],[-75.566741,41.006279,531.8],[-75.564711,41.004435,534.0],[-75.562346,41.002284,535.4],[-75.559611,41.000405,534.2],[-75.557395,40.999935,544.2],[-75.554625,40.999786,546.8],[-75.551093,40.998851,546.2],[-75.548812,40.997379,551.6],[-75.545828,40.996456,556.8],[-75.542953,40.995617,559.8],[-75.53977,40.994712,562.2],[-75.537627,40.992313,563.4],[-75.535751,40.990142,569.2],[-75.53398,40.987868,568.4],[-75.531379,40.984809,567.6],[-75.528501,40.981144,556.8],[-75.527591,40.97369,501.0],[-75.517481,40.972022,435.0],[-75.510727,40.967873,399.6],[-75.507574,40.968678,403.2],[-75.503919,40.969151,404.6],[-75.497975,40.969708,392.4],[-75.492471,40.970474,393.6],[-75.48889,40.97194,394.4],[-75.485098,40.972828,394.8],[-75.480642,40.971901,393.2],[-75.475762,40.970741,386.6],[-75.470762,40.967798,369.0],[-75.468315,40.963717,334.6],[-75.464399,40.960376,322.0],[-75.4586,40.957652,312.8],[-75.454298,40.954672,309.8],[-75.449033,40.951408,296.4],[-75.444608,40.948213,289.0],[-75.441229,40.944682,284.4],[-75.43907,40.941672,289.0],[-75.435627,40.93902,279.6],[-75.433451,40.936881,277.6],[-75.431257,40.93373,277.0],[-75.427376,40.932053,275.8],[-75.424659,40.93106,274.0],[-75.423714,40.930691,277.4],[-75.42221,40.930168,286.6],[-75.419805,40.92929,290.8],[-75.411515,40.926819,258.2],[-75.406691,40.92551,259.2],[-75.402144,40.924293,262.0],[-75.398337,40.923306,265.4],[-75.393232,40.924184,256.0],[-75.388708,40.925168,256.4],[-75.383328,40.925617,256.0],[-75.378037,40.925095,253.2],[-75.372755,40.92287,245.0],[-75.368703,40.92247,250.6],[-75.366812,40.922245,257.8],[-75.363659,40.921924,258.4],[-75.358085,40.921763,253.0],[-75.356872,40.920467,263.8],[-75.355964,40.919422,274.2],[-75.35514,40.918399,287.4],[-75.353919,40.91722,300.2],[-75.35263,40.916125,312.6],[-75.351027,40.914817,317.8],[-75.348085,40.912294,311.6],[-75.342764,40.907809,294.6],[-75.340964,40.906314,303.8],[-75.338605,40.904341,303.2],[-75.33059,40.899624,247.4],[-75.324314,40.8962,241.4],[-75.318839,40.894268,238.2],[-75.316962,40.893783,247.8],[-75.315513,40.893051,261.6],[-75.313552,40.89007,253.4],[-75.310417,40.883869,234.6],[-75.31185,40.881359,246.4],[-75.313981,40.880123,253.6],[-75.315536,40.878628,258.8],[-75.316361,40.876333,265.8],[-75.316543,40.872668,265.2],[-75.315184,40.871597,278.2],[-75.313605,40.870654,289.2],[-75.311797,40.869663,297.4],[-75.310173,40.868724,310.0],[-75.308271,40.866679,309.8],[-75.303326,40.864234,296.2],[-75.301062,40.863823,306.8],[-75.298917,40.863521,318.0],[-75.296713,40.862739,325.0],[-75.293584,40.86095,329.6],[-75.291656,40.854402,285.4],[-75.291664,40.849565,266.8],[-75.288642,40.847832,264.6],[-75.284948,40.848134,266.8],[-75.281923,40.849218,263.8],[-75.276331,40.847779,251.8],[-75.272099,40.845367,247.4],[-75.265357,40.843689,228.2],[-75.263726,40.844661,242.0],[-75.262458,40.845937,249.6],[-75.260955,40.846721,260.0],[-75.258978,40.846408,275.6],[-75.255749,40.845844,276.4],[-75.251433,40.845286,270.8],[-75.248503,40.842451,270.0],[-75.245485,40.838501,252.0],[-75.238881,40.838493,243.6],[-75.233647,40.838558,237.2],[-75.229914,40.838596,242.8],[-75.221944,40.839129,201.8],[-75.217386,40.840015,183.2],[-75.213486,40.84063,190.6],[-75.211425,40.841576,199.6],[-75.207896,40.843055,191.2],[-75.200811,40.84404,170.0],[-75.20043,40.84404,172.0],[-75.198866,40.843917,189.2],[-75.198226,40.842723,202.8],[-75.196816,40.84172,213.0],[-75.194884,40.84227,224.4],[-75.192908,40.842835,234.8],[-75.190863,40.843415,242.6],[-75.188597,40.843779,249.8],[-75.185971,40.841298,244.2],[-75.179764,40.841774,228.0],[-75.174911,40.842254,224.6],[-75.173423,40.841835,240.2],[-75.171607,40.842282,249.6],[-75.169293,40.843251,252.6],[-75.167001,40.843429,265.2],[-75.163061,40.843124,263.0],[-75.158914,40.842585,258.2],[-75.15111,40.841345,239.6],[-75.14637,40.836776,221.2],[-75.141544,40.836425,201.4],[-75.134803,40.837327,179.0],[-75.133438,40.837929,195.0],[-75.132178,40.838681,207.2],[-75.13079,40.839482,217.8],[-75.12919,40.84008,229.8],[-75.127272,40.840477,239.4],[-75.124824,40.841149,247.2],[-75.122152,40.842668,249.4],[-75.119804,40.844147,253.6],[-75.117979,40.845008,260.2],[-75.116561,40.847402,242.8],[-75.11178,40.844168,221.0],[-75.104721,40.840118,188.4],[-75.095101,40.83585,121.8],[-75.091024,40.832757,117.2],[-75.088169,40.829614,117.8],[-75.085738,40.828515,120.4],[-75.084823,40.828858,127.0],[-75.083252,40.829227,124.2],[-75.079879,40.82967,125.6],[-75.078514,40.829781,127.6],[-75.078468,40.82955,128.2],[-75.078467,40.829552,131.4],[-75.078461,40.829567,130.6],[-75.07846,40.82957,130.2],[-75.07845,40.829594,130.8],[-75.07845,40.829596,130.8],[-75.078449,40.829597,130.6],[-75.078429,40.829647,130.6],[-75.07589,40.829346,132.8],[-75.074186,40.827647,136.0],[-75.070866,40.828798,130.4],[-75.066844,40.830029,129.8],[-75.062946,40.830198,134.0],[-75.059848,40.832609,131.2],[-75.057753,40.831554,146.8],[-75.056137,40.83178,157.6],[-75.054899,40.833331,168.4],[-75.052508,40.835681,168.6],[-75.045204,40.837555,143.2],[-75.040018,40.837959,143.2],[-75.034307,40.837812,140.6],[-75.030799,40.836078,147.0],[-75.027393,40.833915,146.4],[-75.023939,40.834587,149.2],[-75.019076,40.834821,147.2],[-75.014391,40.835003,149.8],[-75.010455,40.834291,158.6],[-75.008563,40.833647,168.0],[-75.006858,40.834105,177.2],[-75.006584,40.835714,186.8],[-75.00523,40.836921,191.4],[-74.999816,40.837705,179.8],[-74.993526,40.837779,169.2],[-74.989695,40.837212,174.4],[-74.987174,40.837612,184.0],[-74.985471,40.837757,196.8],[-74.982427,40.8372,194.8],[-74.981293,40.83754,200.4],[-74.98101,40.837669,202.4],[-74.97923,40.837861,210.8],[-74.977194,40.838204,218.6],[-74.975331,40.838421,227.8],[-74.973686,40.838734,239.6],[-74.971914,40.839211,248.6],[-74.971443,40.840545,254.4],[-74.971748,40.842301,259.6],[-74.971396,40.843672,275.6],[-74.969457,40.84422,276.8],[-74.966641,40.845647,279.2],[-74.964217,40.846883,281.6],[-74.962187,40.847455,289.4],[-74.959791,40.848114,291.8],[-74.957983,40.84866,307.0],[-74.95638,40.849347,317.0],[-74.954584,40.849834,324.0],[-74.952987,40.850369,334.0],[-74.949053,40.851519,324.8],[-74.943377,40.852636,312.0],[-74.935055,40.853268,221.0],[-74.933232,40.853009,204.2],[-74.934111,40.851067,209.0],[-74.931885,40.851356,216.0],[-74.929311,40.851474,222.0],[-74.925906,40.851373,220.0],[-74.922002,40.851788,219.8],[-74.91853,40.852127,220.8],[-74.916088,40.852085,225.6],[-74.913758,40.852654,225.6],[-74.909029,40.855251,217.2],[-74.90559,40.855214,222.6],[-74.90263,40.855703,229.6],[-74.900501,40.85733,227.4],[-74.898279,40.857822,236.0],[-74.897162,40.85812,235.0],[-74.895612,40.858081,247.8],[-74.894836,40.857115,256.8],[-74.893759,40.856097,267.4],[-74.892448,40.85528,277.4],[-74.891757,40.853897,278.2],[-74.888746,40.853226,282.4],[-74.887404,40.850864,286.6],[-74.886602,40.849441,297.2],[-74.885061,40.848892,306.2],[-74.883444,40.848439,319.6],[-74.881879,40.848893,326.4],[-74.880256,40.849579,333.2],[-74.878889,40.850137,348.2],[-74.876836,40.850506,349.6],[-74.87466,40.850487,354.8],[-74.872067,40.850411,360.4],[-74.869603,40.851373,363.0],[-74.868858,40.851673,362.2],[-74.867128,40.852351,365.0],[-74.860317,40.854405,338.4],[-74.850989,40.857074,298.2],[-74.843159,40.858926,262.2],[-74.835558,40.856548,225.8],[-74.830484,40.854287,225.0],[-74.826945,40.851604,220.4],[-74.82488,40.849592,223.8],[-74.824576,40.849283,223.4],[-74.818872,40.848032,214.6],[-74.815673,40.846748,214.8],[-74.812099,40.845056,215.6],[-74.808169,40.843179,217.0],[-74.805206,40.842663,223.0],[-74.803298,40.843556,227.4],[-74.802521,40.84492,236.2],[-74.802293,40.846446,245.4],[-74.801962,40.847883,257.6],[-74.800627,40.849085,269.6],[-74.79998,40.848664,281.6],[-74.799659,40.847606,293.4],[-74.798377,40.847439,306.6],[-74.797003,40.847821,318.0],[-74.795515,40.848347,325.8],[-74.794372,40.849171,335.2],[-74.7926,40.850056,340.4],[-74.790666,40.850643,347.6],[-74.788722,40.850628,357.2],[-74.786756,40.850451,363.4],[-74.784359,40.849401,368.8],[-74.780624,40.847568,363.2],[-74.774986,40.844863,349.6],[-74.773291,40.843047,354.8],[-74.769972,40.83971,350.6],[-74.765217,40.841283,348.8],[-74.759714,40.843888,332.8],[-74.751746,40.842684,301.6],[-74.752203,40.843924,308.2],[-74.751203,40.844743,321.6],[-74.750006,40.845261,337.4],[-74.748433,40.845869,353.6],[-74.746023,40.847275,356.0],[-74.742718,40.848458,361.4],[-74.740537,40.849112,369.4],[-74.737459,40.850132,372.8],[-74.729878,40.851177,333.4],[-74.72714,40.851109,352.4],[-74.72498,40.85078,360.4],[-74.722429,40.850762,365.4],[-74.718454,40.851433,367.8],[-74.714823,40.853737,362.8],[-74.713378,40.855291,375.8],[-74.711621,40.856829,380.6],[-74.709092,40.858888,368.0],[-74.708182,40.860938,375.8],[-74.705617,40.863855,370.8],[-74.700402,40.865542,364.4],[-74.695638,40.86773,343.4],[-74.694325,40.868402,346.2],[-74.692724,40.868946,359.6],[-74.690443,40.869983,363.0],[-74.688881,40.872276,365.2],[-74.685315,40.873711,362.0],[-74.68253,40.874533,372.6],[-74.680133,40.876105,382.0],[-74.677675,40.877714,388.6],[-74.671581,40.876039,364.8],[-74.662042,40.876652,327.4],[-74.655806,40.879778,268.8],[-74.654405,40.88013,267.6],[-74.652292,40.878941,267.0],[-74.651213,40.879066,267.2],[-74.647199,40.879066,268.8],[-74.641372,40.879177,268.2],[-74.635268,40.879314,265.4],[-74.6323,40.88144,265.0],[-74.629044,40.882943,264.8],[-74.625308,40.884549,269.2],[-74.622148,40.887633,267.0],[-74.618511,40.891404,264.8],[-74.614166,40.893929,265.4],[-74.60967,40.895959,263.4],[-74.607351,40.899573,257.4],[-74.602821,40.902687,250.8],[-74.597792,40.905331,248.6],[-74.591739,40.905537,250.0],[-74.586694,40.904571,256.4],[-74.581653,40.904491,254.8],[-74.57769,40.905844,245.6],[-74.57203,40.906363,242.8],[-74.569209,40.906156,242.8],[-74.569432,40.905484,241.2],[-74.566353,40.904121,240.2],[-74.561822,40.903739,246.8],[-74.55758,40.903362,251.8],[-74.554095,40.903053,265.4],[-74.55033,40.902785,273.6],[-74.546079,40.902542,257.4],[-74.546416,40.905265,263.0],[-74.545092,40.907476,265.6],[-74.542111,40.907487,275.6],[-74.540357,40.907983,291.4],[-74.536392,40.908073,289.4],[-74.530525,40.908008,282.4],[-74.522826,40.909928,242.0],[-74.516701,40.908442,226.2],[-74.515267,40.90937,241.2],[-74.513571,40.910261,252.0],[-74.509266,40.908548,215.4],[-74.506353,40.907036,202.6],[-74.503264,40.909511,209.2],[-74.498146,40.906936,203.2],[-74.497107,40.906215,197.2],[-74.495845,40.90537,194.8],[-74.491885,40.904552,198.2],[-74.488284,40.902768,198.6],[-74.483658,40.901083,195.0],[-74.478118,40.900835,191.0],[-74.474192,40.899083,195.6],[-74.470767,40.899528,192.6],[-74.466278,40.902551,188.4],[-74.462921,40.904503,187.6],[-74.459829,40.907456,186.6],[-74.456371,40.910168,188.6],[-74.45181,40.909632,187.6],[-74.447865,40.908206,192.8],[-74.445725,40.90889,207.8],[-74.444026,40.908957,227.0],[-74.441798,40.909648,237.2],[-74.437587,40.908925,213.6],[-74.433096,40.907957,203.8],[-74.431011,40.907804,213.8],[-74.426649,40.907779,200.8],[-74.422582,40.907137,200.0],[-74.41638,40.907762,193.8],[-74.412261,40.905542,190.8],[-74.407687,40.902814,171.4],[-74.40224,40.901221,166.0],[-74.397634,40.903765,168.4],[-74.391709,40.902654,137.6],[-74.384694,40.900716,113.2],[-74.379301,40.901976,114.4],[-74.374663,40.901469,109.6],[-74.374049,40.896732,103.0],[-74.374758,40.892152,100.8],[-74.374518,40.890806,100.2],[-74.370496,40.890506,103.6],[-74.36679,40.89088,108.6],[-74.364368,40.891094,110.8],[-74.360069,40.8915,114.0],[-74.357188,40.891299,126.4],[-74.354802,40.889885,134.2],[-74.352397,40.888028,142.8],[-74.349506,40.887695,154.2],[-74.346583,40.887421,161.8],[-74.339976,40.882143,103.2],[-74.333574,40.879795,93.6],[-74.328308,40.878334,93.0],[-74.323493,40.876274,94.2],[-74.318291,40.875924,95.6],[-74.312845,40.875656,96.6],[-74.307514,40.876477,96.2],[-74.302161,40.876771,97.4],[-74.297389,40.877087,98.6],[-74.292554,40.87847,98.4],[-74.288491,40.880588,99.2],[-74.284449,40.883312,100.8],[-74.280978,40.886029,100.8],[-74.276173,40.888157,98.8],[-74.27355,40.888523,98.2],[-74.269849,40.88892,98.8],[-74.265211,40.886611,96.0],[-74.261446,40.88366,97.0],[-74.256154,40.882328,96.4],[-74.251847,40.8818,101.2],[-74.249427,40.879985,112.0],[-74.245827,40.877981,112.4],[-74.241711,40.87615,116.6],[-74.238508,40.875191,120.4],[-74.233241,40.874221,118.2],[-74.228831,40.872897,116.2],[-74.222105,40.872192,92.0],[-74.2187,40.871836,96.8],[-74.216581,40.871755,108.6],[-74.214198,40.87206,118.0],[-74.211391,40.873082,125.6],[-74.208446,40.873787,135.0],[-74.204609,40.874645,129.6],[-74.200281,40.875938,136.6],[-74.195525,40.873667,133.6],[-74.192443,40.872771,125.4],[-74.189017,40.871814,122.2],[-74.186774,40.871743,134.4],[-74.183261,40.871591,129.8],[-74.180451,40.874397,125.6],[-74.17691,40.874664,123.8],[-74.174018,40.872608,114.0],[-74.170117,40.870016,97.8],[-74.165529,40.867086,93.0],[-74.161512,40.865664,85.8],[-74.160378,40.865572,85.4],[-74.156519,40.867712,82.8],[-74.153215,40.871431,83.0],[-74.146882,40.874003,71.4],[-74.143115,40.874719,66.8],[-74.137262,40.875726,62.6],[-74.132637,40.875279,58.8],[-74.128443,40.876517,61.6],[-74.125019,40.877978,60.2],[-74.120183,40.879712,53.0],[-74.115278,40.880869,54.2],[-74.111209,40.881898,62.6],[-74.107658,40.882788,68.0],[-74.102237,40.884082,59.0],[-74.096923,40.885386,61.2],[-74.093724,40.886147,71.2],[-74.091125,40.886793,82.2],[-74.085584,40.887112,62.4],[-74.082827,40.885064,54.2],[-74.079755,40.883533,55.0],[-74.075444,40.880965,55.6],[-74.071799,40.878784,60.4],[-74.067908,40.876483,60.6],[-74.065962,40.875407,59.8],[-74.064336,40.877507,66.2],[-74.063009,40.879916,74.6],[-74.061113,40.880601,82.6],[-74.057954,40.88218,80.6],[-74.053814,40.880571,50.8],[-74.048548,40.878315,49.6],[-74.043316,40.879002,47.8],[-74.037813,40.879105,46.8],[-74.033752,40.877132,50.0],[-74.032399,40.877655,57.0],[-74.030445,40.878222,63.6],[-74.027209,40.877509,73.0],[-74.024987,40.876824,82.2],[-74.021994,40.875662,89.6],[-74.016039,40.873423,77.2],[-74.012907,40.872259,61.6],[-74.005721,40.870896,47.8],[-74.001596,40.867961,50.4],[-73.996107,40.865551,45.8],[-73.992215,40.864073,54.6],[-73.990498,40.863203,68.0],[-73.988427,40.861989,75.0],[-73.986562,40.860892,80.2],[-73.984989,40.860064,96.0],[-73.983105,40.859718,108.4],[-73.981626,40.858919,122.4],[-73.980418,40.857867,133.6],[-73.978162,40.855839,133.0],[-73.974506,40.853397,139.4],[-73.970863,40.851265,131.2],[-73.968734,40.85097,135.4],[-73.965751,40.851623,134.8],[-73.965685,40.85184,134.6],[-73.966239,40.851028,134.4],[-73.966341,40.851007,137.6],[-73.966443,40.850986,143.4],[-73.966545,40.850966,146.2],[-73.966306,40.850933,145.2],[-73.966699,40.850901,148.0],[-73.966393,40.850895,147.6],[-73.966293,40.850879,148.2],[-73.96627,40.85092,149.0],[-73.96611,40.851008,149.8],[-73.96592,40.850978,149.4],[-73.966438,40.851413,149.8],[-73.966376,40.851126,149.6]]}},{"type":"Feature","properties":{"date":"2026-08-29","source_file":"26.gpx","dist_m":212958,"vert_up_m":343,"vert_down_m":436,"points":542},"geometry":{"type":"LineString","coordinates":[[-73.966385,40.851078,50.8],[-73.966679,40.851463,50.8],[-73.966761,40.851174,50.8],[-73.96868,40.851202,51.0],[-73.968202,40.850039,49.8],[-73.969011,40.851449,47.0],[-73.969028,40.851481,46.6],[-73.967266,40.852831,47.8],[-73.963605,40.853698,36.6],[-73.962519,40.853832,45.0],[-73.961534,40.853597,36.2],[-73.957868,40.852819,35.6],[-73.952779,40.851849,38.8],[-73.947308,40.850779,35.8],[-73.942667,40.849917,23.6],[-73.941304,40.849971,21.0],[-73.941298,40.84995,21.0],[-73.939359,40.850174,21.8],[-73.939739,40.847429,20.4],[-73.94136,40.843324,13.8],[-73.940274,40.840586,14.6],[-73.940195,40.83662,10.8],[-73.941024,40.832344,8.6],[-73.942824,40.827545,-5.8],[-73.944794,40.824053,-15.4],[-73.946452,40.820533,-24.6],[-73.948447,40.816281,-26.4],[-73.951056,40.812513,-25.8],[-73.952592,40.810969,-28.6],[-73.953292,40.807336,-26.6],[-73.955012,40.804974,-24.4],[-73.957194,40.802073,-21.6],[-73.958772,40.799852,-18.4],[-73.960281,40.797851,-12.6],[-73.962126,40.795353,-11.4],[-73.961741,40.793128,-13.4],[-73.963867,40.790737,-8.6],[-73.966007,40.788378,-1.2],[-73.967192,40.785027,-3.4],[-73.969467,40.782348,-6.0],[-73.972484,40.778686,-19.0],[-73.9742,40.775218,-21.2],[-73.976638,40.772909,-11.0],[-73.979712,40.769623,-17.6],[-73.981138,40.768422,-15.6],[-73.980645,40.767647,-12.8],[-73.976419,40.765692,-17.6],[-73.973212,40.763875,-20.8],[-73.975452,40.761301,-16.4],[-73.976426,40.759872,-14.2],[-73.97679,40.758335,-13.8],[-73.973484,40.75705,-19.4],[-73.970438,40.756715,-24.8],[-73.968981,40.758381,-25.2],[-73.967206,40.760661,-22.4],[-73.964127,40.760685,-16.6],[-73.96274,40.760571,-18.4],[-73.9614,40.760014,-10.8],[-73.959223,40.758984,-4.2],[-73.956773,40.758031,1.6],[-73.954034,40.756897,2.4],[-73.951197,40.755639,1.4],[-73.945833,40.753229,-16.2],[-73.940432,40.750921,-33.4],[-73.937773,40.749635,-32.2],[-73.936132,40.747873,-27.2],[-73.933817,40.746186,-26.2],[-73.930258,40.74626,-23.2],[-73.927196,40.745878,-18.0],[-73.9244,40.745542,-10.0],[-73.92121,40.74518,-13.2],[-73.917834,40.744825,-17.2],[-73.914501,40.744388,-10.4],[-73.912738,40.743688,-5.0],[-73.910894,40.742089,-4.2],[-73.90582,40.741485,-16.0],[-73.900213,40.740815,-20.4],[-73.895789,40.740098,-23.8],[-73.892206,40.739398,-25.0],[-73.88746,40.738524,-27.4],[-73.883489,40.737712,-27.0],[-73.881629,40.737412,-27.0],[-73.8767,40.735884,-27.4],[-73.873534,40.734206,-28.8],[-73.869565,40.733072,-26.6],[-73.864596,40.730793,-29.6],[-73.860449,40.729254,-24.8],[-73.856788,40.727885,-16.6],[-73.852875,40.726485,-7.8],[-73.848072,40.723021,-19.0],[-73.843874,40.723935,-17.6],[-73.839416,40.725251,-21.0],[-73.833771,40.72755,-35.8],[-73.830809,40.727899,-27.2],[-73.827296,40.728933,-19.8],[-73.823261,40.730062,-18.8],[-73.819089,40.730935,-20.6],[-73.816987,40.726849,-27.2],[-73.812903,40.726972,-26.0],[-73.807858,40.727479,-25.2],[-73.802204,40.728095,-28.4],[-73.79725,40.729123,-27.8],[-73.791503,40.73053,-36.6],[-73.786655,40.731886,-32.2],[-73.782892,40.733149,-28.4],[-73.778031,40.734725,-30.0],[-73.773661,40.736019,-28.0],[-73.770635,40.736872,-27.0],[-73.766205,40.738472,-29.2],[-73.761561,40.73975,-24.4],[-73.75848,40.740744,-17.6],[-73.754661,40.741981,-16.2],[-73.752294,40.741027,-7.6],[-73.749711,40.739401,-0.6],[-73.747882,40.738146,6.0],[-73.744259,40.7387,9.0],[-73.739278,40.738477,-6.0],[-73.734138,40.739214,-12.4],[-73.733805,40.739564,-13.0],[-73.73143,40.740141,-12.2],[-73.727052,40.740676,-8.8],[-73.724237,40.74017,-12.2],[-73.721352,40.738683,-13.6],[-73.716403,40.739728,-14.6],[-73.712274,40.740625,-14.2],[-73.708357,40.741462,-11.6],[-73.70426,40.742326,-10.4],[-73.701727,40.740817,-10.8],[-73.69905,40.74008,-11.2],[-73.69551,40.738215,-12.2],[-73.692348,40.734152,-15.6],[-73.68846,40.73522,-13.2],[-73.684522,40.736034,-12.6],[-73.680589,40.736469,-13.4],[-73.676151,40.737418,-14.2],[-73.671397,40.738403,-19.0],[-73.668982,40.73779,-15.2],[-73.665818,40.736284,-16.4],[-73.661477,40.737299,-15.6],[-73.657186,40.738388,-15.2],[-73.652753,40.73891,-15.4],[-73.648355,40.740406,-15.4],[-73.643934,40.741554,-13.4],[-73.640402,40.741744,-10.6],[-73.636289,40.742439,-12.0],[-73.633601,40.743847,-11.6],[-73.631825,40.745713,-11.4],[-73.628965,40.747312,-11.8],[-73.6241,40.748386,-14.4],[-73.618929,40.749566,-17.4],[-73.6157,40.749057,-17.4],[-73.611274,40.749057,-18.2],[-73.606895,40.749989,-16.6],[-73.604155,40.750061,-10.8],[-73.600053,40.750541,-12.0],[-73.59549,40.751536,-11.2],[-73.59271,40.749173,-10.6],[-73.590523,40.747215,-13.0],[-73.586707,40.747596,-15.0],[-73.582865,40.748553,-13.2],[-73.579527,40.748456,-10.4],[-73.577784,40.744307,-14.0],[-73.576096,40.740689,-16.6],[-73.572984,40.737432,-16.8],[-73.568784,40.738348,-14.0],[-73.564143,40.738232,-14.8],[-73.55924,40.738077,-10.8],[-73.554402,40.737985,-11.0],[-73.550151,40.737008,-11.0],[-73.545994,40.734089,-11.8],[-73.540619,40.733732,-12.2],[-73.536625,40.734015,-12.4],[-73.532854,40.733938,-13.0],[-73.529737,40.733259,-13.2],[-73.525744,40.733164,-16.2],[-73.523821,40.733251,-13.4],[-73.520261,40.733446,-8.4],[-73.516063,40.733376,-7.6],[-73.512228,40.733207,-6.4],[-73.508232,40.733273,-8.0],[-73.503703,40.733017,-9.2],[-73.498639,40.732785,-9.0],[-73.496002,40.734034,-10.8],[-73.495278,40.736645,-10.0],[-73.494711,40.736667,-8.8],[-73.492172,40.73687,-8.8],[-73.488015,40.737116,-7.4],[-73.483276,40.737407,-7.2],[-73.480179,40.738185,-6.8],[-73.475283,40.737298,-5.2],[-73.470507,40.735779,-8.2],[-73.466581,40.734843,-3.8],[-73.461951,40.734832,-4.4],[-73.455951,40.735762,-9.2],[-73.45394,40.737344,-6.4],[-73.453098,40.739206,-4.0],[-73.451482,40.739006,-1.0],[-73.445736,40.738682,-11.4],[-73.441664,40.739189,-13.6],[-73.437704,40.741535,-14.0],[-73.434028,40.744313,-10.4],[-73.430909,40.747149,-4.8],[-73.42792,40.749282,-3.0],[-73.423083,40.750101,-5.6],[-73.422248,40.750092,-6.4],[-73.417892,40.75008,-1.2],[-73.414365,40.750417,-0.6],[-73.413497,40.752943,1.2],[-73.408475,40.753232,1.4],[-73.403621,40.7535,0.8],[-73.402356,40.755874,-2.8],[-73.402012,40.759196,1.6],[-73.401198,40.756463,-0.4],[-73.398556,40.754877,-1.4],[-73.393955,40.755547,-3.6],[-73.389947,40.756215,-6.4],[-73.388501,40.756912,-4.6],[-73.388635,40.756853,-4.2],[-73.390803,40.758649,-3.0],[-73.393533,40.759789,-6.2],[-73.397285,40.75909,-8.8],[-73.401118,40.758384,-7.8],[-73.402965,40.760258,-5.0],[-73.40339,40.76358,-2.0],[-73.402285,40.765939,-8.6],[-73.397203,40.764454,-10.0],[-73.392398,40.762342,-11.4],[-73.387315,40.760328,-14.2],[-73.382317,40.758317,-15.4],[-73.376983,40.757092,-17.0],[-73.372143,40.756786,-16.0],[-73.367332,40.758389,-14.6],[-73.363046,40.760171,-13.8],[-73.358818,40.76192,-14.0],[-73.354767,40.764446,-13.8],[-73.350421,40.765437,-17.4],[-73.346234,40.767146,-11.0],[-73.342195,40.768796,-8.2],[-73.337707,40.770622,-6.2],[-73.333808,40.772152,-4.2],[-73.330139,40.773664,-4.8],[-73.326219,40.77524,-2.2],[-73.322324,40.776832,-0.6],[-73.318193,40.778538,1.2],[-73.31606,40.780981,1.2],[-73.314339,40.783488,1.6],[-73.310453,40.783684,0.6],[-73.309903,40.785025,-1.4],[-73.307529,40.788033,4.0],[-73.302989,40.7903,-1.2],[-73.298887,40.792844,0.0],[-73.297118,40.796412,2.2],[-73.295905,40.799798,4.0],[-73.29481,40.802899,5.8],[-73.294525,40.805051,7.6],[-73.294403,40.807116,10.6],[-73.293697,40.80883,9.8],[-73.293707,40.808844,9.6],[-73.293953,40.812104,11.0],[-73.293658,40.816098,8.4],[-73.289608,40.81599,11.8],[-73.287156,40.816039,17.0],[-73.285286,40.81749,26.0],[-73.2805,40.817213,26.0],[-73.275222,40.816913,22.4],[-73.270584,40.817162,24.4],[-73.267167,40.818806,29.8],[-73.262381,40.822805,11.8],[-73.256218,40.823115,6.2],[-73.2495,40.822659,-4.0],[-73.243872,40.822506,-7.8],[-73.2382,40.824473,-16.6],[-73.235483,40.825191,-16.6],[-73.230046,40.824426,-17.8],[-73.224161,40.824156,-16.8],[-73.218244,40.824542,-15.8],[-73.212436,40.824265,-13.2],[-73.207315,40.825213,-13.2],[-73.202385,40.82547,-9.6],[-73.199304,40.825659,-4.4],[-73.194438,40.82593,-2.8],[-73.189415,40.826215,-0.2],[-73.182934,40.826596,-8.8],[-73.176775,40.826974,-11.0],[-73.171056,40.827405,-11.2],[-73.166513,40.827746,-6.0],[-73.162996,40.827994,2.4],[-73.157897,40.828379,0.6],[-73.153319,40.828778,-1.6],[-73.148445,40.829534,-8.8],[-73.146058,40.83293,-5.6],[-73.142588,40.832575,2.8],[-73.137032,40.832137,5.2],[-73.133537,40.831661,3.4],[-73.126068,40.833121,-10.2],[-73.121,40.83252,-6.0],[-73.116711,40.829974,-4.6],[-73.112238,40.827445,-4.2],[-73.10931,40.826514,0.2],[-73.105634,40.826657,9.4],[-73.102464,40.827223,16.6],[-73.099239,40.828132,24.4],[-73.096072,40.82912,32.6],[-73.092651,40.830156,38.6],[-73.086249,40.831484,29.2],[-73.081921,40.832217,24.8],[-73.07682,40.833613,22.4],[-73.071007,40.834867,17.0],[-73.066567,40.835217,21.0],[-73.061829,40.835016,20.8],[-73.057517,40.835323,19.8],[-73.054018,40.835892,23.6],[-73.049403,40.83613,25.2],[-73.045318,40.835181,25.2],[-73.040291,40.833746,24.0],[-73.034418,40.831888,15.4],[-73.03027,40.831243,11.4],[-73.026495,40.83239,12.8],[-73.022874,40.834054,16.4],[-73.019512,40.835512,23.2],[-73.015396,40.837364,23.4],[-73.010541,40.839507,20.2],[-73.006878,40.84114,20.2],[-73.002434,40.843272,17.0],[-72.998343,40.846174,18.0],[-72.99538,40.847249,16.4],[-72.989108,40.848231,8.2],[-72.983925,40.848753,9.8],[-72.979652,40.848855,14.8],[-72.975124,40.850068,18.0],[-72.970461,40.851856,16.0],[-72.964963,40.851923,16.6],[-72.960238,40.851505,17.8],[-72.955369,40.851035,19.8],[-72.952596,40.852671,15.6],[-72.949943,40.856471,-6.0],[-72.948651,40.860865,-15.0],[-72.944629,40.86247,-21.8],[-72.939502,40.86357,-14.6],[-72.935646,40.865162,-15.0],[-72.930484,40.865636,-13.2],[-72.926489,40.868006,-12.0],[-72.923892,40.87157,-12.2],[-72.922453,40.875381,-13.0],[-72.920781,40.87916,-9.6],[-72.919018,40.882848,-8.2],[-72.917982,40.886437,-7.6],[-72.91556,40.887496,4.2],[-72.914124,40.887793,7.2],[-72.909551,40.889099,3.8],[-72.9045,40.890522,5.8],[-72.898978,40.892468,5.4],[-72.89429,40.894188,-2.4],[-72.888149,40.894921,-3.6],[-72.883732,40.895663,1.0],[-72.878415,40.897711,-0.2],[-72.873234,40.899333,1.4],[-72.868176,40.900135,2.6],[-72.862925,40.901994,-2.0],[-72.858115,40.903804,-2.0],[-72.853292,40.905581,-2.6],[-72.847968,40.907657,-6.8],[-72.843143,40.910573,-7.4],[-72.839263,40.912113,-0.2],[-72.834829,40.914167,0.8],[-72.830878,40.916505,-3.6],[-72.826199,40.918764,-0.2],[-72.821679,40.920642,0.8],[-72.817278,40.922099,1.4],[-72.811418,40.923948,-4.8],[-72.805712,40.92531,-2.0],[-72.800975,40.926228,-1.4],[-72.795743,40.927121,-4.0],[-72.790247,40.927709,0.8],[-72.784891,40.928141,1.6],[-72.779227,40.928152,2.0],[-72.773335,40.928192,2.2],[-72.767407,40.927543,3.4],[-72.761495,40.927805,4.8],[-72.755727,40.927422,5.6],[-72.748786,40.926849,-0.2],[-72.747127,40.923075,2.4],[-72.746608,40.91854,3.6],[-72.746013,40.91346,-3.8],[-72.744085,40.908303,-5.4],[-72.741392,40.903821,-11.2],[-72.736345,40.902618,-6.6],[-72.730233,40.903675,-8.0],[-72.724905,40.904661,-2.2],[-72.718879,40.905425,-5.6],[-72.712592,40.906153,-7.4],[-72.706315,40.906601,-7.0],[-72.700248,40.906776,-9.6],[-72.693839,40.907931,-9.8],[-72.687531,40.908464,-14.6],[-72.682135,40.911186,-17.4],[-72.677894,40.914745,-17.6],[-72.672044,40.915987,-18.4],[-72.669211,40.917231,-18.2],[-72.667906,40.918492,-15.8],[-72.664449,40.919942,-13.0],[-72.66223,40.920915,-14.2],[-72.660448,40.924839,-15.0],[-72.656536,40.92699,-14.2],[-72.651591,40.929378,-16.8],[-72.648551,40.929662,-13.4],[-72.645787,40.927121,-14.2],[-72.641072,40.928904,-15.0],[-72.636113,40.930382,-14.2],[-72.631064,40.932727,-19.0],[-72.626575,40.935214,-18.2],[-72.622597,40.937412,-14.0],[-72.617924,40.93867,-21.4],[-72.615436,40.935517,-17.8],[-72.611083,40.937569,-19.8],[-72.607614,40.936811,-20.6],[-72.603698,40.935723,-19.6],[-72.597927,40.935782,-22.2],[-72.594035,40.933231,-21.0],[-72.590094,40.935529,-21.8],[-72.585839,40.937979,-20.0],[-72.581615,40.940335,-19.8],[-72.576837,40.941983,-20.6],[-72.57201,40.944464,-20.2],[-72.566933,40.946846,-19.8],[-72.562274,40.948597,-14.8],[-72.557933,40.951491,-17.8],[-72.554448,40.95401,-15.0],[-72.551363,40.956712,-12.6],[-72.547434,40.959308,-14.6],[-72.546137,40.962544,-12.8],[-72.54427,40.966037,-15.2],[-72.541379,40.969248,-13.0],[-72.538784,40.972717,-15.6],[-72.538714,40.972737,-14.8],[-72.536137,40.976406,-15.6],[-72.5316,40.978892,-17.0],[-72.533892,40.982323,-20.8],[-72.536152,40.985972,-20.4],[-72.534369,40.989202,-20.8],[-72.53182,40.99217,-15.6],[-72.527032,40.994759,-18.0],[-72.522588,40.99677,-18.0],[-72.517533,40.997696,-15.8],[-72.512139,40.998546,-16.6],[-72.506448,40.999134,-14.2],[-72.500857,41.000794,-22.2],[-72.496271,41.003994,-22.2],[-72.49095,41.006589,-18.4],[-72.488311,41.007805,-14.4],[-72.487064,41.008494,-15.0],[-72.48427,41.012141,-9.0],[-72.482403,41.016425,-8.8],[-72.478645,41.020448,-13.2],[-72.475984,41.023649,-9.6],[-72.471716,41.026848,-13.2],[-72.467259,41.029347,-11.8],[-72.464085,41.032788,-8.0],[-72.460142,41.036209,-8.2],[-72.455421,41.039927,-9.2],[-72.451639,41.043656,-9.6],[-72.447329,41.046797,-7.4],[-72.443284,41.049643,-8.6],[-72.438257,41.052859,-12.6],[-72.438842,41.055107,-12.0],[-72.44356,41.057838,-15.0],[-72.445548,41.060328,-14.0],[-72.443851,41.063513,-6.8],[-72.442972,41.064332,-8.2],[-72.442081,41.066036,-7.0],[-72.437143,41.06881,-7.6],[-72.431915,41.071526,-6.8],[-72.426676,41.074329,-6.8],[-72.424028,41.078728,-14.0],[-72.420513,41.082948,-15.0],[-72.416356,41.086768,-16.2],[-72.411525,41.090213,-15.6],[-72.405596,41.09236,-18.0],[-72.399649,41.094759,-20.6],[-72.394252,41.097067,-17.0],[-72.389795,41.099156,-9.4],[-72.387158,41.102394,-10.8],[-72.382356,41.106079,-16.0],[-72.377537,41.109921,-18.4],[-72.372544,41.112401,-15.8],[-72.367311,41.11418,-16.2],[-72.361643,41.116162,-18.4],[-72.355999,41.11807,-15.4],[-72.35099,41.119698,-12.2],[-72.346821,41.12178,-9.8],[-72.344089,41.123951,-9.0],[-72.340969,41.126931,-7.4],[-72.336201,41.129665,-12.0],[-72.330093,41.130047,-15.8],[-72.326097,41.132931,-19.2],[-72.321773,41.135745,-15.6],[-72.318612,41.139196,-16.2],[-72.31559,41.142731,-18.2],[-72.310115,41.143657,-15.4],[-72.304997,41.143027,-11.2],[-72.2995,41.143373,-13.4],[-72.29437,41.145897,-10.6],[-72.292664,41.146829,-12.4],[-72.28764,41.149589,-12.4],[-72.281525,41.151779,-17.2],[-72.274829,41.151436,-19.4],[-72.268225,41.150421,-14.4],[-72.262493,41.147901,-16.4],[-72.256293,41.149595,-18.0],[-72.251078,41.152618,-17.8],[-72.245125,41.154725,-17.4],[-72.240865,41.154801,-16.0],[-72.239578,41.156422,-14.8],[-72.237931,41.157558,-17.8],[-72.236263,41.159061,-18.8],[-72.234447,41.15987,-19.4],[-72.234385,41.159913,-19.0],[-72.233806,41.16008,-18.4],[-72.233378,41.160277,-19.2],[-72.232771,41.16047,-17.6],[-72.232142,41.160683,-19.8],[-72.232076,41.160718,-22.4],[-72.232716,41.16051,-22.0],[-72.233357,41.16029,-23.0],[-72.233919,41.160045,-22.4],[-72.234487,41.159808,-20.0],[-72.235308,41.159719,-19.6],[-72.236388,41.158917,-22.8],[-72.238117,41.157441,-22.8],[-72.239446,41.15661,-20.8],[-72.240554,41.15495,-20.6],[-72.244326,41.15498,-22.4],[-72.249329,41.153876,-21.8],[-72.253703,41.151022,-23.6],[-72.25812,41.149027,-22.2],[-72.26346,41.148114,-21.4],[-72.267822,41.150409,-19.2],[-72.273782,41.151225,-22.2],[-72.279177,41.152069,-21.0],[-72.284061,41.151044,-18.8],[-72.288834,41.149158,-15.0],[-72.293178,41.146292,-17.0]]}}]}