{"type":"FeatureCollection","features":[{"type":"Feature","properties":{"date":"2023-10-20","source_file":"1.gpx","dist_m":267972,"vert_up_m":1386,"vert_down_m":1433,"points":538},"geometry":{"type":"LineString","coordinates":[[-122.320755,47.627407,111.8],[-122.320484,47.625372,109.0],[-122.320992,47.621167,107.0],[-122.320755,47.617576,105.2],[-122.320702,47.612628,93.4],[-122.322474,47.610483,109.4],[-122.326241,47.608912,101.0],[-122.329278,47.607701,80.6],[-122.332115,47.606317,52.2],[-122.33431,47.60527,29.0],[-122.335854,47.604707,17.0],[-122.336508,47.601896,10.4],[-122.337683,47.601881,10.6],[-122.33915,47.601806,9.6],[-122.340828,47.601849,8.4],[-122.624901,47.561729,-10.4],[-122.625134,47.563889,1.0],[-122.627927,47.565059,5.2],[-122.630032,47.56507,2.0],[-122.63298,47.565079,12.6],[-122.637243,47.565077,23.4],[-122.640453,47.565084,41.8],[-122.64611,47.565111,24.0],[-122.653397,47.56483,2.8],[-122.655471,47.559107,0.6],[-122.659239,47.553877,-4.2],[-122.665823,47.550013,-4.4],[-122.671468,47.54819,7.4],[-122.675566,47.543538,-3.4],[-122.677122,47.538037,-3.6],[-122.684351,47.534683,-3.0],[-122.692371,47.531854,-2.6],[-122.699015,47.528297,-4.2],[-122.704111,47.525866,3.8],[-122.704439,47.525759,5.6],[-122.707747,47.524431,18.6],[-122.711521,47.524088,31.8],[-122.715634,47.523979,44.0],[-122.719591,47.523884,57.2],[-122.722805,47.523174,70.2],[-122.725304,47.521794,81.8],[-122.727776,47.52043,94.0],[-122.730307,47.518998,106.0],[-122.73321,47.517057,115.4],[-122.736385,47.514894,124.2],[-122.742223,47.510854,105.8],[-122.747116,47.507486,115.0],[-122.750468,47.505197,125.4],[-122.75505,47.502054,127.6],[-122.760763,47.49812,127.6],[-122.766551,47.494122,130.8],[-122.770949,47.491113,135.8],[-122.776564,47.487234,125.0],[-122.783044,47.48277,114.4],[-122.79039,47.477724,93.2],[-122.796496,47.473531,93.4],[-122.801145,47.470322,96.2],[-122.807057,47.466305,88.6],[-122.813548,47.461848,76.4],[-122.820378,47.454447,26.4],[-122.826685,47.451604,7.8],[-122.830098,47.446852,5.4],[-122.832402,47.443311,9.0],[-122.835324,47.438759,7.0],[-122.839584,47.434453,1.4],[-122.844228,47.43061,1.0],[-122.850629,47.428772,-4.8],[-122.855167,47.426849,3.0],[-122.859171,47.42407,4.2],[-122.8643,47.420554,0.0],[-122.868555,47.417031,1.6],[-122.872722,47.413787,4.6],[-122.876854,47.409965,0.6],[-122.883546,47.407619,-7.4],[-122.888973,47.40553,-6.6],[-122.892138,47.404223,-6.0],[-122.895169,47.401141,-5.0],[-122.899473,47.397436,-7.0],[-122.902295,47.394644,2.8],[-122.901524,47.393267,25.8],[-122.901405,47.391736,41.0],[-122.90208,47.390245,59.2],[-122.902792,47.387745,67.0],[-122.901667,47.384102,65.0],[-122.897773,47.381176,72.0],[-122.897912,47.377303,78.8],[-122.899783,47.372427,75.2],[-122.903352,47.367679,73.2],[-122.903742,47.362715,75.8],[-122.906339,47.358059,71.8],[-122.913547,47.355106,51.6],[-122.916991,47.351629,65.0],[-122.919614,47.348846,73.4],[-122.924652,47.346651,78.2],[-122.928356,47.342608,75.8],[-122.932743,47.338427,80.6],[-122.937394,47.335214,84.0],[-122.942201,47.330903,79.8],[-122.945409,47.328676,91.8],[-122.949441,47.32452,81.6],[-122.953093,47.318369,56.0],[-122.955093,47.317086,57.4],[-122.960216,47.314658,62.6],[-122.966943,47.313548,63.0],[-122.970812,47.311815,75.4],[-122.97589,47.309749,77.8],[-122.982978,47.308302,78.2],[-122.989095,47.307528,81.0],[-122.996146,47.305384,79.2],[-122.999964,47.304473,92.8],[-123.007887,47.303023,75.4],[-123.014527,47.300485,75.2],[-123.019953,47.296446,68.4],[-123.024899,47.292098,64.6],[-123.030887,47.288486,61.8],[-123.035838,47.286603,71.8],[-123.03917,47.284086,76.8],[-123.043756,47.279925,60.8],[-123.043886,47.279765,59.4],[-123.048117,47.277659,68.8],[-123.052038,47.275503,75.2],[-123.05663,47.271288,69.0],[-123.058397,47.266418,58.4],[-123.061906,47.265004,58.8],[-123.068252,47.266508,60.4],[-123.074536,47.265446,60.0],[-123.081204,47.265272,60.6],[-123.087837,47.264344,61.0],[-123.092902,47.261391,59.8],[-123.099268,47.258804,57.0],[-123.104434,47.258774,59.0],[-123.105559,47.253994,58.0],[-123.105844,47.248959,61.6],[-123.107388,47.244443,64.0],[-123.109118,47.239159,61.0],[-123.110638,47.234737,58.8],[-123.112113,47.229603,55.6],[-123.113131,47.223991,52.4],[-123.114006,47.21896,50.8],[-123.109745,47.217631,46.8],[-123.108749,47.217532,38.8],[-123.108273,47.217493,37.4],[-123.107821,47.217447,32.6],[-123.105026,47.217206,24.2],[-123.102963,47.215441,15.0],[-123.10121,47.213513,11.8],[-123.101793,47.210337,10.8],[-123.101222,47.207375,11.6],[-123.099495,47.205511,24.4],[-123.097028,47.204873,35.6],[-123.094422,47.204667,46.8],[-123.092295,47.203638,58.2],[-123.091583,47.201888,69.6],[-123.092676,47.199382,67.0],[-123.098713,47.194358,39.2],[-123.098581,47.189615,45.6],[-123.099391,47.187457,61.6],[-123.0974,47.182692,45.8],[-123.100338,47.180187,38.2],[-123.098045,47.177851,45.8],[-123.096646,47.1748,54.6],[-123.096456,47.171614,63.4],[-123.096212,47.166208,56.4],[-123.095981,47.16104,60.4],[-123.0958,47.157139,65.8],[-123.095564,47.151933,61.2],[-123.095268,47.145352,52.2],[-123.095396,47.140254,47.8],[-123.097798,47.134068,24.2],[-123.102341,47.130334,14.4],[-123.108771,47.128364,15.8],[-123.113792,47.125175,12.2],[-123.116275,47.121573,16.0],[-123.120514,47.120557,23.2],[-123.12585,47.11823,20.0],[-123.128803,47.114577,19.6],[-123.131686,47.112624,33.8],[-123.133398,47.109475,35.0],[-123.138221,47.105912,29.4],[-123.142807,47.104685,37.2],[-123.149284,47.103466,33.6],[-123.155723,47.103177,37.8],[-123.160874,47.101611,45.0],[-123.163421,47.100957,57.8],[-123.168923,47.099588,56.8],[-123.176873,47.099386,45.2],[-123.182382,47.099432,52.8],[-123.188919,47.099058,52.6],[-123.194462,47.099663,59.0],[-123.199875,47.099083,64.6],[-123.204955,47.097023,68.0],[-123.20982,47.096985,74.0],[-123.214337,47.097205,83.2],[-123.217471,47.0965,99.8],[-123.21987,47.09612,111.8],[-123.22218,47.096005,123.6],[-123.224406,47.094331,133.8],[-123.228298,47.091933,140.6],[-123.231097,47.087639,137.4],[-123.233324,47.083205,138.4],[-123.241401,47.081262,131.0],[-123.251048,47.079376,118.0],[-123.258306,47.080273,114.2],[-123.265293,47.079602,110.6],[-123.272681,47.077545,106.2],[-123.280563,47.075959,100.8],[-123.288563,47.074297,95.6],[-123.295575,47.07102,89.4],[-123.297424,47.066115,85.4],[-123.297414,47.061114,81.8],[-123.299905,47.056682,78.0],[-123.305208,47.052863,73.6],[-123.311025,47.049417,69.2],[-123.317067,47.045844,63.4],[-123.322994,47.042103,50.8],[-123.329715,47.040263,51.6],[-123.335357,47.038404,49.6],[-123.339643,47.035414,48.4],[-123.344093,47.030958,41.4],[-123.347561,47.030245,47.6],[-123.352835,47.02796,45.6],[-123.359005,47.026423,44.4],[-123.365261,47.022734,27.2],[-123.368859,47.020387,39.2],[-123.374244,47.017383,36.4],[-123.379671,47.014096,32.0],[-123.38559,47.010221,28.4],[-123.390907,47.0066,17.2],[-123.391331,47.006109,18.6],[-123.394192,47.00535,21.2],[-123.400261,47.004683,22.8],[-123.405702,47.004145,21.8],[-123.414478,47.003651,17.8],[-123.423108,47.003336,16.2],[-123.430861,47.003139,16.8],[-123.438134,47.002342,15.8],[-123.445387,47.000713,12.6],[-123.452709,47.002532,11.4],[-123.459525,47.004951,12.2],[-123.466164,47.006201,12.4],[-123.47335,47.005287,12.2],[-123.479546,47.003182,15.2],[-123.481697,47.000121,14.2],[-123.482249,46.999638,13.4],[-123.488912,47.000285,15.4],[-123.495311,46.999449,18.8],[-123.502646,46.997613,15.2],[-123.510036,46.994904,14.2],[-123.514889,46.992781,14.4],[-123.519327,46.990299,16.2],[-123.525752,46.988457,15.8],[-123.532252,46.98687,13.0],[-123.538648,46.984605,11.6],[-123.546079,46.984434,12.8],[-123.553077,46.982092,11.0],[-123.55909,46.982469,13.2],[-123.559117,46.983068,13.2],[-123.560066,46.985237,13.4],[-123.566598,46.98384,12.4],[-123.573894,46.982243,10.8],[-123.581104,46.980764,10.8],[-123.588062,46.979879,13.0],[-123.595518,46.979614,13.6],[-123.600799,46.979512,15.2],[-123.600978,46.97431,9.6],[-123.60207,46.968914,9.2],[-123.604365,46.964487,13.6],[-123.603737,46.962227,17.2],[-123.604389,46.958208,14.4],[-123.60861,46.955837,19.6],[-123.611832,46.952204,19.4],[-123.615575,46.948646,20.4],[-123.618937,46.946741,29.8],[-123.626702,46.944813,17.8],[-123.633071,46.944007,17.0],[-123.640763,46.944302,13.2],[-123.647896,46.94485,11.2],[-123.652673,46.9428,18.2],[-123.658602,46.940235,17.0],[-123.666065,46.93844,9.6],[-123.671591,46.937473,18.4],[-123.675329,46.936914,29.8],[-123.678441,46.935669,39.0],[-123.682553,46.93438,46.2],[-123.687084,46.933725,53.2],[-123.691613,46.932904,60.0],[-123.698952,46.931318,48.0],[-123.706303,46.930647,47.6],[-123.713686,46.928848,45.6],[-123.71692,46.924556,46.6],[-123.718376,46.919615,44.6],[-123.717853,46.915926,46.8],[-123.717353,46.911401,46.0],[-123.717687,46.906535,45.4],[-123.717313,46.901449,44.4],[-123.715703,46.896775,45.6],[-123.714973,46.891841,44.6],[-123.713785,46.887103,44.6],[-123.710536,46.883131,46.8],[-123.706755,46.879978,50.0],[-123.707637,46.876387,54.6],[-123.708474,46.87393,65.2],[-123.707731,46.870916,71.6],[-123.70939,46.869466,83.4],[-123.710536,46.868222,92.6],[-123.710927,46.866622,103.2],[-123.710446,46.865,113.6],[-123.70995,46.863501,124.0],[-123.709406,46.861911,133.4],[-123.709528,46.860138,142.4],[-123.713666,46.855376,119.0],[-123.717403,46.848408,100.4],[-123.719487,46.840598,70.4],[-123.719116,46.835582,71.8],[-123.720011,46.833504,82.6],[-123.72018,46.831748,90.4],[-123.719798,46.82996,99.4],[-123.721175,46.828558,111.2],[-123.722989,46.827595,121.8],[-123.725407,46.826349,129.6],[-123.729929,46.821204,100.8],[-123.735769,46.814591,72.2],[-123.740859,46.810265,75.8],[-123.744728,46.806888,74.4],[-123.746921,46.804046,79.2],[-123.74594,46.798528,65.4],[-123.742294,46.796685,80.2],[-123.739879,46.796369,89.2],[-123.738633,46.795023,100.0],[-123.738703,46.793516,108.6],[-123.740184,46.792097,117.6],[-123.740721,46.785878,88.2],[-123.740649,46.778284,59.6],[-123.744437,46.773713,56.4],[-123.748145,46.769433,56.0],[-123.751715,46.765307,56.8],[-123.754683,46.761363,58.2],[-123.753504,46.756604,55.8],[-123.751289,46.751728,52.8],[-123.749654,46.748071,53.8],[-123.747632,46.744685,55.8],[-123.744802,46.740718,55.4],[-123.743892,46.738417,66.2],[-123.744726,46.736461,76.8],[-123.746147,46.735017,86.2],[-123.747893,46.733856,95.6],[-123.746842,46.732184,103.6],[-123.745093,46.73058,112.4],[-123.744722,46.728649,122.0],[-123.743256,46.727427,130.6],[-123.740692,46.725208,132.0],[-123.743171,46.719109,108.0],[-123.741683,46.712356,84.2],[-123.740014,46.709581,93.8],[-123.739737,46.705299,83.2],[-123.738312,46.697586,36.6],[-123.732892,46.691376,18.2],[-123.733437,46.687156,11.6],[-123.733443,46.683718,12.0],[-123.732064,46.683123,12.4],[-123.732566,46.681754,16.4],[-123.735888,46.681841,11.0],[-123.738792,46.680828,11.4],[-123.738613,46.680889,11.2],[-123.741076,46.680701,11.2],[-123.742536,46.681229,11.8],[-123.744667,46.68378,9.0],[-123.748512,46.68507,10.4],[-123.753115,46.68348,10.0],[-123.758289,46.680575,10.0],[-123.762749,46.677194,9.6],[-123.768469,46.674278,9.2],[-123.773619,46.672743,9.6],[-123.779135,46.671181,9.6],[-123.784977,46.669524,9.8],[-123.788893,46.667886,9.8],[-123.793753,46.664972,9.4],[-123.80035,46.663213,9.0],[-123.806718,46.664371,11.4],[-123.812816,46.667264,9.2],[-123.81543,46.670838,10.8],[-123.818973,46.674085,10.6],[-123.822867,46.678421,8.8],[-123.826452,46.682159,9.0],[-123.829968,46.685638,8.8],[-123.833567,46.689197,8.6],[-123.837179,46.692762,7.6],[-123.840778,46.6963,7.4],[-123.845155,46.699068,7.4],[-123.850168,46.697824,7.4],[-123.855576,46.695105,6.2],[-123.861835,46.691911,6.2],[-123.86851,46.688508,6.8],[-123.874256,46.685003,8.2],[-123.880436,46.685311,10.2],[-123.884181,46.685662,24.4],[-123.886965,46.684802,34.4],[-123.889267,46.683546,45.6],[-123.892526,46.682159,50.2],[-123.901761,46.679047,9.8],[-123.908239,46.677786,10.0],[-123.914421,46.677534,17.6],[-123.91808,46.675722,21.8],[-123.921092,46.671745,23.0],[-123.918991,46.668249,25.6],[-123.919364,46.664367,25.2],[-123.9198,46.660178,35.0],[-123.920708,46.654982,17.4],[-123.918604,46.648883,13.2],[-123.918615,46.643993,13.0],[-123.91979,46.639701,15.8],[-123.920491,46.637145,29.0],[-123.922135,46.631766,11.6],[-123.923253,46.62677,16.2],[-123.921511,46.622528,22.4],[-123.916833,46.618897,19.2],[-123.914301,46.614703,19.0],[-123.915722,46.608761,8.6],[-123.917864,46.603505,9.0],[-123.919369,46.59947,17.2],[-123.9184,46.595202,19.0],[-123.917002,46.590802,19.2],[-123.916177,46.586185,15.8],[-123.915749,46.581402,18.0],[-123.916083,46.577411,19.6],[-123.915827,46.572486,16.4],[-123.912793,46.569051,20.2],[-123.909395,46.565461,21.8],[-123.905778,46.561625,21.4],[-123.9024,46.558047,22.4],[-123.898952,46.554406,22.6],[-123.894803,46.55004,12.6],[-123.892127,46.545885,20.2],[-123.890793,46.540958,12.2],[-123.889803,46.536781,19.6],[-123.889201,46.534306,30.8],[-123.888374,46.530793,31.0],[-123.887037,46.525212,23.2],[-123.885915,46.519399,8.0],[-123.885979,46.514023,10.4],[-123.886101,46.510305,21.2],[-123.886276,46.505053,12.2],[-123.886923,46.499338,8.2],[-123.887877,46.494824,9.4],[-123.88781,46.490426,10.0],[-123.887431,46.486466,13.0],[-123.887509,46.483669,23.4],[-123.887921,46.479555,21.4],[-123.884496,46.474728,11.2],[-123.881506,46.471635,19.4],[-123.879512,46.467752,21.0],[-123.87754,46.463417,23.4],[-123.874524,46.45953,22.0],[-123.873853,46.454881,20.6],[-123.873765,46.453016,22.4],[-123.872075,46.448733,22.6],[-123.869105,46.445144,26.2],[-123.864361,46.441983,27.4],[-123.860193,46.439271,34.4],[-123.856983,46.436994,45.0],[-123.856169,46.431176,17.4],[-123.861991,46.430646,9.8],[-123.868205,46.430928,12.6],[-123.875523,46.430426,10.8],[-123.882231,46.431547,13.4],[-123.888094,46.434129,11.6],[-123.894003,46.435335,12.4],[-123.900741,46.434694,10.6],[-123.903458,46.43144,19.2],[-123.908668,46.429429,10.2],[-123.91465,46.430373,10.8],[-123.919446,46.427583,11.0],[-123.92018,46.425313,23.6],[-123.92124,46.422574,26.8],[-123.926457,46.4179,9.0],[-123.932556,46.41656,8.6],[-123.936855,46.412916,10.8],[-123.938078,46.408437,12.0],[-123.938585,46.403529,7.8],[-123.94473,46.403831,8.6],[-123.951387,46.402837,9.6],[-123.95123,46.399845,17.2],[-123.950998,46.395688,12.8],[-123.952041,46.390576,9.2],[-123.950185,46.386085,8.8],[-123.95218,46.383054,8.6],[-123.953118,46.378793,8.4],[-123.950227,46.374707,8.2],[-123.950701,46.369987,7.8],[-123.951909,46.365157,8.2],[-123.953119,46.3603,7.8],[-123.954317,46.355479,8.0],[-123.955487,46.350834,8.0],[-123.959634,46.348023,11.6],[-123.961684,46.346167,23.6],[-123.962949,46.34494,33.4],[-123.965073,46.34437,43.8],[-123.967579,46.34379,55.8],[-123.969447,46.342475,66.0],[-123.972401,46.337383,40.4],[-123.980103,46.331814,6.8],[-123.986316,46.330688,14.0],[-123.992932,46.330761,7.4],[-123.999514,46.330872,7.6],[-124.005549,46.330623,7.6],[-124.005646,46.326037,8.0],[-124.006618,46.322222,8.0],[-124.012563,46.320998,7.8],[-124.018429,46.318976,7.6],[-124.022905,46.316053,7.6],[-124.025133,46.31322,20.4],[-124.027235,46.311814,31.4],[-124.033084,46.309835,13.6],[-124.04043,46.308905,8.4],[-124.043427,46.307919,8.6],[-124.0434,46.307388,8.6],[-124.041391,46.308166,8.6],[-124.04313,46.305723,8.0],[-124.040314,46.305771,7.6],[-124.04058,46.305959,9.0],[-124.043335,46.307276,8.6],[-124.045844,46.309278,10.2],[-124.049378,46.310186,23.2],[-124.051056,46.311694,37.0],[-124.052921,46.313189,48.4],[-124.057192,46.313832,49.6],[-124.061444,46.313083,50.2],[-124.063812,46.310523,56.4],[-124.062247,46.307357,43.4],[-124.062555,46.303175,20.2],[-124.0643,46.300298,33.8],[-124.063495,46.298721,46.8],[-124.060153,46.296405,47.2],[-124.058275,46.292901,42.8],[-124.055889,46.288912,37.0],[-124.054669,46.284145,12.2],[-124.057547,46.282727,11.8],[-124.058989,46.282281,12.0]]}},{"type":"Feature","properties":{"date":"2023-10-21","source_file":"2.gpx","dist_m":257535,"vert_up_m":1511,"vert_down_m":1629,"points":628},"geometry":{"type":"LineString","coordinates":[[-124.058274,46.283441,5.8],[-124.055572,46.283497,5.8],[-124.055937,46.285319,14.2],[-124.055925,46.287001,23.6],[-124.055863,46.28887,31.2],[-124.055094,46.290936,31.0],[-124.053039,46.294624,23.0],[-124.051526,46.296197,31.6],[-124.051735,46.299801,17.2],[-124.049302,46.30065,24.8],[-124.044737,46.302766,17.6],[-124.044716,46.306431,2.6],[-124.042242,46.308842,3.2],[-124.036318,46.308842,3.0],[-124.032646,46.310079,8.4],[-124.030675,46.310726,18.4],[-124.02853,46.311131,30.2],[-124.023923,46.314666,3.8],[-124.020328,46.318264,2.4],[-124.015372,46.319985,2.4],[-124.010491,46.321671,2.4],[-124.005288,46.321882,2.4],[-124.001102,46.321071,1.6],[-123.996358,46.322412,1.6],[-123.991218,46.322396,1.4],[-123.986138,46.321786,1.8],[-123.980928,46.321153,1.2],[-123.975829,46.320527,2.0],[-123.970755,46.319931,2.6],[-123.966201,46.319381,6.6],[-123.96161,46.318123,4.6],[-123.956627,46.316343,2.6],[-123.951636,46.314556,2.6],[-123.947844,46.312264,3.0],[-123.946016,46.308689,3.2],[-123.944278,46.305268,3.2],[-123.942582,46.301863,3.0],[-123.94084,46.298461,3.2],[-123.939076,46.294918,3.6],[-123.93725,46.291258,3.8],[-123.936676,46.287494,4.0],[-123.937317,46.28368,3.8],[-123.940424,46.281367,4.8],[-123.942509,46.278005,5.6],[-123.94221,46.27455,6.4],[-123.945295,46.272492,6.0],[-123.941896,46.269538,5.8],[-123.938172,46.266617,6.0],[-123.933761,46.264278,5.8],[-123.929765,46.261714,6.4],[-123.926705,46.258477,6.6],[-123.924033,46.254913,6.8],[-123.918617,46.251446,7.8],[-123.913599,46.248933,6.6],[-123.909277,46.246035,7.4],[-123.903045,46.245249,6.8],[-123.89724,46.243987,7.0],[-123.891555,46.24307,6.6],[-123.886182,46.242529,6.4],[-123.881095,46.241706,6.4],[-123.876242,46.241047,8.2],[-123.874101,46.239174,14.4],[-123.872718,46.236441,18.2],[-123.870481,46.232061,11.8],[-123.868583,46.228317,11.4],[-123.866713,46.224609,11.0],[-123.864807,46.220878,10.8],[-123.862891,46.217074,10.8],[-123.861017,46.213407,10.4],[-123.859102,46.20964,10.2],[-123.857238,46.205952,10.0],[-123.855501,46.202519,12.4],[-123.854587,46.2007,24.6],[-123.853849,46.19924,34.4],[-123.853102,46.19776,44.6],[-123.852331,46.196301,54.6],[-123.851589,46.194833,64.8],[-123.850402,46.192465,65.6],[-123.852094,46.187538,27.0],[-123.853864,46.187281,10.4],[-123.858269,46.185242,11.6],[-123.861902,46.182448,8.4],[-123.864977,46.179513,10.0],[-123.867289,46.177332,16.4],[-123.870636,46.174398,15.0],[-123.877116,46.171466,6.8],[-123.882769,46.169087,7.2],[-123.88826,46.16676,7.2],[-123.893552,46.164356,7.0],[-123.898466,46.161516,5.2],[-123.903173,46.158833,5.4],[-123.908173,46.155947,5.6],[-123.912339,46.153532,8.2],[-123.915081,46.150466,14.2],[-123.91762,46.147404,14.4],[-123.920792,46.143381,7.4],[-123.923726,46.139663,7.8],[-123.926763,46.135877,7.8],[-123.929148,46.132061,11.2],[-123.928308,46.128073,15.2],[-123.92695,46.123742,16.0],[-123.925362,46.119305,15.4],[-123.923951,46.115013,16.2],[-123.922729,46.111275,17.6],[-123.921673,46.107688,20.2],[-123.920036,46.103867,19.0],[-123.917895,46.09903,11.2],[-123.917078,46.094354,9.0],[-123.917105,46.091317,16.8],[-123.916242,46.087527,18.0],[-123.915483,46.083594,18.0],[-123.916409,46.07904,10.2],[-123.91703,46.075697,12.0],[-123.916861,46.07167,12.2],[-123.916319,46.067235,11.4],[-123.915846,46.062777,10.0],[-123.915434,46.058494,9.6],[-123.914976,46.054141,9.6],[-123.914198,46.049753,9.2],[-123.913792,46.045407,9.2],[-123.913442,46.040728,9.2],[-123.91333,46.036063,8.4],[-123.912884,46.031536,9.0],[-123.912207,46.027066,8.6],[-123.911619,46.023064,10.6],[-123.911501,46.019078,10.6],[-123.911291,46.014839,8.8],[-123.912037,46.010465,7.6],[-123.915268,46.006932,7.6],[-123.916856,46.002659,8.0],[-123.918044,45.999421,9.2],[-123.919523,45.995432,9.4],[-123.922369,45.993103,8.6],[-123.922989,45.993343,8.4],[-123.922951,45.993336,8.6],[-123.923023,45.993278,8.6],[-123.921133,45.992296,9.6],[-123.922219,45.988336,9.4],[-123.924866,45.984501,8.6],[-123.926578,45.980372,8.4],[-123.928142,45.976101,8.0],[-123.925981,45.971551,7.4],[-123.924661,45.967045,8.0],[-123.923573,45.962676,9.6],[-123.925709,45.959253,13.2],[-123.926174,45.95617,13.8],[-123.926762,45.952015,13.8],[-123.923934,45.947877,12.6],[-123.920868,45.9438,13.6],[-123.919109,45.940221,20.4],[-123.920882,45.938302,33.0],[-123.92552,45.935344,26.4],[-123.927532,45.932353,35.2],[-123.928428,45.929443,43.2],[-123.929737,45.926545,52.6],[-123.931478,45.924304,63.2],[-123.933199,45.922851,74.6],[-123.934853,45.921909,84.2],[-123.936535,45.920871,93.8],[-123.937806,45.919677,104.2],[-123.938347,45.917999,115.2],[-123.938684,45.916172,123.4],[-123.940964,45.914574,128.2],[-123.948051,45.912469,107.0],[-123.953921,45.904522,43.6],[-123.954921,45.896743,7.6],[-123.956394,45.892732,12.8],[-123.957496,45.889521,16.8],[-123.961495,45.888002,15.4],[-123.963103,45.885623,21.2],[-123.963352,45.88407,27.8],[-123.962164,45.88209,37.6],[-123.959946,45.879225,17.8],[-123.959961,45.874774,13.8],[-123.95991,45.871252,12.6],[-123.959862,45.86808,16.6],[-123.959864,45.864457,18.8],[-123.960619,45.862056,29.6],[-123.960812,45.860041,38.6],[-123.962566,45.857583,46.6],[-123.961553,45.854733,48.2],[-123.960484,45.849917,36.2],[-123.959234,45.843777,21.0],[-123.958549,45.84171,34.0],[-123.957855,45.83992,43.6],[-123.958472,45.838363,53.6],[-123.960219,45.834708,44.2],[-123.9598,45.82901,34.2],[-123.960658,45.826744,45.4],[-123.960919,45.822428,28.4],[-123.961266,45.817302,21.0],[-123.961473,45.813608,19.4],[-123.961756,45.810427,23.0],[-123.964051,45.804924,8.0],[-123.965374,45.802185,19.6],[-123.966972,45.798443,41.4],[-123.966016,45.796922,50.0],[-123.964173,45.795849,61.0],[-123.962433,45.794556,72.4],[-123.961422,45.793092,83.8],[-123.960835,45.79165,93.6],[-123.960118,45.790017,103.6],[-123.959517,45.788371,113.8],[-123.958929,45.786839,123.8],[-123.958311,45.785291,132.6],[-123.957602,45.783563,142.2],[-123.956646,45.781947,152.0],[-123.954495,45.780153,157.4],[-123.94777,45.776537,130.6],[-123.945992,45.770554,83.4],[-123.953342,45.764588,43.8],[-123.959024,45.760503,39.8],[-123.958622,45.758907,49.6],[-123.958379,45.757255,61.6],[-123.960503,45.756245,75.0],[-123.962569,45.755678,86.6],[-123.963478,45.754431,96.8],[-123.9636,45.752771,107.2],[-123.963516,45.751056,117.4],[-123.963015,45.749526,126.4],[-123.962109,45.74779,136.8],[-123.961419,45.74615,147.0],[-123.960381,45.744677,156.8],[-123.959202,45.743897,162.8],[-123.957144,45.743118,170.4],[-123.954993,45.742066,179.2],[-123.951941,45.740899,184.6],[-123.946595,45.739526,178.2],[-123.93772,45.737385,155.2],[-123.930856,45.731573,116.4],[-123.928369,45.722633,54.2],[-123.923468,45.720206,34.0],[-123.915578,45.717432,19.2],[-123.907758,45.718174,14.2],[-123.902591,45.71906,26.4],[-123.900693,45.718241,37.6],[-123.894344,45.71764,10.4],[-123.893456,45.714306,12.0],[-123.892261,45.710354,15.4],[-123.888816,45.709098,19.6],[-123.885678,45.705599,9.4],[-123.882533,45.702067,8.8],[-123.878488,45.700295,16.4],[-123.877249,45.697723,13.6],[-123.879828,45.692913,10.4],[-123.881962,45.689908,10.0],[-123.885644,45.687971,16.4],[-123.891423,45.686313,11.0],[-123.894151,45.686499,22.6],[-123.898681,45.686984,21.8],[-123.903991,45.687192,18.2],[-123.909091,45.688894,24.0],[-123.914084,45.689076,19.8],[-123.921586,45.688412,12.0],[-123.923902,45.685757,9.4],[-123.923719,45.682536,19.8],[-123.923891,45.679459,19.2],[-123.924171,45.674917,15.6],[-123.923597,45.671061,20.0],[-123.925703,45.666437,10.0],[-123.92808,45.662841,12.8],[-123.929091,45.659784,11.6],[-123.929796,45.656279,19.8],[-123.930525,45.654047,27.8],[-123.93222,45.649896,21.4],[-123.935294,45.645988,9.4],[-123.939167,45.641744,7.6],[-123.94047,45.637823,7.6],[-123.941187,45.63376,7.6],[-123.941866,45.629446,6.2],[-123.942484,45.625542,6.4],[-123.943003,45.621912,6.4],[-123.943314,45.618305,7.0],[-123.943704,45.614468,7.2],[-123.944384,45.6106,7.6],[-123.945047,45.606662,8.2],[-123.945726,45.602663,8.0],[-123.946408,45.598679,9.2],[-123.947117,45.594546,9.2],[-123.947841,45.590325,10.8],[-123.947633,45.586354,10.8],[-123.946246,45.58291,14.6],[-123.945509,45.579509,11.4],[-123.944958,45.57622,15.0],[-123.944088,45.572945,16.6],[-123.942265,45.569132,12.8],[-123.939807,45.566765,11.6],[-123.935518,45.563403,11.2],[-123.933157,45.560471,13.6],[-123.928595,45.559347,22.6],[-123.924706,45.558552,33.0],[-123.917296,45.55902,9.8],[-123.910302,45.559414,10.8],[-123.905417,45.561665,11.0],[-123.899822,45.562869,12.0],[-123.893184,45.563272,11.2],[-123.892823,45.559478,12.8],[-123.897539,45.557164,12.8],[-123.899992,45.553656,13.6],[-123.902778,45.550114,13.2],[-123.905478,45.546892,13.6],[-123.902462,45.543396,11.6],[-123.900338,45.539268,12.8],[-123.89909,45.534859,13.0],[-123.898043,45.531191,21.6],[-123.896863,45.52755,24.6],[-123.89171,45.523624,13.8],[-123.887489,45.520218,15.8],[-123.883857,45.516677,13.0],[-123.880045,45.512976,15.4],[-123.875292,45.509896,15.4],[-123.870233,45.507222,15.6],[-123.864596,45.504254,12.8],[-123.859177,45.501405,12.6],[-123.85361,45.498479,13.4],[-123.850164,45.495471,16.4],[-123.847489,45.492023,22.2],[-123.845944,45.489538,29.2],[-123.845328,45.484317,13.8],[-123.844799,45.480133,15.6],[-123.844458,45.476514,14.2],[-123.844399,45.472343,12.2],[-123.84463,45.468541,12.4],[-123.84458,45.468526,12.4],[-123.844637,45.46794,13.2],[-123.844543,45.464388,12.4],[-123.844426,45.459834,12.0],[-123.843987,45.457062,16.8],[-123.843964,45.453383,15.6],[-123.84322,45.450357,14.6],[-123.843014,45.450549,14.6],[-123.84317,45.44808,13.8],[-123.838719,45.44491,14.2],[-123.834307,45.441728,15.2],[-123.829915,45.438557,15.0],[-123.825605,45.435305,14.4],[-123.82415,45.431418,17.4],[-123.824297,45.427353,16.2],[-123.824379,45.422755,12.8],[-123.824455,45.418414,12.8],[-123.824463,45.414338,14.6],[-123.82443,45.410261,16.2],[-123.821248,45.406744,15.0],[-123.816487,45.40413,17.0],[-123.812043,45.401699,20.0],[-123.807778,45.399356,22.4],[-123.804113,45.396553,25.0],[-123.802734,45.392802,28.2],[-123.803179,45.389608,32.2],[-123.803665,45.386945,37.6],[-123.804149,45.384058,43.4],[-123.804337,45.380772,45.4],[-123.804367,45.377183,46.0],[-123.804428,45.373245,44.6],[-123.804466,45.369694,47.8],[-123.804504,45.365687,47.6],[-123.804706,45.362137,52.8],[-123.808202,45.359468,50.6],[-123.809708,45.355554,50.8],[-123.810542,45.352101,52.0],[-123.813849,45.348493,48.2],[-123.816839,45.345285,49.6],[-123.819984,45.342059,52.2],[-123.824603,45.340701,55.4],[-123.82961,45.340262,58.4],[-123.832992,45.338371,64.6],[-123.835023,45.336566,72.6],[-123.837387,45.334157,77.2],[-123.836911,45.329932,73.0],[-123.837126,45.324879,67.0],[-123.840567,45.321168,65.4],[-123.844178,45.322241,71.0],[-123.848808,45.32456,67.2],[-123.853262,45.326838,69.8],[-123.858867,45.327821,68.4],[-123.864516,45.327911,69.0],[-123.869718,45.328017,69.4],[-123.874979,45.327884,70.6],[-123.879297,45.326693,72.8],[-123.883701,45.325511,73.4],[-123.887353,45.323418,77.2],[-123.889833,45.322509,89.4],[-123.892706,45.322496,97.4],[-123.899475,45.320879,70.8],[-123.910227,45.320193,31.6],[-123.916739,45.318215,27.0],[-123.921738,45.318131,24.0],[-123.922829,45.313963,17.6],[-123.923035,45.309627,13.0],[-123.92308,45.304905,8.4],[-123.923218,45.301412,12.8],[-123.923409,45.298245,15.6],[-123.923576,45.294524,17.6],[-123.923749,45.290096,11.6],[-123.92943,45.287243,4.4],[-123.933821,45.284622,7.8],[-123.937451,45.2816,8.2],[-123.939896,45.278645,9.0],[-123.942518,45.274959,7.0],[-123.945638,45.272369,13.6],[-123.946712,45.268907,9.8],[-123.950472,45.265612,9.4],[-123.953736,45.263119,8.6],[-123.957565,45.260137,9.4],[-123.960894,45.256903,5.2],[-123.964006,45.253254,6.8],[-123.965737,45.249459,8.0],[-123.967309,45.245991,8.2],[-123.967462,45.245675,8.4],[-123.968366,45.243128,8.2],[-123.969176,45.240605,18.4],[-123.969162,45.238616,29.6],[-123.968347,45.236821,39.4],[-123.964088,45.237321,41.4],[-123.959925,45.23578,42.8],[-123.95755,45.232735,45.2],[-123.958055,45.229725,52.6],[-123.958624,45.225836,47.2],[-123.957169,45.218686,16.6],[-123.954365,45.213488,7.0],[-123.956308,45.210241,5.0],[-123.959716,45.207068,5.4],[-123.962149,45.203715,6.2],[-123.961399,45.20018,6.6],[-123.958322,45.197015,6.6],[-123.955052,45.193862,7.2],[-123.952373,45.190907,6.6],[-123.948224,45.188332,11.0],[-123.945837,45.184174,8.6],[-123.943146,45.180738,11.2],[-123.936144,45.180569,6.8],[-123.930277,45.179718,7.0],[-123.926515,45.177844,5.0],[-123.929602,45.173983,6.6],[-123.930507,45.169612,5.6],[-123.93137,45.165569,6.2],[-123.934346,45.162154,5.2],[-123.939491,45.160819,7.6],[-123.945393,45.159469,6.8],[-123.950306,45.157819,9.0],[-123.954244,45.154944,11.8],[-123.95609,45.152273,20.6],[-123.957744,45.149965,29.6],[-123.96031,45.148357,38.8],[-123.963834,45.147136,46.6],[-123.967826,45.145409,49.8],[-123.969427,45.142016,50.0],[-123.96744,45.137786,39.2],[-123.967267,45.131899,27.0],[-123.969401,45.128888,35.2],[-123.969563,45.124115,22.2],[-123.967941,45.120157,24.8],[-123.96858,45.117795,34.8],[-123.970386,45.113979,29.0],[-123.975602,45.10869,10.0],[-123.979621,45.104695,7.0],[-123.982022,45.100957,7.4],[-123.97919,45.097559,6.6],[-123.975939,45.094214,7.6],[-123.973098,45.091251,11.6],[-123.969972,45.088793,13.8],[-123.96647,45.08663,17.2],[-123.964075,45.085216,29.8],[-123.962273,45.084241,41.6],[-123.96023,45.083603,54.2],[-123.957945,45.082938,67.0],[-123.956585,45.081698,80.0],[-123.955482,45.080592,92.2],[-123.953353,45.080375,103.8],[-123.951171,45.080285,116.2],[-123.949413,45.079351,129.0],[-123.948944,45.077948,141.2],[-123.948137,45.076496,154.0],[-123.946659,45.075392,165.0],[-123.946277,45.074023,177.0],[-123.9477,45.072924,190.6],[-123.948601,45.071579,203.0],[-123.947733,45.070139,214.2],[-123.947155,45.06865,227.6],[-123.94807,45.066645,237.4],[-123.948718,45.060907,200.6],[-123.954493,45.053778,139.8],[-123.954325,45.044457,75.8],[-123.951841,45.035938,20.4],[-123.955074,45.030615,13.2],[-123.960249,45.027647,11.2],[-123.965719,45.025179,9.8],[-123.970703,45.022931,10.0],[-123.974524,45.01983,11.8],[-123.975994,45.01603,12.6],[-123.978855,45.013019,18.0],[-123.977972,45.009573,23.4],[-123.979252,45.007442,33.0],[-123.981487,45.005471,40.4],[-123.986051,45.002483,34.2],[-123.991107,44.999452,25.8],[-123.997203,44.997651,20.0],[-124.001665,44.997112,24.2],[-124.00483,44.995951,36.2],[-124.006527,44.994724,39.6],[-124.006266,44.9913,37.4],[-124.006096,44.987039,37.2],[-124.007309,44.984429,44.6],[-124.007818,44.981598,46.6],[-124.011392,44.977714,40.6],[-124.013675,44.973519,26.4],[-124.016967,44.967129,12.6],[-124.017706,44.964081,23.2],[-124.01526,44.961339,24.6],[-124.013777,44.958596,32.8],[-124.013994,44.955582,37.2],[-124.013939,44.951459,25.0],[-124.017403,44.946544,17.4],[-124.02129,44.942425,16.4],[-124.021631,44.939873,30.0],[-124.023224,44.937952,38.8],[-124.023636,44.936016,43.6],[-124.019877,44.931598,19.2],[-124.016224,44.929105,5.4],[-124.013904,44.926119,9.8],[-124.014612,44.92248,8.8],[-124.010203,44.91927,5.8],[-124.006407,44.915886,5.4],[-124.005204,44.912031,8.2],[-124.006168,44.907524,6.0],[-124.007136,44.903395,9.0],[-124.007745,44.900151,15.2],[-124.009336,44.895923,7.8],[-124.015549,44.893855,7.6],[-124.021525,44.891862,7.6],[-124.024846,44.889382,8.4],[-124.028021,44.886183,8.6],[-124.030625,44.882663,15.0],[-124.032377,44.879086,20.8],[-124.033453,44.875597,25.0],[-124.034582,44.871565,23.0],[-124.03598,44.866263,17.2],[-124.036853,44.863553,27.2],[-124.038604,44.860386,30.4],[-124.040888,44.856196,27.2],[-124.043346,44.851755,26.6],[-124.045679,44.847498,26.6],[-124.048259,44.843154,25.0],[-124.051747,44.838199,15.0],[-124.053957,44.835172,26.4],[-124.056614,44.831464,25.0],[-124.061212,44.828797,25.4],[-124.063177,44.828602,26.6],[-124.064056,44.828934,22.8],[-124.065204,44.82823,24.0],[-124.065556,44.825288,23.6],[-124.064226,44.821155,21.0],[-124.063052,44.817591,21.4],[-124.062486,44.813654,22.2],[-124.061955,44.809546,20.6],[-124.061224,44.806429,27.0],[-124.061691,44.803291,30.6],[-124.063753,44.799609,32.4],[-124.065309,44.795624,32.0],[-124.065607,44.790651,29.8],[-124.067885,44.786956,32.4],[-124.07229,44.783897,29.0],[-124.072325,44.779947,29.2],[-124.072292,44.776638,30.0],[-124.072789,44.77428,43.0],[-124.071855,44.772145,54.8],[-124.072397,44.770405,65.4],[-124.070046,44.769955,75.4],[-124.067782,44.768727,85.2],[-124.066729,44.766824,96.8],[-124.066461,44.764921,108.2],[-124.064134,44.763727,119.6],[-124.064628,44.762167,131.2],[-124.065417,44.760405,141.6],[-124.064318,44.759897,150.4],[-124.064363,44.759738,136.6],[-124.060539,44.756909,111.6],[-124.057108,44.753536,84.4],[-124.052895,44.749886,58.8],[-124.055893,44.745879,42.2],[-124.055895,44.741157,32.0],[-124.056461,44.736471,26.2],[-124.057032,44.731808,21.2],[-124.057742,44.727003,21.2],[-124.058405,44.723073,24.4],[-124.058411,44.718332,21.8],[-124.058342,44.714148,27.4],[-124.059026,44.711228,35.4],[-124.060414,44.706674,20.4],[-124.06136,44.701442,16.8],[-124.062214,44.697416,23.8],[-124.062675,44.694591,34.8],[-124.063349,44.691142,39.0],[-124.063665,44.685721,30.0],[-124.063208,44.682625,39.4],[-124.062581,44.68049,46.4],[-124.06122,44.677105,47.6],[-124.058742,44.671249,26.8],[-124.056962,44.666984,30.2],[-124.056788,44.66235,20.0],[-124.056019,44.65723,13.2],[-124.056361,44.654883,26.8],[-124.056648,44.653187,37.4],[-124.056869,44.649812,41.8],[-124.057804,44.646628,47.4],[-124.059439,44.642348,31.2],[-124.060701,44.638822,14.4],[-124.06056,44.638381,16.6],[-124.060983,44.636574,25.6],[-124.063278,44.634151,22.8],[-124.063429,44.630119,26.6],[-124.062656,44.626739,25.4],[-124.059745,44.625027,34.4],[-124.059405,44.624743,36.4],[-124.056956,44.622616,42.6],[-124.052557,44.618788,21.2],[-124.050382,44.612738,4.2],[-124.052866,44.608353,6.6],[-124.055568,44.604235,5.4],[-124.058269,44.60016,5.2],[-124.060292,44.600262,6.0],[-124.063673,44.601603,6.6],[-124.061495,44.6039,5.8],[-124.061106,44.604777,5.8],[-124.061165,44.605076,5.8],[-124.061268,44.604457,5.8],[-124.060795,44.606089,6.4],[-124.060322,44.605838,6.8]]}},{"type":"Feature","properties":{"date":"2023-10-22","source_file":"3.gpx","dist_m":241731,"vert_up_m":1554,"vert_down_m":1598,"points":590},"geometry":{"type":"LineString","coordinates":[[-124.061178,44.604657,11.6],[-124.063492,44.602595,12.4],[-124.061262,44.60065,12.6],[-124.059762,44.597857,10.2],[-124.062349,44.593924,11.2],[-124.064149,44.591147,20.4],[-124.064162,44.588341,27.6],[-124.064377,44.586005,40.6],[-124.064949,44.581707,26.8],[-124.065971,44.577997,36.6],[-124.067087,44.57309,19.2],[-124.06797,44.570091,35.4],[-124.06929,44.564866,16.4],[-124.070344,44.56088,22.2],[-124.071282,44.557267,23.4],[-124.072098,44.552789,20.2],[-124.072808,44.548151,18.2],[-124.073609,44.543067,10.4],[-124.074029,44.539684,16.2],[-124.074448,44.535763,18.4],[-124.074913,44.531317,12.2],[-124.075142,44.526705,8.8],[-124.072378,44.523418,8.8],[-124.070551,44.520224,9.0],[-124.075023,44.519091,16.6],[-124.076355,44.517356,25.8],[-124.077889,44.513911,24.8],[-124.079273,44.510823,23.6],[-124.08046,44.506523,21.2],[-124.081124,44.503406,22.6],[-124.082024,44.499388,24.2],[-124.083267,44.494416,15.6],[-124.083366,44.490645,20.0],[-124.082732,44.487204,24.6],[-124.081275,44.483282,20.0],[-124.079536,44.478533,16.8],[-124.079731,44.474696,19.8],[-124.079834,44.470407,18.0],[-124.079017,44.467316,24.0],[-124.077216,44.462402,15.6],[-124.075889,44.458787,20.2],[-124.074782,44.455841,24.6],[-124.073769,44.45263,29.6],[-124.07383,44.449431,32.8],[-124.074219,44.446118,37.6],[-124.074541,44.442881,42.4],[-124.075035,44.43923,43.6],[-124.074997,44.439468,44.2],[-124.074077,44.435065,29.6],[-124.070178,44.431487,27.0],[-124.067429,44.42621,10.6],[-124.071534,44.422923,10.8],[-124.075189,44.420692,18.4],[-124.07705,44.419444,26.4],[-124.081071,44.415919,18.2],[-124.083985,44.411914,16.0],[-124.084725,44.408025,20.0],[-124.085549,44.403593,21.8],[-124.085991,44.399428,19.0],[-124.086236,44.395658,19.2],[-124.087311,44.390536,14.2],[-124.088738,44.386172,14.0],[-124.088211,44.381536,12.6],[-124.088418,44.377532,17.4],[-124.089387,44.372991,12.8],[-124.090294,44.368986,16.2],[-124.091042,44.365378,19.4],[-124.092056,44.36085,16.4],[-124.092995,44.356465,15.8],[-124.093927,44.352138,13.4],[-124.094849,44.347829,12.8],[-124.095795,44.343562,13.4],[-124.096672,44.339431,13.4],[-124.097557,44.335558,18.6],[-124.098404,44.331855,19.6],[-124.100015,44.327635,21.4],[-124.101715,44.323318,22.6],[-124.103142,44.319682,27.2],[-124.10466,44.315707,27.6],[-124.104056,44.311536,24.4],[-124.099289,44.308855,14.4],[-124.102041,44.306181,23.8],[-124.105012,44.303973,26.0],[-124.10804,44.300109,24.2],[-124.109281,44.296816,30.0],[-124.110871,44.294746,35.0],[-124.110473,44.292224,41.6],[-124.108284,44.291229,52.0],[-124.109698,44.29016,62.2],[-124.111632,44.289284,71.0],[-124.113121,44.288154,78.4],[-124.113129,44.288105,78.6],[-124.110116,44.285006,57.4],[-124.109771,44.280439,33.8],[-124.112405,44.277259,36.2],[-124.112708,44.274158,39.6],[-124.107854,44.269791,19.8],[-124.107086,44.266689,28.6],[-124.107835,44.262847,29.6],[-124.109865,44.262026,41.2],[-124.109626,44.259508,45.6],[-124.110841,44.254588,31.8],[-124.111908,44.250453,31.4],[-124.111786,44.246508,31.4],[-124.111404,44.24234,29.4],[-124.111298,44.240211,38.8],[-124.11161,44.239036,39.0],[-124.109855,44.235253,32.6],[-124.109527,44.230524,22.6],[-124.109154,44.225486,19.0],[-124.111412,44.221404,20.0],[-124.113221,44.218631,25.4],[-124.113449,44.21591,33.8],[-124.113281,44.213412,41.6],[-124.113457,44.210138,38.6],[-124.114952,44.20626,39.4],[-124.114761,44.204539,51.4],[-124.1137,44.203081,60.0],[-124.113579,44.200234,59.0],[-124.113552,44.19522,47.0],[-124.114136,44.191638,52.2],[-124.114482,44.186663,37.0],[-124.115212,44.181342,26.6],[-124.115028,44.177698,31.2],[-124.115837,44.172082,20.6],[-124.114456,44.168468,24.0],[-124.1138,44.164245,25.2],[-124.115067,44.160426,26.0],[-124.116074,44.156929,30.8],[-124.116532,44.153857,34.0],[-124.116867,44.151409,43.6],[-124.117134,44.149326,52.4],[-124.117447,44.147087,61.6],[-124.117684,44.145094,68.8],[-124.11763,44.143001,77.4],[-124.117462,44.141532,88.0],[-124.117355,44.139945,97.6],[-124.121836,44.137799,80.6],[-124.121765,44.13394,39.8],[-124.122528,44.130428,54.4],[-124.122834,44.128753,64.0],[-124.123314,44.127677,70.6],[-124.124443,44.126281,79.6],[-124.125755,44.12511,88.8],[-124.126198,44.123504,98.0],[-124.126449,44.121768,108.8],[-124.124976,44.120719,116.8],[-124.123076,44.119857,126.2],[-124.120773,44.118694,134.4],[-124.11805,44.117984,138.6],[-124.120711,44.116639,145.8],[-124.123504,44.112537,124.0],[-124.121497,44.104556,75.0],[-124.115942,44.097601,31.0],[-124.11151,44.092604,20.4],[-124.109359,44.089167,23.0],[-124.107834,44.085377,21.8],[-124.106361,44.081602,25.0],[-124.105568,44.079628,35.6],[-124.104965,44.07817,44.4],[-124.103751,44.076885,53.0],[-124.101822,44.075233,60.0],[-124.101799,44.071975,62.6],[-124.098968,44.067103,53.6],[-124.098938,44.061575,43.4],[-124.099486,44.055594,26.2],[-124.098053,44.051576,28.2],[-124.098633,44.047687,28.6],[-124.098915,44.044647,36.8],[-124.09922,44.041302,38.2],[-124.09964,44.037492,42.0],[-124.100029,44.034033,46.2],[-124.100479,44.030055,46.2],[-124.100967,44.025611,47.2],[-124.101502,44.021009,43.4],[-124.101814,44.016192,40.4],[-124.101738,44.011264,38.2],[-124.10173,44.006656,37.2],[-124.101669,44.001905,33.0],[-124.1016,43.997622,30.2],[-124.100975,43.997147,30.2],[-124.101311,43.996948,29.8],[-124.101547,43.993062,27.0],[-124.101486,43.988604,24.8],[-124.10054,43.984936,23.0],[-124.100891,43.98439,23.0],[-124.100891,43.98439,23.0],[-124.100891,43.98439,23.0],[-124.100891,43.98439,23.0],[-124.100891,43.98439,23.0],[-124.100891,43.98439,23.0],[-124.100891,43.98439,23.0],[-124.100891,43.98439,23.0],[-124.100891,43.98439,23.0],[-124.100891,43.98439,23.0],[-124.100891,43.98439,23.0],[-124.100891,43.98439,23.0],[-124.100891,43.98439,23.0],[-124.100891,43.98439,23.0],[-124.100891,43.98439,23.0],[-124.100891,43.98439,23.0],[-124.100891,43.98439,23.0],[-124.100891,43.98439,23.0],[-124.100891,43.98439,23.0],[-124.100891,43.98439,23.0],[-124.100891,43.98439,23.0],[-124.100891,43.98439,23.0],[-124.101104,43.984184,22.8],[-124.101379,43.980198,19.4],[-124.102357,43.975966,17.6],[-124.104263,43.973351,16.4],[-124.106165,43.970727,15.0],[-124.108414,43.967122,15.8],[-124.108688,43.963791,22.4],[-124.10778,43.961082,30.0],[-124.105667,43.959831,39.4],[-124.104477,43.958175,49.6],[-124.104461,43.956286,60.8],[-124.104393,43.954214,70.0],[-124.104347,43.950286,64.0],[-124.104248,43.944912,55.6],[-124.104813,43.939323,42.0],[-124.106072,43.935047,46.6],[-124.107209,43.930741,41.2],[-124.107765,43.92699,50.2],[-124.10791,43.923604,54.6],[-124.108712,43.920042,58.8],[-124.110689,43.914813,41.2],[-124.11216,43.909025,33.6],[-124.114824,43.904298,24.6],[-124.11673,43.899459,23.4],[-124.118187,43.894831,22.2],[-124.119248,43.891366,23.0],[-124.120857,43.886216,17.0],[-124.12417,43.883083,18.6],[-124.126886,43.883156,29.0],[-124.128716,43.882198,36.8],[-124.129739,43.880224,41.2],[-124.130806,43.877837,50.0],[-124.1315,43.874671,53.2],[-124.132874,43.870895,55.2],[-124.136308,43.86667,49.0],[-124.14036,43.861875,35.8],[-124.143639,43.857119,31.2],[-124.145523,43.853824,39.6],[-124.146322,43.850849,43.6],[-124.147347,43.846606,41.6],[-124.148909,43.842064,32.2],[-124.150024,43.838944,41.6],[-124.15065,43.836364,52.0],[-124.14955,43.833551,52.8],[-124.148865,43.828934,49.0],[-124.147583,43.82497,53.0],[-124.149713,43.822833,60.4],[-124.15201,43.818113,41.2],[-124.153145,43.812111,16.4],[-124.153701,43.808183,23.0],[-124.149381,43.805036,16.4],[-124.147919,43.801002,18.2],[-124.148331,43.796871,19.2],[-124.149239,43.792243,20.8],[-124.150559,43.789943,29.0],[-124.147887,43.78725,30.4],[-124.145391,43.785598,41.2],[-124.143677,43.784477,52.0],[-124.142478,43.783218,62.4],[-124.142082,43.781795,72.4],[-124.142342,43.780443,82.6],[-124.142708,43.77874,92.0],[-124.143601,43.777049,101.6],[-124.144432,43.775565,110.2],[-124.144295,43.773853,119.0],[-124.143638,43.772156,128.6],[-124.141546,43.77074,136.2],[-124.137602,43.770214,140.0],[-124.131363,43.769382,129.2],[-124.129448,43.766226,135.4],[-124.12863,43.763475,140.0],[-124.122978,43.760629,123.0],[-124.124056,43.755492,113.2],[-124.122376,43.750305,75.8],[-124.113731,43.743369,19.8],[-124.111199,43.737855,17.8],[-124.111633,43.733507,18.0],[-124.111701,43.72928,17.2],[-124.109932,43.724979,16.8],[-124.107093,43.721165,17.8],[-124.10205,43.719352,20.4],[-124.099075,43.715606,19.4],[-124.099541,43.712379,27.0],[-124.10132,43.709134,28.2],[-124.103962,43.704776,19.4],[-124.106911,43.70224,16.2],[-124.110148,43.69956,15.6],[-124.11441,43.697182,15.4],[-124.116761,43.696628,26.0],[-124.11927,43.69606,31.6],[-124.123362,43.695125,30.6],[-124.127955,43.693706,30.2],[-124.132134,43.692425,36.4],[-124.13501,43.691536,44.0],[-124.138954,43.690296,46.0],[-124.144542,43.687238,27.2],[-124.149903,43.682677,16.4],[-124.154125,43.679685,16.6],[-124.158045,43.67655,16.0],[-124.162828,43.674389,15.8],[-124.168481,43.67432,16.2],[-124.174007,43.675054,17.0],[-124.177666,43.67342,21.8],[-124.179451,43.672535,33.2],[-124.180932,43.671629,42.4],[-124.182228,43.670417,52.0],[-124.183205,43.669281,60.8],[-124.184067,43.668132,71.0],[-124.185013,43.666919,81.4],[-124.185982,43.665469,92.2],[-124.18708,43.664101,103.4],[-124.187752,43.662727,113.2],[-124.187782,43.661094,122.8],[-124.188057,43.658825,130.0],[-124.188606,43.658291,131.8],[-124.189759,43.655757,132.0],[-124.189484,43.651293,127.2],[-124.18927,43.647197,123.2],[-124.190611,43.641215,98.2],[-124.18756,43.636333,90.6],[-124.184669,43.632862,94.0],[-124.183883,43.630083,100.6],[-124.182846,43.626453,97.0],[-124.181725,43.621845,98.8],[-124.181511,43.618877,105.4],[-124.181297,43.615676,107.2],[-124.180893,43.610547,91.4],[-124.180267,43.601587,42.0],[-124.181726,43.594678,33.4],[-124.183549,43.589445,29.6],[-124.184525,43.585149,27.8],[-124.185509,43.580673,23.6],[-124.189203,43.577827,26.2],[-124.19237,43.576339,30.8],[-124.196507,43.573509,21.4],[-124.199639,43.570083,23.0],[-124.201051,43.568545,30.6],[-124.202875,43.5665,36.0],[-124.205201,43.56357,34.2],[-124.206811,43.559743,32.2],[-124.20839,43.555299,21.4],[-124.209634,43.552,29.6],[-124.210548,43.549682,35.2],[-124.211686,43.546448,31.8],[-124.213273,43.542219,31.0],[-124.214302,43.539438,37.2],[-124.215264,43.536019,34.6],[-124.215729,43.531458,30.2],[-124.216126,43.526914,31.2],[-124.216415,43.523818,40.8],[-124.21666,43.520878,44.2],[-124.217049,43.516611,44.2],[-124.217438,43.512436,47.0],[-124.217789,43.508291,48.8],[-124.218178,43.503755,42.8],[-124.21875,43.497275,23.2],[-124.219834,43.491648,15.4],[-124.221704,43.486404,13.2],[-124.223061,43.48228,13.2],[-124.224129,43.477848,13.8],[-124.22401,43.473119,12.8],[-124.224915,43.468238,13.2],[-124.226197,43.463366,12.4],[-124.229042,43.459265,17.4],[-124.228928,43.455303,18.4],[-124.225563,43.451228,14.8],[-124.223319,43.446517,14.2],[-124.221091,43.441759,15.6],[-124.219902,43.438531,26.4],[-124.220535,43.43536,30.6],[-124.221024,43.432837,33.0],[-124.221573,43.430221,43.8],[-124.222092,43.427736,53.8],[-124.222977,43.423503,48.0],[-124.224152,43.416685,25.8],[-124.224121,43.412052,22.4],[-124.225862,43.410568,18.4],[-124.229347,43.409886,11.2],[-124.229355,43.408152,9.8],[-124.229714,43.406734,11.8],[-124.234263,43.406677,8.4],[-124.239067,43.406807,11.2],[-124.239098,43.406624,11.6],[-124.239433,43.404153,12.2],[-124.23941,43.400554,20.0],[-124.239403,43.39792,22.2],[-124.23941,43.394265,26.4],[-124.241981,43.391624,31.6],[-124.245056,43.391617,41.6],[-124.248048,43.391655,44.4],[-124.251939,43.391701,51.6],[-124.258285,43.391743,41.0],[-124.264498,43.391788,30.2],[-124.270233,43.391796,29.6],[-124.275815,43.392648,19.8],[-124.279199,43.3896,15.4],[-124.282129,43.38472,6.8],[-124.283646,43.381397,15.2],[-124.286769,43.377641,12.4],[-124.289894,43.374206,11.6],[-124.292652,43.370621,14.6],[-124.295687,43.367712,17.8],[-124.298777,43.364065,15.2],[-124.30301,43.360389,8.6],[-124.307489,43.358935,11.6],[-124.31083,43.35596,15.2],[-124.313165,43.352502,18.8],[-124.314592,43.348195,17.8],[-124.314751,43.343625,12.2],[-124.315736,43.341827,21.0],[-124.31953,43.338574,9.2],[-124.323728,43.339482,8.2],[-124.327402,43.339436,15.8],[-124.329445,43.340027,28.0],[-124.330727,43.33863,39.6],[-124.330628,43.337173,53.2],[-124.332856,43.336975,65.8],[-124.334771,43.335115,72.2],[-124.335152,43.333236,85.0],[-124.33577,43.331978,99.6],[-124.337488,43.330755,109.2],[-124.340898,43.328833,110.0],[-124.341377,43.324127,100.6],[-124.342209,43.32097,108.4],[-124.344506,43.317756,112.0],[-124.34707,43.317196,125.6],[-124.350205,43.316593,134.4],[-124.35086,43.31277,124.0],[-124.350288,43.309516,130.4],[-124.347907,43.305423,125.2],[-124.346056,43.301101,117.8],[-124.339284,43.299342,110.8],[-124.338348,43.296219,118.2],[-124.336654,43.292331,116.4],[-124.334894,43.287112,100.0],[-124.336609,43.283974,113.6],[-124.336993,43.280788,114.4],[-124.341745,43.280949,122.4],[-124.343346,43.281345,136.2],[-124.345208,43.280517,145.6],[-124.347527,43.278915,151.6],[-124.350396,43.278568,161.4],[-124.353234,43.277382,171.6],[-124.356142,43.275901,180.4],[-124.354095,43.271475,172.2],[-124.348492,43.271051,166.0],[-124.34513,43.2661,152.0],[-124.343139,43.263263,164.2],[-124.339857,43.259553,160.8],[-124.336723,43.254564,147.2],[-124.336524,43.249915,151.0],[-124.333114,43.243866,124.0],[-124.336144,43.241543,134.8],[-124.337944,43.241058,147.2],[-124.339256,43.239302,154.2],[-124.338692,43.236942,162.6],[-124.337822,43.233871,168.2],[-124.336022,43.230821,172.0],[-124.333763,43.226714,170.6],[-124.333841,43.223236,176.4],[-124.336027,43.221322,177.8],[-124.340808,43.219765,139.6],[-124.34869,43.219624,99.0],[-124.355409,43.214091,56.4],[-124.361513,43.214784,55.2],[-124.365787,43.214099,59.0],[-124.369587,43.213535,63.6],[-124.36921,43.210768,66.6],[-124.368474,43.206737,66.8],[-124.366241,43.203249,74.8],[-124.366105,43.199128,72.8],[-124.367145,43.19322,57.8],[-124.367707,43.187745,55.6],[-124.368685,43.183532,52.2],[-124.37063,43.178698,45.8],[-124.37246,43.173973,46.6],[-124.377064,43.170059,37.8],[-124.382723,43.165614,23.4],[-124.388421,43.161174,13.6],[-124.392559,43.157829,15.8],[-124.395265,43.153419,12.6],[-124.395538,43.148613,10.2],[-124.395515,43.146825,14.6],[-124.396578,43.142081,9.6],[-124.398056,43.138376,8.4],[-124.399308,43.133759,6.0],[-124.401577,43.129736,4.8],[-124.403519,43.125751,6.4],[-124.406718,43.121778,5.8],[-124.410398,43.11911,5.8],[-124.41411,43.117434,16.2],[-124.415123,43.114767,24.0],[-124.415108,43.110807,26.0],[-124.415138,43.105689,28.0],[-124.415161,43.100387,28.2],[-124.415161,43.094396,21.2],[-124.415176,43.089898,28.8],[-124.415215,43.085184,29.2],[-124.41523,43.079852,26.8],[-124.415276,43.074553,28.8],[-124.415283,43.069272,24.4],[-124.415291,43.06406,15.8],[-124.415306,43.059439,25.8],[-124.415298,43.054811,24.4],[-124.414879,43.049321,18.6],[-124.414727,43.045217,24.2],[-124.414871,43.041163,29.0],[-124.416039,43.036369,15.8],[-124.415321,43.033343,26.6],[-124.415371,43.030205,36.4],[-124.415397,43.025767,36.0],[-124.415283,43.020957,38.2],[-124.415207,43.016927,41.8],[-124.415085,43.012304,38.6],[-124.415741,43.005873,19.0],[-124.416001,43.000942,20.8],[-124.417229,42.997828,33.6],[-124.418709,42.993961,33.6],[-124.420403,42.989738,38.6],[-124.422242,42.985094,38.2],[-124.42363,42.979594,33.0],[-124.425454,42.974838,27.4],[-124.426835,42.971019,35.0],[-124.428833,42.966567,28.0],[-124.431743,42.961914,28.2],[-124.435679,42.957791,24.2],[-124.437829,42.954978,38.2],[-124.440354,42.951248,34.4],[-124.443437,42.945875,24.6],[-124.445634,42.941054,25.8],[-124.447663,42.936552,23.0],[-124.449799,42.931768,26.0],[-124.450058,42.927176,29.8],[-124.450256,42.922286,28.8],[-124.451501,42.917272,22.2],[-124.454636,42.912621,22.2],[-124.456696,42.909041,29.6],[-124.458222,42.904784,32.2],[-124.45973,42.90031,33.6],[-124.461342,42.895461,36.2],[-124.462279,42.890049,32.6],[-124.463142,42.886371,44.6],[-124.464241,42.883358,51.8],[-124.467677,42.879368,45.0],[-124.468697,42.875321,52.8],[-124.468154,42.871402,54.2],[-124.466461,42.868125,65.2],[-124.466667,42.865054,69.6],[-124.470041,42.859973,52.0],[-124.471818,42.855027,52.6],[-124.473304,42.850625,57.8],[-124.474579,42.845827,53.4],[-124.477292,42.839869,42.2],[-124.47873,42.833999,35.0],[-124.48204,42.828812,16.6],[-124.483124,42.822663,12.2],[-124.482575,42.817122,15.0],[-124.482216,42.81354,30.4],[-124.482453,42.81071,41.2],[-124.483888,42.807809,53.0],[-124.487222,42.807923,56.0],[-124.490848,42.809625,62.4],[-124.496316,42.811882,52.2],[-124.501093,42.813691,54.0],[-124.506038,42.815259,55.4],[-124.510874,42.817056,54.6],[-124.515542,42.819199,54.6],[-124.520359,42.821554,55.4],[-124.524818,42.824294,55.0],[-124.525375,42.829158,36.2],[-124.527921,42.83421,2.0],[-124.533312,42.836252,3.4],[-124.535149,42.838581,13.4],[-124.536896,42.839878,25.6],[-124.539048,42.840581,39.0],[-124.540979,42.841565,53.8],[-124.543676,42.841039,67.6],[-124.547609,42.838248,64.8],[-124.552476,42.836189,63.6],[-124.55165,42.833922,65.8],[-124.549575,42.831593,69.8],[-124.547707,42.831394,70.0],[-124.548737,42.830997,71.8]]}},{"type":"Feature","properties":{"date":"2023-10-23","source_file":"4.gpx","dist_m":242376,"vert_up_m":2209,"vert_down_m":2311,"points":600},"geometry":{"type":"LineString","coordinates":[[-124.547913,42.831573,70.8],[-124.549987,42.832012,70.2],[-124.55255,42.834525,67.4],[-124.557342,42.835541,63.4],[-124.557572,42.835491,64.0],[-124.554286,42.835799,65.2],[-124.550276,42.836459,67.2],[-124.54645,42.839091,67.4],[-124.542553,42.841334,68.8],[-124.537555,42.840146,34.0],[-124.53643,42.839471,26.6],[-124.531889,42.835577,6.0],[-124.525907,42.83346,4.6],[-124.524148,42.831533,18.2],[-124.524451,42.829892,30.6],[-124.525337,42.828556,44.4],[-124.524704,42.827012,58.2],[-124.524485,42.823618,59.6],[-124.519474,42.821055,58.6],[-124.51387,42.818306,57.8],[-124.508565,42.816065,57.4],[-124.50301,42.814218,56.6],[-124.497441,42.812277,52.6],[-124.492836,42.810482,58.4],[-124.489437,42.808904,60.4],[-124.484656,42.806287,56.0],[-124.485946,42.802408,55.6],[-124.487945,42.795685,23.8],[-124.491111,42.792458,32.6],[-124.49285,42.790643,42.8],[-124.494293,42.787829,48.8],[-124.494949,42.783012,45.0],[-124.495902,42.777474,36.0],[-124.497139,42.771341,21.4],[-124.497971,42.765664,15.0],[-124.497681,42.760254,14.0],[-124.497444,42.754933,13.6],[-124.497475,42.749817,14.2],[-124.497483,42.745309,20.0],[-124.49302,42.743458,23.8],[-124.491343,42.743332,26.0],[-124.488976,42.742588,37.4],[-124.486969,42.741779,48.0],[-124.48436,42.740296,52.6],[-124.478385,42.737213,25.0],[-124.473435,42.735802,27.6],[-124.472268,42.734349,39.8],[-124.471162,42.732492,49.8],[-124.469377,42.729662,50.4],[-124.466416,42.724697,40.8],[-124.466735,42.720276,42.2],[-124.462632,42.716466,31.4],[-124.460359,42.712355,33.0],[-124.458939,42.709499,40.4],[-124.458168,42.707592,51.8],[-124.457703,42.705667,59.8],[-124.456887,42.703119,67.0],[-124.455119,42.700305,71.4],[-124.45295,42.697874,78.6],[-124.453125,42.693867,72.0],[-124.447589,42.689391,44.0],[-124.440282,42.687693,13.8],[-124.435093,42.688856,17.0],[-124.431445,42.68716,22.2],[-124.427514,42.685866,24.2],[-124.423829,42.684235,29.8],[-124.419512,42.682891,34.6],[-124.41941,42.679305,37.0],[-124.419853,42.675799,43.2],[-124.419938,42.672812,49.2],[-124.418382,42.669737,53.2],[-124.41604,42.666979,57.2],[-124.413697,42.664163,61.6],[-124.412103,42.661803,68.4],[-124.411195,42.659632,75.2],[-124.410691,42.657396,82.4],[-124.410249,42.655012,89.2],[-124.408593,42.651811,86.4],[-124.408869,42.645522,59.6],[-124.406564,42.642541,71.6],[-124.405305,42.641115,79.8],[-124.403917,42.639403,85.4],[-124.402596,42.636925,90.0],[-124.401605,42.634809,100.6],[-124.400315,42.633531,109.0],[-124.4002,42.631909,118.8],[-124.39931,42.629448,115.8],[-124.398645,42.622124,68.4],[-124.394659,42.613926,11.2],[-124.391731,42.609857,15.6],[-124.391777,42.607629,21.4],[-124.392036,42.605944,30.4],[-124.393553,42.604688,42.2],[-124.3953,42.603909,52.8],[-124.396682,42.602792,63.2],[-124.397773,42.60143,72.2],[-124.398201,42.600914,74.6],[-124.398675,42.597727,71.8],[-124.399011,42.594108,77.6],[-124.394563,42.590576,67.6],[-124.392861,42.587385,71.8],[-124.392823,42.583818,71.8],[-124.392289,42.580556,71.6],[-124.39003,42.576496,61.0],[-124.389384,42.575392,57.6],[-124.387302,42.570125,34.4],[-124.384954,42.562913,11.6],[-124.388522,42.55858,11.8],[-124.391738,42.554815,12.8],[-124.394264,42.551396,14.0],[-124.395552,42.547447,16.2],[-124.396758,42.542741,15.4],[-124.39823,42.538473,18.6],[-124.400054,42.53454,21.2],[-124.401443,42.531556,29.8],[-124.402519,42.529309,36.6],[-124.404171,42.52575,37.0],[-124.406577,42.520584,31.0],[-124.409071,42.515186,22.4],[-124.410446,42.511003,25.4],[-124.409699,42.506991,28.6],[-124.410148,42.503081,34.2],[-124.41149,42.499679,38.0],[-124.413032,42.495922,41.2],[-124.41458,42.492088,46.0],[-124.416198,42.487953,43.6],[-124.417587,42.484111,46.2],[-124.418265,42.480014,50.6],[-124.418388,42.475876,54.6],[-124.418472,42.47187,58.4],[-124.418587,42.467393,57.0],[-124.418655,42.46537,56.8],[-124.419892,42.462969,56.2],[-124.419403,42.459324,47.2],[-124.420135,42.457836,55.2],[-124.422736,42.453901,41.0],[-124.423331,42.451441,50.0],[-124.427679,42.448243,35.2],[-124.429249,42.444649,31.8],[-124.432098,42.440514,24.6],[-124.432984,42.43556,15.0],[-124.431389,42.432245,22.8],[-124.4288,42.428471,21.8],[-124.424477,42.42747,13.8],[-124.419611,42.428867,12.8],[-124.414981,42.429623,17.2],[-124.413277,42.429192,28.0],[-124.413322,42.426014,27.8],[-124.416439,42.422355,18.2],[-124.416926,42.421853,15.6],[-124.41854,42.419279,23.0],[-124.419805,42.417037,30.6],[-124.420738,42.412843,26.2],[-124.420966,42.409699,17.6],[-124.420957,42.409689,17.6],[-124.420947,42.409678,17.6],[-124.420938,42.409667,17.6],[-124.420928,42.409656,17.4],[-124.420919,42.409645,17.2],[-124.420909,42.409635,17.4],[-124.4209,42.409624,17.4],[-124.42089,42.409613,17.4],[-124.420881,42.409602,17.4],[-124.420871,42.409591,17.6],[-124.420862,42.409581,17.4],[-124.420852,42.40957,17.4],[-124.420843,42.409559,17.4],[-124.420833,42.409548,17.6],[-124.420824,42.409537,17.4],[-124.420814,42.409527,17.4],[-124.420805,42.409516,17.4],[-124.420795,42.409505,17.6],[-124.420786,42.409494,17.4],[-124.420776,42.409483,17.6],[-124.420845,42.40892,17.8],[-124.421409,42.404919,18.2],[-124.422035,42.40071,22.6],[-124.422706,42.39622,23.0],[-124.422226,42.390665,11.8],[-124.423454,42.385805,16.4],[-124.422173,42.382131,28.0],[-124.421258,42.379956,41.0],[-124.420647,42.377951,52.0],[-124.420288,42.375731,60.8],[-124.420235,42.37353,68.6],[-124.420113,42.371439,80.0],[-124.419632,42.369828,88.8],[-124.419182,42.368249,96.8],[-124.418625,42.36646,108.0],[-124.417558,42.36506,118.6],[-124.416436,42.363714,129.0],[-124.416169,42.36212,139.8],[-124.414811,42.360467,149.4],[-124.41362,42.359117,158.8],[-124.413338,42.357465,168.6],[-124.412522,42.355863,176.8],[-124.412566,42.354093,188.6],[-124.413787,42.352529,200.2],[-124.414809,42.350717,210.6],[-124.416791,42.348365,216.6],[-124.417986,42.344959,219.0],[-124.414964,42.34113,216.4],[-124.412465,42.336911,210.2],[-124.418455,42.333899,199.4],[-124.421275,42.326424,129.8],[-124.416346,42.317071,41.6],[-124.411521,42.308083,15.0],[-124.410763,42.303477,17.0],[-124.408923,42.298752,18.2],[-124.406694,42.293354,16.4],[-124.404976,42.288215,15.6],[-124.405151,42.283028,15.6],[-124.404183,42.277565,14.8],[-124.402803,42.272444,17.8],[-124.40162,42.267974,26.6],[-124.400483,42.263859,33.0],[-124.399468,42.260028,41.0],[-124.398873,42.257825,55.4],[-124.398346,42.256144,66.6],[-124.397416,42.254556,76.2],[-124.395374,42.252662,86.6],[-124.392299,42.249932,89.6],[-124.391762,42.245602,90.4],[-124.392197,42.241134,91.0],[-124.390617,42.235589,70.6],[-124.385453,42.231657,63.8],[-124.384721,42.229891,78.2],[-124.38312,42.228528,89.0],[-124.381181,42.227102,99.4],[-124.379785,42.224661,107.4],[-124.376034,42.221651,103.2],[-124.373407,42.215634,58.8],[-124.374523,42.210567,59.2],[-124.373261,42.207383,64.8],[-124.373108,42.204011,66.8],[-124.373903,42.200084,68.6],[-124.370319,42.196907,72.0],[-124.368424,42.19465,80.0],[-124.366961,42.192139,88.0],[-124.365427,42.189452,97.8],[-124.362499,42.186999,104.6],[-124.359978,42.18384,107.2],[-124.358264,42.179282,102.6],[-124.358499,42.175564,110.2],[-124.357878,42.172611,115.8],[-124.359954,42.169496,122.0],[-124.359322,42.166123,119.8],[-124.357865,42.163176,116.0],[-124.359106,42.158985,115.6],[-124.360078,42.154122,112.4],[-124.357012,42.148524,87.6],[-124.352271,42.142245,61.8],[-124.351489,42.138428,67.6],[-124.349999,42.135133,74.2],[-124.350204,42.13331,88.0],[-124.349565,42.13154,98.6],[-124.348664,42.129905,111.2],[-124.348717,42.128434,122.0],[-124.349281,42.126859,133.2],[-124.349716,42.125032,143.8],[-124.349259,42.122442,151.0],[-124.349114,42.119659,151.6],[-124.348908,42.113687,126.0],[-124.344084,42.104547,71.0],[-124.33922,42.098601,68.2],[-124.336724,42.096032,79.0],[-124.334162,42.093028,82.0],[-124.329867,42.088336,66.8],[-124.323291,42.083216,47.6],[-124.319202,42.080961,56.8],[-124.315914,42.078986,64.8],[-124.31213,42.07571,61.8],[-124.308551,42.071251,59.2],[-124.306032,42.068033,65.6],[-124.302798,42.063835,53.4],[-124.29964,42.059589,54.8],[-124.296419,42.056527,61.4],[-124.290267,42.054991,54.0],[-124.284565,42.052465,55.2],[-124.280607,42.052756,59.0],[-124.273991,42.054725,48.0],[-124.266769,42.054696,40.8],[-124.262964,42.052816,52.6],[-124.260197,42.050535,58.4],[-124.257364,42.048189,61.0],[-124.253988,42.045381,63.6],[-124.250207,42.042215,63.2],[-124.246458,42.039116,65.2],[-124.245106,42.037995,60.2],[-124.244925,42.037934,60.0],[-124.24164,42.035131,57.6],[-124.237475,42.03168,52.8],[-124.233773,42.028603,56.2],[-124.230555,42.025934,64.8],[-124.22652,42.022594,60.0],[-124.222332,42.019159,60.2],[-124.217973,42.014957,45.0],[-124.213871,42.010194,32.8],[-124.210296,42.005376,20.8],[-124.208779,42.001323,23.6],[-124.208382,41.998564,28.6],[-124.208343,41.998398,28.6],[-124.208182,41.994594,28.4],[-124.207909,41.991495,30.6],[-124.205653,41.987202,28.0],[-124.2034,41.983394,29.0],[-124.203232,41.978664,32.0],[-124.202973,41.973007,23.4],[-124.202797,41.96792,23.0],[-124.202766,41.963161,26.4],[-124.20391,41.958555,30.0],[-124.204713,41.95419,34.0],[-124.201159,41.950533,32.2],[-124.195975,41.947182,22.0],[-124.190512,41.943664,24.0],[-124.183849,41.940592,25.6],[-124.177139,41.937648,27.2],[-124.170729,41.935053,33.2],[-124.163117,41.933511,29.0],[-124.156417,41.93229,35.2],[-124.150272,41.931138,39.0],[-124.144083,41.92895,35.8],[-124.140062,41.924734,33.4],[-124.13704,41.921064,39.6],[-124.136642,41.917402,46.2],[-124.136642,41.914111,47.8],[-124.136665,41.908915,37.4],[-124.136665,41.903817,35.8],[-124.136719,41.899564,40.0],[-124.136726,41.895889,45.8],[-124.136742,41.891141,42.8],[-124.136765,41.88541,32.8],[-124.136887,41.880958,30.0],[-124.137427,41.878509,27.4],[-124.138662,41.873153,22.4],[-124.139731,41.868506,22.2],[-124.140571,41.864684,27.2],[-124.141334,41.861486,36.4],[-124.14191,41.85826,43.2],[-124.142356,41.854282,45.4],[-124.14286,41.849763,48.2],[-124.14328,41.845192,49.0],[-124.143753,41.840527,48.8],[-124.144211,41.835976,49.2],[-124.144607,41.831365,45.8],[-124.145069,41.826471,40.8],[-124.145675,41.821169,36.0],[-124.146361,41.816011,34.2],[-124.146911,41.811443,36.8],[-124.147964,41.806295,31.6],[-124.149808,41.801488,29.4],[-124.154117,41.797355,25.2],[-124.159137,41.793937,23.8],[-124.163458,41.791009,25.4],[-124.167821,41.78805,27.0],[-124.172457,41.784908,26.8],[-124.177424,41.781539,26.2],[-124.182544,41.778054,25.0],[-124.187034,41.774025,22.8],[-124.190158,41.769203,21.2],[-124.194691,41.765959,23.6],[-124.197601,41.762049,23.4],[-124.198066,41.759679,21.0],[-124.197047,41.756939,24.8],[-124.193369,41.753569,17.2],[-124.193565,41.755261,18.2],[-124.193619,41.755268,18.2],[-124.194802,41.754728,18.6],[-124.190681,41.753119,16.6],[-124.185239,41.752076,16.6],[-124.180882,41.749229,16.8],[-124.176338,41.745915,17.0],[-124.170646,41.74388,16.4],[-124.165585,41.741571,15.6],[-124.160342,41.73908,14.8],[-124.154947,41.736493,15.4],[-124.1508,41.734522,25.8],[-124.148118,41.733178,38.6],[-124.146676,41.732038,51.0],[-124.145464,41.730928,62.2],[-124.144167,41.729887,74.6],[-124.143036,41.728596,88.2],[-124.142229,41.727003,102.0],[-124.14151,41.725495,116.0],[-124.140161,41.724218,128.4],[-124.139069,41.722852,141.0],[-124.138322,41.721211,154.2],[-124.13765,41.719754,166.4],[-124.136994,41.718183,178.8],[-124.136193,41.716637,191.8],[-124.135628,41.715222,204.4],[-124.1345,41.713856,217.2],[-124.132439,41.713356,230.6],[-124.13035,41.712952,243.4],[-124.129465,41.711595,257.2],[-124.127541,41.711022,269.4],[-124.127395,41.710021,282.6],[-124.129325,41.709492,295.6],[-124.131156,41.708863,308.0],[-124.131249,41.707475,320.2],[-124.13028,41.706147,330.6],[-124.125627,41.704885,326.2],[-124.123705,41.703069,335.8],[-124.121153,41.700158,330.4],[-124.118442,41.696037,327.6],[-124.116312,41.694896,339.6],[-124.113772,41.694356,348.4],[-124.11133,41.693367,358.2],[-124.109208,41.69249,370.6],[-124.107521,41.691384,381.6],[-124.106445,41.689869,390.4],[-124.10704,41.687726,393.6],[-124.107277,41.68548,398.4],[-124.113985,41.680287,348.8],[-124.113204,41.675762,352.2],[-124.113892,41.672853,362.0],[-124.113602,41.670953,360.0],[-124.114711,41.663882,326.2],[-124.115617,41.658446,317.2],[-124.115759,41.656333,328.0],[-124.115671,41.652887,334.8],[-124.114276,41.649063,330.8],[-124.115492,41.642358,286.0],[-124.1157,41.634424,240.6],[-124.112288,41.627901,206.8],[-124.109798,41.621708,172.4],[-124.106034,41.614115,118.4],[-124.102545,41.605663,55.4],[-124.100524,41.599537,30.0],[-124.100739,41.599087,30.0],[-124.100397,41.595293,29.6],[-124.096604,41.591641,26.8],[-124.093753,41.587786,25.4],[-124.090382,41.584997,32.0],[-124.08575,41.583859,36.2],[-124.081394,41.582407,40.8],[-124.076678,41.579268,40.2],[-124.073221,41.575572,38.4],[-124.070545,41.57088,28.0],[-124.068269,41.566729,31.4],[-124.064444,41.562862,24.8],[-124.060351,41.559327,23.2],[-124.05609,41.555285,22.4],[-124.053865,41.551142,25.8],[-124.052091,41.546507,20.4],[-124.050683,41.542308,20.2],[-124.048845,41.538406,21.8],[-124.04578,41.535202,26.2],[-124.042201,41.531623,26.0],[-124.038538,41.528055,27.0],[-124.03499,41.524375,27.6],[-124.032815,41.520746,29.6],[-124.031511,41.518645,31.2],[-124.030197,41.516613,30.4],[-124.028481,41.513165,31.6],[-124.030584,41.509056,26.4],[-124.032546,41.50512,27.4],[-124.033973,41.501797,34.8],[-124.036733,41.500082,43.8],[-124.039472,41.498552,52.4],[-124.042213,41.496857,61.0],[-124.043876,41.494917,69.0],[-124.044983,41.492935,78.8],[-124.046615,41.491646,92.0],[-124.047995,41.49035,103.2],[-124.049182,41.488851,114.0],[-124.050346,41.487362,126.4],[-124.051018,41.485779,137.8],[-124.050988,41.484151,149.4],[-124.050126,41.482264,161.6],[-124.048426,41.47947,164.4],[-124.044544,41.474656,150.0],[-124.041285,41.469639,133.0],[-124.040097,41.467397,141.8],[-124.038926,41.465771,147.0],[-124.037111,41.464033,158.8],[-124.035487,41.462024,169.0],[-124.03348,41.459959,178.2],[-124.031433,41.457324,184.6],[-124.031372,41.455103,196.2],[-124.030076,41.453602,208.8],[-124.028048,41.45255,221.0],[-124.026391,41.451215,234.2],[-124.025529,41.449662,247.6],[-124.024445,41.448235,259.8],[-124.022746,41.447145,270.8],[-124.020913,41.445947,283.2],[-124.02034,41.444192,296.0],[-124.020805,41.442517,307.4],[-124.021354,41.440836,317.6],[-124.021911,41.438871,330.8],[-124.02256,41.436871,339.2],[-124.022447,41.434398,346.2],[-124.020131,41.43198,353.2],[-124.017352,41.4298,361.4],[-124.014583,41.428181,370.8],[-124.010783,41.427819,378.8],[-124.008036,41.42597,389.6],[-124.004892,41.424763,396.6],[-124.000598,41.423954,399.8],[-123.997307,41.420961,395.0],[-123.999934,41.415744,376.6],[-124.003418,41.410848,355.8],[-124.000507,41.406316,352.2],[-123.997857,41.405709,364.4],[-123.995928,41.40444,378.0],[-123.994095,41.403141,390.4],[-123.993081,41.40167,402.6],[-123.993179,41.400049,415.6],[-123.993583,41.398267,429.6],[-123.993896,41.39628,440.2],[-123.993431,41.394006,449.4],[-123.994117,41.391597,461.2],[-123.994957,41.388577,466.0],[-123.995056,41.382223,429.8],[-123.992975,41.374342,364.6],[-123.990622,41.365657,290.0],[-123.995409,41.358554,209.8],[-124.007811,41.358894,150.2],[-124.016496,41.353833,97.8],[-124.026479,41.349283,48.4],[-124.030599,41.344465,32.8],[-124.033967,41.340466,30.6],[-124.030609,41.336639,26.0],[-124.030429,41.332139,25.4],[-124.029984,41.32975,24.6],[-124.032847,41.326453,24.2],[-124.037822,41.323268,23.0],[-124.040008,41.319364,23.0],[-124.041716,41.315192,23.4],[-124.044988,41.311754,25.2],[-124.045288,41.306798,22.2],[-124.045316,41.302788,24.6],[-124.050208,41.30047,25.6],[-124.054188,41.296429,22.4],[-124.057057,41.292266,20.4],[-124.058815,41.288591,24.2],[-124.061878,41.284872,19.2],[-124.067341,41.284664,18.0],[-124.072782,41.284737,17.4],[-124.078733,41.285617,16.8],[-124.083696,41.287247,17.4],[-124.088651,41.284975,15.8],[-124.092724,41.282071,19.0],[-124.094252,41.277361,19.0],[-124.095375,41.272115,18.2],[-124.09738,41.267093,19.6],[-124.097689,41.264212,34.0],[-124.09678,41.2606,38.8],[-124.094782,41.257474,45.2],[-124.093318,41.255915,59.4],[-124.09171,41.254634,72.4],[-124.089602,41.252895,84.8],[-124.087354,41.248439,75.2],[-124.084787,41.242539,43.8],[-124.083906,41.236283,23.8],[-124.083618,41.231658,20.2],[-124.085553,41.22724,18.8],[-124.0901,41.224828,21.8],[-124.094411,41.222613,26.0],[-124.096312,41.221154,37.8],[-124.098334,41.220139,50.2],[-124.100438,41.219441,62.2],[-124.10282,41.219135,75.4],[-124.105109,41.21859,87.0],[-124.107459,41.217057,96.6],[-124.108756,41.213153,91.0],[-124.110335,41.204413,37.2],[-124.11064,41.200365,44.4],[-124.110334,41.195869,25.6],[-124.110413,41.191851,28.6],[-124.109704,41.190118,40.6],[-124.108001,41.187577,45.8],[-124.107843,41.1853,57.2],[-124.106141,41.180266,44.6],[-124.102478,41.174796,18.8],[-124.101928,41.170545,20.8],[-124.104725,41.166325,17.4],[-124.109688,41.163345,16.2],[-124.115006,41.16085,15.8],[-124.119574,41.159493,18.8],[-124.122166,41.158728,32.4],[-124.124818,41.157221,40.8],[-124.128614,41.155092,46.0],[-124.132262,41.152982,52.0],[-124.134352,41.151617,66.4],[-124.135627,41.149846,79.2],[-124.136047,41.147932,92.0],[-124.136093,41.146028,104.4],[-124.136169,41.144063,117.8],[-124.137068,41.14168,129.0],[-124.142675,41.137734,105.4],[-124.148357,41.136357,91.8],[-124.152037,41.134714,90.0],[-124.154869,41.134678,75.0],[-124.158238,41.135648,64.6],[-124.158579,41.137994,59.4],[-124.156663,41.14023,59.8],[-124.159881,41.140164,54.0],[-124.160011,41.138642,59.8]]}},{"type":"Feature","properties":{"date":"2023-10-24","source_file":"5.gpx","dist_m":202723,"vert_up_m":1139,"vert_down_m":1010,"points":459},"geometry":{"type":"LineString","coordinates":[[-124.16079,41.138317,80.4],[-124.159996,41.138714,82.8],[-124.158559,41.140562,79.6],[-124.157645,41.139815,82.0],[-124.15908,41.13698,82.0],[-124.156616,41.135054,91.0],[-124.154305,41.134306,99.8],[-124.15348,41.132473,101.0],[-124.154865,41.129046,104.8],[-124.156178,41.125852,108.6],[-124.156605,41.122052,106.2],[-124.156731,41.118889,108.4],[-124.156658,41.117026,116.8],[-124.15617,41.113747,114.2],[-124.15826,41.109977,105.4],[-124.159729,41.107683,102.0],[-124.158611,41.104154,86.8],[-124.159817,41.102295,99.2],[-124.159241,41.100754,112.8],[-124.157455,41.097993,110.6],[-124.155107,41.093644,100.2],[-124.151578,41.090465,102.2],[-124.149494,41.08676,101.2],[-124.148212,41.083058,100.4],[-124.147148,41.079974,105.8],[-124.14575,41.076061,103.0],[-124.144375,41.072178,106.0],[-124.142712,41.067551,95.6],[-124.140684,41.062508,83.6],[-124.137687,41.059427,79.0],[-124.137415,41.057232,86.8],[-124.132531,41.054951,72.8],[-124.130054,41.053129,78.6],[-124.126836,41.051022,72.0],[-124.124786,41.04936,75.6],[-124.123707,41.047848,66.0],[-124.122723,41.045336,63.0],[-124.120522,41.043595,55.6],[-124.119259,41.041475,50.6],[-124.119215,41.039869,58.0],[-124.118183,41.038242,58.0],[-124.117078,41.035863,65.2],[-124.115529,41.034191,76.8],[-124.111843,41.033404,74.4],[-124.109174,41.029412,60.0],[-124.107342,41.023939,33.2],[-124.106979,41.018645,31.4],[-124.108375,41.014483,33.4],[-124.11027,41.011332,33.4],[-124.111748,41.006881,31.6],[-124.112888,41.002336,32.0],[-124.113529,40.997989,32.2],[-124.114189,40.994148,32.8],[-124.115219,40.991132,33.2],[-124.116161,40.987268,33.8],[-124.11716,40.983646,34.2],[-124.11779,40.980367,37.0],[-124.117882,40.978177,39.0],[-124.117485,40.976586,52.2],[-124.117733,40.974825,61.4],[-124.117043,40.973191,69.8],[-124.116554,40.970071,63.0],[-124.116459,40.965241,53.8],[-124.116516,40.961359,44.0],[-124.116554,40.95846,52.4],[-124.118082,40.956312,54.6],[-124.122929,40.956185,39.2],[-124.123006,40.953105,42.0],[-124.121689,40.95028,42.2],[-124.120274,40.946994,44.2],[-124.120285,40.943488,45.6],[-124.120186,40.940253,46.0],[-124.120075,40.936326,44.0],[-124.120197,40.932779,45.0],[-124.120239,40.928327,28.4],[-124.12038,40.925063,31.2],[-124.120262,40.922518,30.4],[-124.120262,40.918617,29.4],[-124.118265,40.916042,29.0],[-124.113167,40.916031,30.4],[-124.108119,40.915775,32.6],[-124.105728,40.913674,32.0],[-124.105782,40.909501,30.2],[-124.105804,40.905475,30.0],[-124.105835,40.901674,31.4],[-124.10585,40.897999,31.2],[-124.110567,40.897713,30.4],[-124.115574,40.897468,28.6],[-124.115566,40.893654,28.8],[-124.115585,40.88974,28.8],[-124.115646,40.885966,29.2],[-124.116238,40.883127,29.4],[-124.121245,40.883165,27.4],[-124.126794,40.883198,26.2],[-124.13047,40.88195,25.8],[-124.130951,40.878252,25.6],[-124.134142,40.876671,25.8],[-124.134987,40.873238,25.0],[-124.134972,40.870038,25.6],[-124.137245,40.868269,26.4],[-124.142344,40.867161,25.8],[-124.147345,40.86591,25.8],[-124.152285,40.864632,26.2],[-124.156718,40.862401,27.0],[-124.15953,40.859954,29.8],[-124.161453,40.85641,30.0],[-124.16355,40.852558,28.4],[-124.165504,40.848917,28.2],[-124.166611,40.845108,27.6],[-124.168438,40.84118,26.2],[-124.170551,40.837371,27.0],[-124.172546,40.833273,26.0],[-124.174503,40.829333,27.8],[-124.17648,40.82586,32.4],[-124.173501,40.823905,36.6],[-124.170549,40.821957,42.4],[-124.16641,40.819238,29.6],[-124.162034,40.816104,27.0],[-124.159639,40.813787,36.8],[-124.156154,40.810422,30.2],[-124.154087,40.807986,40.0],[-124.153728,40.803993,35.0],[-124.15592,40.802452,39.0],[-124.161513,40.801693,40.2],[-124.163147,40.799134,42.8],[-124.162258,40.795484,50.8],[-124.161507,40.792337,55.6],[-124.161327,40.788597,62.0],[-124.161362,40.784786,66.8],[-124.163338,40.782833,65.6],[-124.163551,40.782288,65.8],[-124.164695,40.782869,65.0],[-124.171062,40.782944,58.0],[-124.178193,40.783033,47.8],[-124.183394,40.780942,43.6],[-124.183378,40.776653,38.0],[-124.184214,40.773325,41.4],[-124.188,40.773365,36.0],[-124.190674,40.77286,37.0],[-124.191444,40.769062,28.6],[-124.191657,40.768693,28.6],[-124.191214,40.763904,26.8],[-124.190092,40.758673,28.4],[-124.191549,40.754191,26.4],[-124.194774,40.749672,27.0],[-124.199669,40.746812,29.4],[-124.199361,40.742582,33.6],[-124.204592,40.738921,25.8],[-124.209444,40.736496,25.6],[-124.212544,40.734344,26.2],[-124.214576,40.730302,29.6],[-124.215499,40.725056,24.4],[-124.2157,40.720295,26.8],[-124.215545,40.715354,31.4],[-124.212062,40.710449,28.4],[-124.20992,40.705878,33.2],[-124.206306,40.700621,23.6],[-124.203541,40.695281,23.4],[-124.202389,40.689635,23.8],[-124.201244,40.684073,24.0],[-124.201176,40.678452,24.6],[-124.201793,40.673055,26.2],[-124.202667,40.668219,29.8],[-124.203292,40.665973,44.8],[-124.203789,40.664278,56.0],[-124.204258,40.662617,67.2],[-124.204784,40.660677,80.2],[-124.20573,40.659016,91.6],[-124.207622,40.657126,101.2],[-124.210224,40.655047,113.0],[-124.21172,40.651244,110.2],[-124.208477,40.644484,96.6],[-124.211292,40.638247,91.0],[-124.21419,40.632415,83.8],[-124.216411,40.627849,88.6],[-124.212982,40.622195,53.6],[-124.205384,40.619917,53.4],[-124.200646,40.617126,63.2],[-124.195235,40.614801,63.0],[-124.189199,40.610404,48.2],[-124.184345,40.606954,51.6],[-124.178031,40.604736,48.8],[-124.172592,40.602043,51.0],[-124.167509,40.598789,50.4],[-124.161218,40.595604,40.6],[-124.157391,40.591637,41.4],[-124.154812,40.587008,40.4],[-124.154663,40.582976,40.8],[-124.154739,40.578598,42.8],[-124.150944,40.575543,40.8],[-124.148969,40.571579,44.0],[-124.148625,40.566833,44.4],[-124.147934,40.56246,45.0],[-124.14711,40.557703,44.6],[-124.146305,40.55301,44.4],[-124.14544,40.548091,46.6],[-124.144684,40.543146,46.2],[-124.146449,40.539027,50.2],[-124.149024,40.535313,48.0],[-124.151207,40.530165,45.4],[-124.151585,40.528363,50.8],[-124.150759,40.525476,53.0],[-124.146909,40.521332,52.8],[-124.14075,40.518576,49.2],[-124.13407,40.516032,49.2],[-124.127392,40.513486,50.4],[-124.123375,40.510451,60.2],[-124.118556,40.507716,59.2],[-124.112518,40.506178,64.8],[-124.107587,40.503328,65.0],[-124.106156,40.498798,64.4],[-124.103381,40.494933,65.2],[-124.1,40.490823,65.0],[-124.099479,40.486622,67.4],[-124.102802,40.483368,69.8],[-124.102886,40.479322,73.8],[-124.100376,40.47441,70.2],[-124.097561,40.469769,67.6],[-124.093044,40.465309,64.4],[-124.087229,40.461973,62.0],[-124.080449,40.460434,63.4],[-124.075556,40.459361,71.2],[-124.070568,40.458559,75.8],[-124.065896,40.455436,74.4],[-124.058242,40.454035,66.0],[-124.05016,40.453857,68.4],[-124.04624,40.452107,83.8],[-124.043397,40.450437,95.0],[-124.040364,40.447989,102.4],[-124.038838,40.441666,72.2],[-124.032913,40.439506,66.6],[-124.029915,40.441633,63.0],[-124.024621,40.442825,64.6],[-124.018702,40.444524,61.6],[-124.013234,40.446075,63.8],[-124.006776,40.446077,63.4],[-124.00009,40.446002,64.2],[-123.994057,40.446075,66.0],[-123.988496,40.445569,68.4],[-123.985513,40.441653,70.4],[-123.985173,40.436999,70.4],[-123.984921,40.432645,72.8],[-123.982952,40.428547,79.2],[-123.980309,40.425537,82.8],[-123.979684,40.424396,79.6],[-123.978016,40.419817,74.2],[-123.973769,40.416701,72.6],[-123.967821,40.416614,72.8],[-123.962485,40.415842,77.4],[-123.959809,40.413129,83.8],[-123.956419,40.410417,91.0],[-123.954037,40.408089,104.8],[-123.952457,40.406218,119.8],[-123.952263,40.404394,134.0],[-123.951095,40.402752,149.8],[-123.950012,40.401222,157.8],[-123.949993,40.401148,157.8],[-123.949883,40.401075,159.2],[-123.948739,40.399831,161.6],[-123.943964,40.397559,162.2],[-123.937581,40.396801,153.4],[-123.930871,40.392471,112.6],[-123.9272,40.386441,92.0],[-123.925213,40.381682,93.2],[-123.92506,40.378129,106.0],[-123.924782,40.375944,118.4],[-123.925142,40.373595,125.4],[-123.922768,40.368023,96.8],[-123.919434,40.362795,99.8],[-123.921098,40.358193,98.4],[-123.92495,40.355271,99.6],[-123.927183,40.351042,97.6],[-123.930546,40.347064,100.2],[-123.932882,40.34371,98.4],[-123.937345,40.339405,96.0],[-123.933478,40.335323,97.4],[-123.92947,40.331946,99.8],[-123.925838,40.327997,96.2],[-123.927268,40.322929,97.6],[-123.925824,40.318806,102.0],[-123.920807,40.315542,100.2],[-123.915235,40.313221,101.2],[-123.911235,40.309891,98.8],[-123.906517,40.306462,98.4],[-123.901226,40.303789,97.8],[-123.895732,40.302994,99.8],[-123.894645,40.298881,95.8],[-123.897098,40.294612,93.2],[-123.898946,40.290342,96.4],[-123.896069,40.285885,96.8],[-123.890569,40.283719,97.4],[-123.888749,40.279253,100.8],[-123.885115,40.275383,99.2],[-123.879781,40.272675,100.8],[-123.875526,40.269475,99.8],[-123.871731,40.266117,102.2],[-123.866723,40.26905,99.2],[-123.864674,40.271653,112.4],[-123.863815,40.273894,120.8],[-123.863247,40.277786,123.8],[-123.860934,40.282631,109.8],[-123.854079,40.28048,98.2],[-123.852242,40.276302,102.4],[-123.850323,40.272229,98.0],[-123.848348,40.267515,100.2],[-123.845194,40.263484,97.6],[-123.841286,40.259487,99.8],[-123.835469,40.258312,103.8],[-123.829948,40.257023,103.6],[-123.824156,40.256051,103.2],[-123.821288,40.252991,101.8],[-123.823057,40.248573,103.4],[-123.821481,40.243843,100.8],[-123.821453,40.241425,118.4],[-123.822601,40.239639,131.0],[-123.824329,40.237241,138.6],[-123.824421,40.233559,145.2],[-123.824185,40.229567,150.0],[-123.821805,40.225437,149.4],[-123.81843,40.220823,140.8],[-123.812804,40.218951,137.8],[-123.816261,40.218305,108.2],[-123.817777,40.217042,111.2],[-123.813478,40.216396,113.4],[-123.80783,40.218484,106.0],[-123.801711,40.220564,104.8],[-123.796101,40.218845,107.0],[-123.792721,40.214215,106.2],[-123.792218,40.209186,109.4],[-123.789478,40.205016,107.4],[-123.784918,40.202109,115.6],[-123.779351,40.200487,112.2],[-123.775248,40.196423,109.6],[-123.771837,40.19391,122.4],[-123.770988,40.191185,130.6],[-123.773177,40.187052,125.4],[-123.776247,40.181894,118.4],[-123.780269,40.180004,115.0],[-123.780678,40.178582,123.2],[-123.781482,40.17414,120.0],[-123.781318,40.16918,120.0],[-123.785532,40.164847,118.0],[-123.790456,40.161079,119.6],[-123.793573,40.15788,126.6],[-123.795372,40.153168,121.6],[-123.799783,40.148591,119.4],[-123.803757,40.145472,127.0],[-123.808378,40.141932,120.0],[-123.813238,40.138549,120.2],[-123.816623,40.134495,123.2],[-123.817276,40.132456,136.4],[-123.818367,40.130902,149.0],[-123.819061,40.129337,159.8],[-123.820458,40.128347,170.4],[-123.821434,40.127148,180.0],[-123.822673,40.12583,190.4],[-123.82463,40.124666,200.6],[-123.824147,40.121205,194.8],[-123.819837,40.117503,185.8],[-123.809947,40.115456,132.8],[-123.80231,40.11656,132.2],[-123.797966,40.11672,141.4],[-123.795609,40.115594,147.2],[-123.794601,40.111091,139.8],[-123.79581,40.108033,152.6],[-123.796295,40.105962,161.2],[-123.795795,40.104084,173.2],[-123.794891,40.102308,184.2],[-123.795078,40.099583,189.2],[-123.796413,40.097154,192.2],[-123.795318,40.095581,204.4],[-123.794071,40.09412,217.6],[-123.792358,40.092746,230.2],[-123.790855,40.09087,238.6],[-123.790039,40.087827,244.4],[-123.790371,40.084205,254.2],[-123.789897,40.079525,242.4],[-123.789615,40.069181,156.2],[-123.784771,40.065451,146.0],[-123.78185,40.062825,146.8],[-123.778771,40.062056,150.2],[-123.778343,40.06144,150.0],[-123.778663,40.060133,143.6],[-123.782245,40.057858,142.4],[-123.787085,40.056759,147.0],[-123.790124,40.056711,158.4],[-123.792499,40.055714,167.2],[-123.793358,40.051077,151.4],[-123.788977,40.047618,148.0],[-123.784397,40.045562,150.0],[-123.781353,40.042064,150.6],[-123.778709,40.039399,157.0],[-123.776543,40.036212,159.8],[-123.777679,40.032454,160.6],[-123.779927,40.031231,174.4],[-123.783718,40.032024,175.8],[-123.786312,40.034758,178.2],[-123.791736,40.035014,178.6],[-123.793716,40.031572,180.0],[-123.793698,40.02684,176.6],[-123.793088,40.020982,160.8],[-123.791378,40.016813,168.0],[-123.791243,40.013823,175.8],[-123.79066,40.009418,169.8],[-123.790588,40.00931,170.2],[-123.788644,40.007058,180.6],[-123.786153,40.00512,190.2],[-123.784569,40.002573,181.4],[-123.784929,40.000175,175.2],[-123.7881,39.997149,184.4],[-123.788594,39.992839,186.2],[-123.791738,39.989474,193.2],[-123.795614,39.986908,198.2],[-123.800764,39.983799,205.0],[-123.8019,39.978441,205.0],[-123.800518,39.975266,221.0],[-123.799397,39.973274,233.8],[-123.798203,39.971094,246.8],[-123.797036,39.968949,259.8],[-123.795739,39.966643,269.6],[-123.792112,39.963683,268.4],[-123.78265,39.959166,212.0],[-123.780074,39.953705,206.8],[-123.780845,39.951686,220.6],[-123.781292,39.9499,232.0],[-123.78101,39.947908,245.4],[-123.780175,39.945927,258.6],[-123.779285,39.943845,270.6],[-123.778404,39.941757,281.8],[-123.776667,39.939306,287.0],[-123.771422,39.934955,262.8],[-123.763939,39.931281,241.2],[-123.76078,39.926952,240.4],[-123.761007,39.924791,253.2],[-123.761783,39.922735,265.0],[-123.763369,39.92121,276.4],[-123.765243,39.919592,286.2],[-123.766881,39.916775,280.8],[-123.760503,39.914191,269.8],[-123.75768,39.910572,267.4],[-123.757161,39.906222,255.4],[-123.749718,39.906205,245.0],[-123.752234,39.902474,242.0],[-123.751873,39.899444,232.6],[-123.752489,39.896052,244.8],[-123.754032,39.894211,255.4],[-123.75084,39.89155,256.8],[-123.747636,39.887686,254.2],[-123.74192,39.887211,251.0],[-123.736128,39.885265,247.2],[-123.73462,39.882568,262.0],[-123.733723,39.880721,274.8],[-123.732548,39.878828,287.6],[-123.729574,39.878048,296.2],[-123.728394,39.878433,298.0],[-123.726799,39.877512,297.8],[-123.725586,39.877556,301.4],[-123.726684,39.877264,298.2],[-123.726515,39.877258,298.8]]}},{"type":"Feature","properties":{"date":"2023-10-25","source_file":"6.gpx","dist_m":247794,"vert_up_m":2395,"vert_down_m":2789,"points":607},"geometry":{"type":"LineString","coordinates":[[-123.725303,39.87751,303.0],[-123.725857,39.877997,305.0],[-123.721708,39.877265,308.8],[-123.718259,39.878475,313.6],[-123.714098,39.878003,314.2],[-123.711576,39.875805,322.4],[-123.711007,39.872495,316.8],[-123.713556,39.868486,319.0],[-123.718422,39.866123,286.0],[-123.724538,39.863144,262.6],[-123.725759,39.861523,273.0],[-123.72703,39.860671,283.4],[-123.727956,39.859589,292.4],[-123.728838,39.858647,303.2],[-123.729441,39.85751,314.0],[-123.729928,39.856194,320.6],[-123.730011,39.855049,330.4],[-123.729421,39.853853,339.6],[-123.729866,39.852496,348.8],[-123.729904,39.851165,360.4],[-123.730318,39.850128,370.2],[-123.731935,39.850513,377.8],[-123.733655,39.851013,387.2],[-123.734916,39.852032,394.8],[-123.736444,39.852625,402.2],[-123.735802,39.851999,412.6],[-123.735479,39.850804,422.6],[-123.734884,39.849773,433.0],[-123.735324,39.84898,443.0],[-123.737159,39.849458,453.4],[-123.738774,39.849394,462.4],[-123.740051,39.849289,473.8],[-123.74176,39.849386,481.4],[-123.74217,39.850388,490.8],[-123.741112,39.851402,501.4],[-123.741635,39.852747,510.2],[-123.743007,39.853086,517.4],[-123.744464,39.85316,525.4],[-123.743418,39.854375,534.4],[-123.743321,39.855832,543.8],[-123.74425,39.856841,554.0],[-123.744186,39.858157,562.4],[-123.744354,39.859183,571.6],[-123.7458,39.860067,580.6],[-123.747559,39.860532,590.4],[-123.749398,39.860779,599.0],[-123.750318,39.86077,601.0],[-123.753402,39.86072,601.0],[-123.756145,39.858456,603.6],[-123.759962,39.856354,604.2],[-123.76237,39.855641,604.2],[-123.764309,39.852207,578.6],[-123.767036,39.848691,542.6],[-123.770533,39.845157,500.8],[-123.77297,39.838223,459.0],[-123.774803,39.832996,444.6],[-123.776897,39.83051,444.2],[-123.779092,39.82663,439.8],[-123.781525,39.821421,413.4],[-123.782692,39.817608,371.4],[-123.786388,39.815115,377.6],[-123.788713,39.812137,382.0],[-123.792135,39.810042,385.0],[-123.796238,39.807791,382.6],[-123.803151,39.809051,360.4],[-123.80483,39.806961,318.4],[-123.807264,39.800914,264.2],[-123.810269,39.798147,220.2],[-123.814453,39.7947,169.0],[-123.819819,39.798389,126.4],[-123.816685,39.794656,110.8],[-123.817406,39.787768,92.0],[-123.821412,39.782475,80.4],[-123.827441,39.780318,72.0],[-123.832456,39.778663,65.0],[-123.832169,39.773631,59.2],[-123.830394,39.769765,60.6],[-123.826903,39.765822,52.0],[-123.823731,39.762206,49.4],[-123.821644,39.758194,48.0],[-123.821281,39.755141,46.2],[-123.819676,39.752929,46.4],[-123.81802,39.749305,43.8],[-123.816857,39.744959,38.6],[-123.817405,39.741026,37.4],[-123.816018,39.737403,41.2],[-123.814487,39.73615,54.0],[-123.812861,39.735475,66.6],[-123.811635,39.734662,77.8],[-123.810049,39.734036,88.4],[-123.809335,39.733372,100.4],[-123.809212,39.73223,113.0],[-123.809697,39.731284,126.0],[-123.810999,39.730983,137.4],[-123.812301,39.730078,149.0],[-123.813567,39.729091,159.2],[-123.814781,39.727963,170.4],[-123.815811,39.72707,180.6],[-123.814796,39.726186,192.6],[-123.813668,39.725494,205.8],[-123.813281,39.726416,218.4],[-123.811631,39.726996,229.6],[-123.810407,39.726477,241.0],[-123.809708,39.725483,253.2],[-123.80929,39.724255,262.8],[-123.805469,39.720859,240.4],[-123.803529,39.723487,178.2],[-123.801769,39.718618,113.6],[-123.803528,39.712298,44.0],[-123.805629,39.710978,51.4],[-123.806801,39.709728,60.0],[-123.805825,39.707055,62.4],[-123.803706,39.703088,51.8],[-123.802679,39.700011,59.2],[-123.801011,39.698973,66.4],[-123.799783,39.697014,71.4],[-123.798385,39.694628,75.4],[-123.794249,39.690995,66.2],[-123.792138,39.686104,55.2],[-123.790736,39.681099,48.0],[-123.789925,39.676881,45.2],[-123.790829,39.672716,46.6],[-123.790398,39.669234,50.4],[-123.788885,39.666504,55.2],[-123.786722,39.662806,50.4],[-123.784945,39.658052,37.2],[-123.784569,39.655377,47.0],[-123.784569,39.653546,57.2],[-123.781119,39.650031,37.0],[-123.781808,39.647984,40.6],[-123.783995,39.647535,49.2],[-123.784055,39.644267,51.4],[-123.784958,39.640212,51.0],[-123.784979,39.636038,51.0],[-123.782926,39.635407,63.2],[-123.782629,39.63322,71.8],[-123.782524,39.630949,78.8],[-123.782496,39.628599,90.8],[-123.782804,39.625761,94.8],[-123.781951,39.623642,106.8],[-123.781667,39.622584,109.2],[-123.781781,39.616604,80.6],[-123.778744,39.6129,37.4],[-123.779784,39.612574,50.2],[-123.781568,39.612755,61.8],[-123.78231,39.611516,71.6],[-123.782499,39.609851,84.6],[-123.78376,39.607098,82.4],[-123.785375,39.602819,74.4],[-123.783842,39.598094,59.6],[-123.782278,39.595519,67.2],[-123.779654,39.591901,57.2],[-123.777368,39.589464,65.2],[-123.775333,39.587854,72.2],[-123.77343,39.586623,85.0],[-123.772268,39.585386,92.8],[-123.772003,39.582325,84.6],[-123.772944,39.577144,68.0],[-123.771992,39.572087,55.0],[-123.770293,39.568019,57.4],[-123.765736,39.567354,28.6],[-123.766188,39.565469,42.4],[-123.766309,39.563751,47.6],[-123.765263,39.560341,42.8],[-123.76381,39.557595,38.6],[-123.763336,39.556144,48.6],[-123.763351,39.552952,48.6],[-123.762472,39.547907,32.2],[-123.761329,39.545711,41.6],[-123.759747,39.54444,51.0],[-123.757974,39.542934,57.0],[-123.756234,39.540095,60.8],[-123.756115,39.536255,61.8],[-123.759035,39.531864,48.2],[-123.75987,39.527008,41.8],[-123.761065,39.523421,45.4],[-123.761965,39.519793,46.6],[-123.762983,39.516675,49.2],[-123.764302,39.512515,47.0],[-123.765501,39.508659,44.4],[-123.767564,39.505694,52.6],[-123.771496,39.502948,53.6],[-123.774063,39.499991,57.4],[-123.777273,39.498587,61.8],[-123.780525,39.496201,60.6],[-123.782409,39.492545,50.4],[-123.784918,39.491027,42.0],[-123.78502,39.491021,41.8],[-123.788636,39.490441,36.4],[-123.794788,39.491016,26.4],[-123.797873,39.488966,25.6],[-123.799122,39.486988,32.0],[-123.801406,39.48378,32.0],[-123.80221,39.479607,30.8],[-123.802935,39.475359,29.2],[-123.803525,39.471422,24.6],[-123.805401,39.468127,30.6],[-123.80668,39.464333,30.6],[-123.806948,39.460457,31.4],[-123.808244,39.457271,34.2],[-123.808512,39.454164,36.8],[-123.807312,39.450946,38.2],[-123.806992,39.448001,42.0],[-123.806,39.445296,45.2],[-123.806068,39.443367,41.4],[-123.806084,39.439824,39.4],[-123.80617,39.435872,44.0],[-123.80632,39.432867,52.0],[-123.806539,39.429856,53.6],[-123.807355,39.425248,53.8],[-123.808031,39.420506,49.2],[-123.808305,39.415353,43.4],[-123.808563,39.411172,44.4],[-123.808809,39.406808,47.0],[-123.809059,39.402816,53.2],[-123.809227,39.399622,60.2],[-123.809688,39.395853,60.2],[-123.81141,39.390845,47.8],[-123.813017,39.38623,43.2],[-123.81446,39.382028,45.6],[-123.815976,39.377517,41.4],[-123.815794,39.373277,41.2],[-123.81401,39.370598,50.2],[-123.812615,39.368743,59.4],[-123.811288,39.366969,70.0],[-123.809698,39.364839,76.0],[-123.808495,39.360813,71.2],[-123.808562,39.356112,66.8],[-123.808622,39.352688,75.8],[-123.808699,39.349945,83.2],[-123.808701,39.347405,89.8],[-123.80867,39.344656,96.2],[-123.807715,39.340427,91.2],[-123.806281,39.335594,81.0],[-123.804719,39.329469,55.6],[-123.802866,39.324849,53.4],[-123.800585,39.320456,45.2],[-123.799993,39.31674,49.2],[-123.800525,39.314315,54.8],[-123.800459,39.312815,57.8],[-123.806356,39.311335,38.4],[-123.809639,39.308599,39.4],[-123.807787,39.305964,41.4],[-123.804916,39.306477,50.2],[-123.802272,39.306916,59.6],[-123.798824,39.307179,61.6],[-123.796353,39.305474,50.0],[-123.792337,39.304768,46.2],[-123.793865,39.299853,41.2],[-123.796194,39.297094,47.8],[-123.795461,39.293934,56.2],[-123.794076,39.292601,65.6],[-123.794689,39.288101,60.0],[-123.793713,39.285564,74.0],[-123.792456,39.282723,81.0],[-123.791655,39.277305,60.4],[-123.790245,39.273258,29.0],[-123.789308,39.271266,44.8],[-123.787479,39.269356,58.4],[-123.785762,39.266662,64.2],[-123.784191,39.261368,45.2],[-123.782171,39.25782,49.0],[-123.78132,39.255114,57.8],[-123.780363,39.25353,71.8],[-123.780119,39.251873,84.4],[-123.777771,39.249194,85.0],[-123.776001,39.245096,83.2],[-123.773744,39.242003,62.8],[-123.768386,39.238526,42.6],[-123.771569,39.238602,59.0],[-123.771816,39.237119,70.2],[-123.770618,39.234185,76.0],[-123.770055,39.229986,67.6],[-123.769276,39.225754,68.2],[-123.769986,39.22172,71.6],[-123.767926,39.217328,69.2],[-123.768219,39.213417,72.2],[-123.768341,39.211792,85.2],[-123.768496,39.209574,93.6],[-123.768387,39.205841,96.0],[-123.768392,39.201459,89.2],[-123.766997,39.197965,92.4],[-123.766152,39.195274,97.4],[-123.761026,39.194837,82.6],[-123.756056,39.198192,45.0],[-123.74919,39.19838,25.8],[-123.74773,39.196294,30.6],[-123.750474,39.196146,45.2],[-123.752595,39.196141,58.0],[-123.754126,39.195134,69.8],[-123.755139,39.193462,82.8],[-123.756105,39.191822,96.2],[-123.756308,39.19014,109.0],[-123.75493,39.186961,107.0],[-123.753324,39.181482,92.0],[-123.750645,39.17804,97.6],[-123.748646,39.17546,97.8],[-123.746061,39.172632,101.0],[-123.744008,39.16986,103.4],[-123.741482,39.165989,99.2],[-123.737162,39.163569,102.0],[-123.733899,39.162101,110.0],[-123.733309,39.159647,112.2],[-123.73422,39.155844,108.2],[-123.734668,39.151614,69.4],[-123.732785,39.146884,65.6],[-123.733312,39.144312,77.8],[-123.72847,39.141819,67.2],[-123.724001,39.138638,62.8],[-123.720649,39.136733,72.4],[-123.718349,39.133282,72.6],[-123.716514,39.129133,73.6],[-123.711707,39.12559,46.6],[-123.713861,39.124139,62.2],[-123.715712,39.123119,74.4],[-123.715907,39.120441,78.6],[-123.713889,39.116918,82.6],[-123.712598,39.11347,83.0],[-123.711663,39.109599,84.4],[-123.709254,39.105914,87.4],[-123.703596,39.105811,59.0],[-123.702962,39.100941,30.0],[-123.705169,39.101067,46.8],[-123.705468,39.100605,63.4],[-123.704896,39.100373,79.4],[-123.706704,39.10026,93.6],[-123.705957,39.099066,105.4],[-123.704019,39.095903,106.0],[-123.702482,39.092838,113.6],[-123.700372,39.088472,111.2],[-123.698891,39.085482,119.4],[-123.697305,39.082235,126.2],[-123.695311,39.078318,122.2],[-123.693669,39.073978,113.8],[-123.69227,39.070723,122.2],[-123.690556,39.067303,120.4],[-123.688466,39.062794,113.8],[-123.686593,39.058211,108.2],[-123.685573,39.055324,118.4],[-123.683992,39.051883,111.6],[-123.684939,39.048485,115.8],[-123.685318,39.044639,116.4],[-123.685603,39.040316,118.4],[-123.687476,39.034032,89.2],[-123.68825,39.031375,105.8],[-123.688306,39.031,108.6],[-123.688416,39.028628,116.0],[-123.688035,39.02424,105.6],[-123.685242,39.020355,77.6],[-123.688387,39.018304,84.4],[-123.68824,39.013492,77.8],[-123.68808,39.009075,81.0],[-123.688516,39.002947,52.6],[-123.689581,38.997131,37.6],[-123.688707,38.994971,54.0],[-123.686688,38.991884,53.4],[-123.684738,38.987848,54.6],[-123.685737,38.984782,65.2],[-123.686981,38.979555,55.2],[-123.686981,38.973978,45.6],[-123.686981,38.969976,52.8],[-123.686994,38.966364,58.4],[-123.686639,38.962669,62.8],[-123.685995,38.95797,54.6],[-123.688516,38.954042,58.2],[-123.691989,38.950064,52.6],[-123.698508,38.947514,41.4],[-123.702046,38.941865,27.8],[-123.703603,38.937361,29.0],[-123.707883,38.937314,33.0],[-123.708735,38.933647,32.4],[-123.707727,38.932003,47.8],[-123.707755,38.931404,58.4],[-123.709285,38.931236,70.8],[-123.709056,38.928857,80.0],[-123.707957,38.925092,82.4],[-123.706748,38.921015,86.4],[-123.704666,38.917413,89.8],[-123.701047,38.914363,89.0],[-123.6958,38.912257,87.6],[-123.692465,38.909839,67.4],[-123.692123,38.90502,53.8],[-123.691536,38.902624,71.2],[-123.690838,38.90116,82.8],[-123.688969,38.899897,98.2],[-123.685755,38.896849,99.8],[-123.68222,38.893845,105.4],[-123.677816,38.888489,75.6],[-123.672627,38.882188,34.2],[-123.670173,38.880182,51.2],[-123.664873,38.877092,35.4],[-123.662423,38.875048,50.2],[-123.658135,38.872076,49.8],[-123.65366,38.869537,48.0],[-123.653486,38.86517,45.4],[-123.652922,38.862027,55.2],[-123.651935,38.857615,54.0],[-123.649602,38.853753,57.4],[-123.646425,38.849448,54.0],[-123.642457,38.846646,54.6],[-123.637232,38.84457,50.2],[-123.633161,38.840858,47.4],[-123.62865,38.837745,49.6],[-123.626106,38.833742,52.4],[-123.622316,38.831913,60.6],[-123.618607,38.831049,66.8],[-123.613483,38.8287,64.6],[-123.608907,38.825685,55.6],[-123.605028,38.823162,61.6],[-123.602194,38.820241,69.0],[-123.599005,38.816983,70.6],[-123.595073,38.812871,65.4],[-123.59301,38.808656,67.4],[-123.589212,38.806813,71.4],[-123.585469,38.803535,65.6],[-123.57914,38.805655,33.8],[-123.578602,38.803387,49.6],[-123.575797,38.80221,59.0],[-123.572578,38.799406,56.6],[-123.567533,38.795413,49.4],[-123.562434,38.792376,45.4],[-123.559364,38.789968,55.8],[-123.557069,38.787582,59.2],[-123.551929,38.783703,45.0],[-123.546817,38.78108,47.2],[-123.543714,38.779474,60.0],[-123.539902,38.776875,63.8],[-123.538384,38.775173,79.4],[-123.534269,38.772456,71.6],[-123.529357,38.7671,42.2],[-123.524005,38.763266,34.4],[-123.51885,38.760017,32.0],[-123.516498,38.757956,46.6],[-123.515928,38.756069,58.6],[-123.513763,38.752036,51.6],[-123.511044,38.748983,58.2],[-123.507168,38.746974,66.4],[-123.501722,38.743834,53.2],[-123.496374,38.74208,59.0],[-123.492057,38.740351,62.4],[-123.486644,38.737943,58.4],[-123.481116,38.73433,51.2],[-123.477575,38.732451,59.4],[-123.473779,38.730216,63.0],[-123.470577,38.728482,74.6],[-123.467094,38.726719,78.8],[-123.462518,38.723373,74.6],[-123.459271,38.720007,75.2],[-123.454685,38.715455,55.8],[-123.450835,38.711943,56.4],[-123.450343,38.711422,58.6],[-123.447807,38.708793,52.6],[-123.447772,38.708756,52.4],[-123.445621,38.706098,55.8],[-123.441197,38.703648,52.8],[-123.437444,38.700574,54.6],[-123.433983,38.697471,59.8],[-123.430396,38.69542,65.6],[-123.428491,38.692246,71.8],[-123.426636,38.689163,76.2],[-123.426916,38.683858,67.6],[-123.426594,38.678613,57.2],[-123.421221,38.675972,55.8],[-123.416783,38.67294,56.4],[-123.412951,38.669978,59.0],[-123.41004,38.666727,63.0],[-123.40627,38.663218,63.0],[-123.404735,38.660098,67.6],[-123.401169,38.654961,58.2],[-123.397848,38.650158,48.4],[-123.396923,38.646384,51.0],[-123.394648,38.642968,57.6],[-123.390638,38.640177,60.8],[-123.38827,38.636183,63.2],[-123.385961,38.630712,48.2],[-123.381979,38.626097,43.2],[-123.378505,38.621678,40.2],[-123.374722,38.618163,45.0],[-123.371536,38.616558,56.0],[-123.36762,38.61485,62.8],[-123.364749,38.612675,70.6],[-123.363108,38.609184,78.2],[-123.361628,38.6063,92.2],[-123.354514,38.602832,77.2],[-123.348913,38.598575,59.2],[-123.345839,38.595318,65.8],[-123.341363,38.590616,52.0],[-123.338263,38.586026,45.8],[-123.337558,38.584057,56.0],[-123.333625,38.582633,60.2],[-123.332666,38.578423,50.0],[-123.334309,38.578311,52.6],[-123.3344,38.576411,63.0],[-123.331451,38.573315,68.2],[-123.327482,38.572877,78.6],[-123.325958,38.571559,94.6],[-123.323855,38.570236,104.0],[-123.32071,38.569035,115.0],[-123.318538,38.565124,110.8],[-123.313566,38.562864,112.0],[-123.309938,38.558528,99.0],[-123.304514,38.556508,48.4],[-123.300809,38.555285,57.4],[-123.301655,38.551512,60.6],[-123.29738,38.54745,38.6],[-123.296436,38.54598,42.8],[-123.29343,38.544945,53.2],[-123.290343,38.542511,55.0],[-123.284347,38.540313,48.6],[-123.2807,38.53819,58.8],[-123.277098,38.534566,58.6],[-123.27091,38.532323,46.4],[-123.268572,38.5308,62.2],[-123.264542,38.528479,67.4],[-123.264878,38.525276,59.2],[-123.263616,38.524576,39.0],[-123.263336,38.522746,52.4],[-123.260792,38.522264,62.8],[-123.255824,38.521187,64.8],[-123.251092,38.519106,69.8],[-123.245947,38.518379,74.4],[-123.242461,38.515785,59.4],[-123.240923,38.516106,55.6],[-123.239971,38.514831,69.2],[-123.236727,38.514237,79.0],[-123.233917,38.513174,88.6],[-123.229831,38.510367,86.6],[-123.225551,38.506878,85.8],[-123.2226,38.505592,98.0],[-123.219289,38.502199,94.0],[-123.217806,38.50109,108.8],[-123.21595,38.500901,121.8],[-123.214224,38.501322,135.4],[-123.212121,38.500501,146.4],[-123.208683,38.501032,145.2],[-123.208269,38.499733,156.8],[-123.208466,38.498296,170.6],[-123.206552,38.497936,183.8],[-123.204498,38.497488,197.0],[-123.200307,38.495344,174.0],[-123.196384,38.492604,129.4],[-123.193245,38.491195,119.2],[-123.191018,38.491222,132.2],[-123.189955,38.489831,145.6],[-123.188138,38.488929,159.0],[-123.185283,38.488228,168.2],[-123.181034,38.486187,159.8],[-123.178427,38.485011,172.0],[-123.175731,38.483318,178.8],[-123.175598,38.483214,178.4],[-123.169857,38.48136,180.6],[-123.16595,38.479202,193.2],[-123.163256,38.479032,205.0],[-123.157919,38.476252,187.8],[-123.158992,38.471211,138.8],[-123.154484,38.474977,87.8],[-123.15417,38.471048,34.8],[-123.153685,38.468156,44.0],[-123.153696,38.466549,58.6],[-123.152416,38.465432,73.4],[-123.14935,38.463574,78.8],[-123.144853,38.46116,81.4],[-123.139917,38.457517,73.6],[-123.135883,38.458436,66.8],[-123.132989,38.45528,53.8],[-123.127944,38.452382,48.6],[-123.120769,38.450799,35.4],[-123.113926,38.447933,26.6],[-123.110761,38.444178,25.0],[-123.10786,38.439645,23.6],[-123.103586,38.436648,24.4],[-123.101287,38.434152,33.2],[-123.101145,38.43186,45.6],[-123.103642,38.431814,58.0],[-123.105747,38.432038,70.6],[-123.108134,38.431945,83.8],[-123.108381,38.429695,93.2],[-123.105724,38.42529,87.0],[-123.102256,38.419277,68.4],[-123.09828,38.415477,53.0],[-123.098316,38.411187,59.0],[-123.096103,38.408056,66.2],[-123.094963,38.40235,52.0],[-123.093503,38.398373,41.0],[-123.091179,38.39446,41.2],[-123.088393,38.392798,41.6],[-123.083951,38.390584,42.0],[-123.082797,38.385475,30.4],[-123.080667,38.381709,36.0],[-123.079287,38.377554,35.6],[-123.07781,38.376202,37.4],[-123.075663,38.371983,35.4],[-123.07287,38.368924,34.4],[-123.070876,38.365398,39.6],[-123.068334,38.360516,35.2],[-123.065782,38.355454,32.4],[-123.060522,38.351326,24.8],[-123.058046,38.349039,37.0],[-123.054793,38.347611,46.4],[-123.052307,38.344681,50.4],[-123.049303,38.34138,53.0],[-123.048658,38.340901,54.8],[-123.051632,38.343774,50.6],[-123.055414,38.344357,36.6],[-123.056501,38.341794,35.0],[-123.054115,38.341099,34.8],[-123.053964,38.340397,36.0]]}},{"type":"Feature","properties":{"date":"2023-10-26","source_file":"7.gpx","dist_m":119444,"vert_up_m":1038,"vert_down_m":1008,"points":305},"geometry":{"type":"LineString","coordinates":[[-123.053587,38.340981,17.0],[-123.05545,38.341029,17.0],[-123.05521,38.340354,12.6],[-123.055813,38.338074,3.0],[-123.056476,38.337268,1.6],[-123.056454,38.336757,-0.2],[-123.056137,38.335767,-0.2],[-123.053047,38.335308,1.4],[-123.04958,38.335465,2.8],[-123.048946,38.334388,16.8],[-123.046931,38.331054,7.8],[-123.043167,38.328418,7.4],[-123.039774,38.325787,4.6],[-123.037561,38.32346,10.4],[-123.033825,38.319609,5.2],[-123.030735,38.317762,11.0],[-123.026025,38.31831,7.0],[-123.022257,38.318973,15.0],[-123.018702,38.31838,19.4],[-123.014897,38.318999,23.4],[-123.013109,38.321081,33.2],[-123.012182,38.323365,41.2],[-123.008701,38.32585,44.2],[-123.005099,38.326727,49.4],[-123.000921,38.32726,52.4],[-122.997163,38.329546,56.6],[-122.994732,38.33207,63.8],[-122.993162,38.334568,72.4],[-122.990631,38.335486,85.4],[-122.987388,38.33683,84.4],[-122.979677,38.337359,55.4],[-122.97435,38.335963,48.6],[-122.972692,38.334224,61.2],[-122.969471,38.333233,66.8],[-122.966614,38.3323,71.0],[-122.959314,38.329583,24.8],[-122.955761,38.328231,38.4],[-122.950352,38.326659,22.0],[-122.94831,38.326279,35.2],[-122.946503,38.325957,46.6],[-122.944555,38.325645,56.4],[-122.937922,38.325576,22.4],[-122.9315,38.325063,8.4],[-122.927889,38.322845,5.4],[-122.927003,38.31935,6.2],[-122.923465,38.317663,5.8],[-122.918355,38.319494,-2.0],[-122.913625,38.321412,-2.2],[-122.90838,38.320986,-2.0],[-122.904667,38.319656,6.2],[-122.901016,38.318372,9.2],[-122.895799,38.31608,4.8],[-122.891743,38.314532,2.8],[-122.886514,38.313332,4.2],[-122.881667,38.313336,7.8],[-122.876096,38.313366,6.8],[-122.871145,38.313393,11.0],[-122.865429,38.312908,7.8],[-122.860692,38.311057,10.4],[-122.855638,38.310549,10.0],[-122.850029,38.310051,10.6],[-122.847281,38.308864,22.6],[-122.843609,38.307166,24.2],[-122.838154,38.304641,14.0],[-122.833046,38.302364,13.8],[-122.832878,38.29979,21.4],[-122.832901,38.29816,34.0],[-122.832901,38.296184,41.2],[-122.832947,38.294823,53.2],[-122.832979,38.293632,68.6],[-122.833867,38.292787,83.8],[-122.835021,38.291041,83.8],[-122.837295,38.2861,46.2],[-122.839501,38.281408,29.2],[-122.841001,38.278077,27.8],[-122.842607,38.27439,18.2],[-122.843456,38.270688,15.0],[-122.844217,38.267093,14.0],[-122.839414,38.265979,12.2],[-122.838159,38.262843,11.2],[-122.838342,38.260451,17.0],[-122.838563,38.256984,20.6],[-122.838652,38.255355,32.4],[-122.837946,38.253349,34.2],[-122.830851,38.254394,13.2],[-122.825688,38.254742,14.6],[-122.820751,38.255096,15.2],[-122.816721,38.255561,16.8],[-122.814492,38.252563,17.8],[-122.813417,38.250022,26.2],[-122.811557,38.246951,31.8],[-122.811325,38.243773,40.6],[-122.810817,38.241141,49.2],[-122.81029,38.23908,60.2],[-122.810533,38.236341,68.6],[-122.811832,38.234167,81.4],[-122.813668,38.233127,91.6],[-122.816804,38.228755,69.4],[-122.819201,38.223735,54.4],[-122.818008,38.219507,54.4],[-122.815056,38.216102,53.6],[-122.810926,38.213487,46.0],[-122.80662,38.213547,53.6],[-122.801634,38.212015,52.8],[-122.797375,38.210731,57.2],[-122.792661,38.209513,59.4],[-122.787669,38.207842,59.6],[-122.784083,38.204864,61.4],[-122.779701,38.202205,61.2],[-122.775732,38.203357,63.6],[-122.771263,38.206324,65.4],[-122.765848,38.206712,65.2],[-122.760234,38.205794,64.4],[-122.754522,38.20577,66.6],[-122.749378,38.205464,67.6],[-122.74565,38.203599,73.6],[-122.740467,38.203853,74.0],[-122.734647,38.203461,72.8],[-122.728615,38.201838,71.4],[-122.723409,38.201092,74.8],[-122.716909,38.200605,69.0],[-122.711869,38.197726,67.0],[-122.708612,38.19472,63.8],[-122.711914,38.192534,71.4],[-122.714929,38.19071,77.4],[-122.718043,38.189117,85.2],[-122.721017,38.187574,92.0],[-122.721138,38.185793,104.8],[-122.721799,38.184579,117.6],[-122.723254,38.183984,132.4],[-122.724214,38.183075,147.6],[-122.724605,38.181815,161.0],[-122.725092,38.180642,175.6],[-122.72591,38.179639,190.4],[-122.726685,38.178566,203.4],[-122.725942,38.177364,215.8],[-122.725945,38.176098,221.8],[-122.727447,38.172571,191.8],[-122.731162,38.167536,123.8],[-122.726411,38.168077,125.2],[-122.722668,38.169373,130.6],[-122.719175,38.168782,139.2],[-122.715722,38.167631,145.2],[-122.714351,38.166007,161.6],[-122.712797,38.16159,142.8],[-122.716057,38.156295,122.0],[-122.711132,38.15236,113.2],[-122.706466,38.15056,113.0],[-122.702684,38.148946,120.0],[-122.704627,38.144837,118.2],[-122.706944,38.139954,110.0],[-122.709397,38.136476,112.8],[-122.711938,38.132717,117.2],[-122.713451,38.128918,119.8],[-122.714841,38.125873,125.6],[-122.716192,38.122651,132.2],[-122.713884,38.119171,132.8],[-122.714699,38.116201,143.2],[-122.715347,38.113821,152.0],[-122.719045,38.112777,155.8],[-122.726241,38.106683,76.2],[-122.731023,38.10084,58.8],[-122.733087,38.09625,45.2],[-122.731531,38.092649,49.4],[-122.72882,38.08933,48.6],[-122.723656,38.08686,46.6],[-122.720841,38.083264,51.6],[-122.716844,38.081156,57.2],[-122.713007,38.079634,62.6],[-122.707757,38.076619,47.0],[-122.7053,38.071974,46.8],[-122.703158,38.067784,48.0],[-122.700905,38.063937,48.4],[-122.698336,38.06089,52.2],[-122.69603,38.058178,57.8],[-122.693543,38.054935,60.2],[-122.69231,38.051023,62.8],[-122.690912,38.047532,71.2],[-122.689617,38.044916,79.0],[-122.687575,38.042546,84.8],[-122.684598,38.041878,93.4],[-122.682863,38.039187,98.2],[-122.680663,38.0373,109.2],[-122.678786,38.036027,122.4],[-122.677539,38.034892,135.6],[-122.672374,38.033235,114.2],[-122.669387,38.029994,123.2],[-122.667194,38.027869,131.6],[-122.666074,38.02632,144.6],[-122.664691,38.025287,157.8],[-122.664551,38.023795,172.4],[-122.660718,38.022896,151.2],[-122.663855,38.016677,117.4],[-122.661325,38.014527,103.4],[-122.656996,38.01466,109.8],[-122.652358,38.014813,113.4],[-122.647909,38.014941,120.0],[-122.642996,38.015486,121.8],[-122.637822,38.015972,125.4],[-122.633516,38.014722,131.0],[-122.630415,38.012842,137.4],[-122.627623,38.011146,147.8],[-122.625183,38.010744,157.2],[-122.623033,38.011704,170.8],[-122.620725,38.01131,186.2],[-122.615666,38.006781,126.2],[-122.607904,38.000488,69.8],[-122.600373,37.999017,59.8],[-122.595957,37.995228,50.8],[-122.592063,37.990754,47.0],[-122.589548,37.987236,37.0],[-122.584962,37.986458,33.8],[-122.579759,37.983888,28.8],[-122.575468,37.981287,26.0],[-122.570138,37.978474,20.2],[-122.564318,37.976951,15.4],[-122.562537,37.974754,14.4],[-122.561995,37.972497,12.8],[-122.561764,37.969038,10.8],[-122.56054,37.965483,11.0],[-122.558755,37.961804,7.6],[-122.555176,37.959721,5.0],[-122.552727,37.955284,3.4],[-122.550086,37.951231,3.0],[-122.54882,37.9536,3.8],[-122.545801,37.953323,3.8],[-122.545843,37.95274,4.8],[-122.544547,37.949954,4.0],[-122.540476,37.94784,4.0],[-122.53783,37.945118,4.8],[-122.540256,37.943219,4.4],[-122.537162,37.940187,4.8],[-122.532438,37.938168,4.4],[-122.526393,37.938075,4.0],[-122.522012,37.937661,2.8],[-122.520865,37.935282,3.8],[-122.520694,37.932975,3.0],[-122.520338,37.930082,1.8],[-122.520711,37.926404,1.6],[-122.518654,37.924655,2.8],[-122.514711,37.923401,3.4],[-122.513431,37.921823,16.4],[-122.513135,37.920275,28.4],[-122.513528,37.918364,36.4],[-122.515293,37.916022,41.4],[-122.512993,37.913951,46.8],[-122.513423,37.91094,48.0],[-122.516039,37.907653,24.6],[-122.521036,37.907334,14.0],[-122.525835,37.907204,12.4],[-122.526871,37.902964,7.0],[-122.526589,37.899313,1.4],[-122.526053,37.896004,0.6],[-122.525381,37.892016,1.0],[-122.524522,37.887519,0.6],[-122.520678,37.884062,1.2],[-122.516843,37.88113,0.6],[-122.513772,37.87874,0.4],[-122.510278,37.876058,1.0],[-122.50649,37.873185,0.8],[-122.505734,37.872753,1.8],[-122.506215,37.873329,2.4],[-122.506084,37.87315,2.6],[-122.504346,37.871448,3.4],[-122.501917,37.867736,3.8],[-122.498896,37.864897,10.4],[-122.495219,37.862313,10.8],[-122.490178,37.861493,4.8],[-122.48418,37.858795,2.8],[-122.479504,37.855764,4.4],[-122.479318,37.850982,3.4],[-122.480814,37.848299,10.4],[-122.479326,37.846974,21.0],[-122.477959,37.845079,35.0],[-122.4782,37.842538,48.2],[-122.477849,37.840586,62.6],[-122.481713,37.839869,60.2],[-122.483078,37.837418,72.8],[-122.483813,37.835971,84.4],[-122.482033,37.833299,78.8],[-122.479533,37.832471,78.2],[-122.479975,37.831445,74.2],[-122.479308,37.827157,72.0],[-122.478963,37.823974,79.6],[-122.478453,37.819801,83.4],[-122.477872,37.814925,78.6],[-122.477692,37.813484,75.8],[-122.477164,37.809274,62.8],[-122.47559,37.806992,50.8],[-122.476336,37.805044,65.6],[-122.476032,37.803361,77.2],[-122.477603,37.801212,87.0],[-122.479562,37.796213,58.0],[-122.482282,37.788883,21.0],[-122.485298,37.787304,34.0],[-122.485191,37.785401,44.6],[-122.484984,37.782038,43.0],[-122.484688,37.778443,48.6],[-122.484613,37.77636,61.8],[-122.484291,37.773011,53.4],[-122.482161,37.771819,62.6],[-122.47993,37.770457,70.4],[-122.47938,37.767104,64.8],[-122.477263,37.764211,68.0],[-122.47719,37.76487,68.4]]}}]}